"ML#","MLS","Status","Original List Price","List Price","Current Price","Sale Price","Closing Date","Pending Date","Off Market Date","Expiration Date","Status Change Date","CDOM (Days on Market)","DOM","SqFt Liv Area","Main Living Area","#Beds","#FBaths","#HBaths","Address Line","Subdivision/Complex/Bldg.","Restrictions","Furnished Info (List)","Occupancy Information","Minimum # of Days for Lease","REO","Short Sale","Terms Considered","Complex Name","Zip Code","Year Built","Association Fee","Maintenance Charge/Month","Waterfront Property (Y/N)","Total Floors In Building","Unit Floor Location","Last Status","Unit Number","Waterfront Description","Amenities","Tax Amount","Special Assessment YN","Special Information","Type of Association","Property Type","Unit View","Parking Description","List Date"
"A12059276","Southeast Florida Regional","Active","80000000","80000000","80000000","","","","","","2026-07-24 16:56:00","7","7","5011","","4","4","2","2901 Collins Ave #1602, MIAMIBCH FL 33140","The Edition","Other Restrictions","","Vacant","180","False","False","All Cash, Conventional","The Edition","33140","2014","0","","True","18","16","","1602","Ocean Front","Community Room, Elevator, Exercise Room, Exterior Lighting, Pool, Private Pool","227253","False","As Is","Condo","Condo/Co-Op/Villa/Townhouse","Ocean View, Direct Ocean, Skyline View","2 Or More Spaces",""
"A12053056","Southeast Florida Regional","Active","22000000","22000000","22000000","","","","","","2026-07-15 09:58:28","16","16","4717","","3","3","0","100 S Pointe Dr #2905, MIAMIBCH FL 33139","CONTINUUM ON SOUTH BEACH","Ok To Lease","","Call Listing Agent","180","False","False","All Cash, Conventional","CONTINUUM ON SOUTH BEACH","33139","2002","0","","True","42","29","","2905","Ocean Front","Bar, Business Center, Child Play Area, Clubhouse-Clubroom, Community Room, Exercise Room, Other Amenities, Pool, Private Beach Pavilion, Private Pool, Sauna, Spa/Hot Tub, Tennis","139510","False","As Is","Condo","Condo/Co-Op/Villa/Townhouse","Ocean View, Direct Ocean, Skyline View","2 Or More Spaces, Assigned Parking, Covered Parking",""
"A12042704","Southeast Florida Regional","Active","18000000","18000000","18000000","","","","","","2026-07-02 16:14:45","185","29","6740","","5","7","1","18501 Collins Ave #4003-04, SUNNYISL FL 33160","TURBNBERRY OCEAN CLUB","Ok To Lease, Okay To Lease 1st Year","Unfurnished","Call Listing Agent","180","False","False","All Cash, Conventional","TURBNBERRY OCEAN CLUB","33160","2020","11963","","True","54","40","","4003-04","Ocean Access, Ocean Front","Bar, Bbq/Picnic Area, Bike Storage, Billiard Room, Business Center, Cabana, Clubhouse-Clubroom, Exercise Room, Heated Pool, Other Amenities, Pool, Sauna, Spa/Hot Tub","0","False","As Is","Condo","Condo/Co-Op/Villa/Townhouse","Intracoastal View, Ocean View, Direct Ocean, Skyline View","2 Or More Spaces, Covered Parking",""
"A12056554","Southeast Florida Regional","Active","15500000","15500000","15500000","","","","","","2026-07-20 14:00:51","97","11","6121","Entry Level","4","5","1","18555 Collins Ave #5201, SUNNYISL FL 33160","Porsche Design Tower","Ok To Lease, Okay To Lease 1st Year, See Broker Remarks","Furnished","Call Listing Agent","180","False","False","All Cash, Conventional, Cryptocurrency, FHA-Va Approved","Porsche Design Tower","33160","2016","13914","","True","60","52","","5201","Bay Front, Ocean Access, Ocean Front, Other Waterfront","Bar, Elevator, Exercise Room, Other Amenities, Pool, Private Pool, Sauna, Spa/Hot Tub, Trash Chute","188176","False","Completely Renovated","Condo","Condo/Co-Op/Villa/Townhouse","Bay, Ocean View, Direct Ocean","2 Or More Spaces, Deeded Parking, Valet Parking",""
"A12044099","Southeast Florida Regional","Active","14800000","14800000","14800000","","","","","","2026-07-02 00:00:00","299","29","7789","","6","6","1","5959 Collins Ave #1804/1805, MIAMIBCH FL 33140","THE RESIDENCES AT THE BAT","Ok To Lease","","Call Listing Agent","180","False","False","All Cash, Conventional","THE RESIDENCES AT THE BAT","33140","2005","17517","","True","20","18","","1804/1805","Ocean Access, Ocean Front","Bike Storage, Community Room, Exercise Room, Heated Pool, Other Membership Available, Pool, Tennis","83572","False","As Is","Condo","Condo/Co-Op/Villa/Townhouse","Intracoastal View, Ocean View, Direct Ocean, Skyline View","2 Or More Spaces, Assigned Parking, Covered Parking, Valet Parking",""
"A12051421","Southeast Florida Regional","Active","13500000","13500000","13500000","","","","","","2026-07-11 09:44:48","20","20","3402","","3","3","1","1425 Brickell Ave #PH3AB, MIAMI FL 33131","FOUR SEASONS","No Daily Rentals","","Call Listing Agent","180","False","False","All Cash, Conventional","FOUR SEASONS","33131","2008","6000","","False","70","69","","PH3AB","","Bar, Business Center, Cabana, Elevator, Exercise Room, Extra Storage, Other Amenities","47000","False","As Is","Condo","Condo/Co-Op/Villa/Townhouse","Bay, Ocean View, Water View","2 Or More Spaces",""
"A12046360","Southeast Florida Regional","Active","12200000","12200000","12200000","","","","","","2026-07-06 10:44:35","30","30","3581","","3","3","1","7042 Fisher Island Dr #7042, MIAMIBCH FL 33109","PALAZZO DEL SOL/DELLA LUN","Other Restrictions","","Call Listing Agent","365","False","False","All Cash, Conventional","PALAZZO DEL SOL/DELLA LUN","33109","2016","7984","7984","True","10","4","","7042","Bay Front, Intracoastal Front","Bbq/Picnic Area, Bike/Jog Path, Business Center, Child Play Area, Clubhouse-Clubroom, Courtesy Bus, Elevator, Exercise Room, Golf Equity Available, Other Amenities, Pool, Tennis","103334","False","As Is","Condo","Condo/Co-Op/Villa/Townhouse","Bay, Intracoastal View, Other View","2 Or More Spaces, Covered Parking",""
"A12057418","Southeast Florida Regional","Active","11000000","11000000","11000000","","","","","","2026-07-22 11:58:35","9","9","3365","Entry Level","3","3","1","1000 S Pointe Dr #2501, MIAMIBCH FL 33139","Murano at Portofino","Ok To Lease","","Vacant","90","False","False","All Cash, Conventional","Murano at Portofino","33139","2002","5345","","True","37","25","","2501","Bay Front","Clubhouse-Clubroom, Exercise Room, Spa/Hot Tub, Tennis","119527","False","As Is","Condo","Condo/Co-Op/Villa/Townhouse","Bay, Ocean View, Water View","1 Space, Covered Parking, Valet Parking",""
"A12042485","Southeast Florida Regional","Active","10875000","10875000","10875000","","","","","","2026-07-06 09:58:52","378","25","3186","","3","3","1","500 Alton Rd #4401, MIAMIBCH FL 33139","FIVE PARK MIAMI BEACH","Ok To Lease","Unfurnished","Owner Occupied","180","False","False","All Cash, Conventional","FIVE PARK MIAMI BEACH","33139","2024","8526","","False","48","44","","4401","","Bar, Bike Storage, Business Center, Cabana, Child Play Area, Clubhouse-Clubroom, Elevator, Exercise Room, Heated Pool, Library, Pool, Sauna, Spa/Hot Tub, Trash Chute","106624","False","Completely Renovated","Condo","Condo/Co-Op/Villa/Townhouse","Bay, Ocean View, Skyline View","2 Or More Spaces, Assigned Parking, Covered Parking",""
"A12054364","Southeast Florida Regional","Active","10200000","10200000","10200000","","","","","","2026-07-16 13:01:06","15","15","4725","","5","5","1","175 SE 25th Rd #PH-4001, MIAMI FL 33129","UNA RESIDENCES","No Daily Rentals","","Call Listing Agent","180","False","False","All Cash, Conventional","UNA RESIDENCES","33129","2026","8100","","True","47","40","","PH-4001","Bay Front","Child Play Area, Clubhouse-Clubroom, Elevator, Exercise Room, Heated Pool, Other Amenities, Pool, Sauna, Spa/Hot Tub, Trash Chute","0","False","As Is","Condo","Condo/Co-Op/Villa/Townhouse","Other View, Skyline View, Water View","2 Or More Spaces, Assigned Parking",""
"A12053718","Southeast Florida Regional","Active","9985000","9985000","9985000","","","","","","2026-07-15 14:27:36","17","17","2975","","4","4","1","3995 N Miami Avenue #2101, MIAMI FL 33137","Fouquet's","Ok To Lease, Renting Limited","","Vacant","180","False","False","All Cash","Fouquet's","33137","2030","6441","","False","26","21","","2101","","Bar, Bike Storage, Business Center, Clubhouse-Clubroom, Elevator, Exercise Room, Extra Storage, Heated Pool, Kitchen Facilities, Sauna, Spa/Hot Tub, Trash Chute","0","False","As Is","Condo","Condo/Co-Op/Villa/Townhouse","Other View","Assigned Parking, Covered Parking, Valet Parking",""
"A12052216","Southeast Florida Regional","Active","9250000","9250000","9250000","","","","","","2026-07-12 09:53:13","230","19","4021","","4","5","1","17975 Collins Ave #N-3502, SUNNYISL FL 33160","ESTATES OF ACQUALINA","Ok To Lease, Other Restrictions","Part Furn","Call Listing Agent","180","False","False","All Cash, Conventional","ESTATES OF ACQUALINA","33160","2023","9379","","True","50","35","","N-3502","Ocean Front","Bar, Billiard Room, Business Center, Child Play Area, Elevator, Exercise Room, Pool, Private Beach Pavilion","113321","False","As Is, Other Special Info","Condo","Condo/Co-Op/Villa/Townhouse","Direct Ocean","2 Or More Spaces",""
"A12054224","Southeast Florida Regional","Active","8995000","8995000","8995000","","","","","","2026-07-16 12:55:00","475","15","3555","","4","4","1","2678 Tigertail Ave #PH1, MIAMI FL 33133","Mr. C Residences","No Restrictions","Unfurnished","Tenant Occupied","180","False","False","All Cash, Conventional","Mr. C Residences","33133","2024","7501","1136","True","21","21","","PH1","Bay Front","Bar, Bike Storage, Billiard Room, Business Center, Child Play Area, Exercise Room, Extra Storage, Heated Pool, Library, Pool, Sauna, Spa/Hot Tub, Trash Chute, Vehicle Wash Area","0","False","As Is","Condo","Condo/Co-Op/Villa/Townhouse","Bay","2 Or More Spaces, Covered Parking, Deeded Parking, Guest Parking, Parking-Under Building, Valet Parking",""
"A12051684","Southeast Florida Regional","Active","8975000","8975000","8975000","","","","","","2026-07-15 14:44:04","16","16","3247","","4","4","1","2811 S Bayshore Dr #6A, MIAMI FL 33133","ONE PARK GROVE","Other Restrictions","Unfurnished","Call Listing Agent","180","False","False","All Cash, Conventional","ONE PARK GROVE","33133","2020","4211","3384","False","23","6","","6A","","Bike/Jog Path, Business Center, Elevator, Exercise Room, Library, Pool","79152","False","None","Condo","Condo/Co-Op/Villa/Townhouse","Bay","2 Or More Spaces, Valet Parking",""
"B26056195","Beaches MLS","Active","7695000","7695000","7695000","","","","","","2026-07-24 17:10:42","6","6","5010","","5","5","1","700 NE 24th Street #PH 6003, Miami FL 33137","","Assoc Approval Required","Unfurnished","","","False","","All Cash, Conventional","","33137","2025","5184","","True","62","62","","PH 6003","Ocean Access","Basketball Courts, Business Center, Cabana, Clubhouse, Clubhouse-Clubroom, Community Pool, Exercise Room, Pool, Private Pool, Sauna, Spa/Hot Tub, Tennis","16450","False","","Condo","Condo/Co-Op/Villa/Townhouse","","2 Or More Spaces, Assigned Parking, Awning, Covered Parking, Parking Garage",""
"A12042352","Southeast Florida Regional","Active","7500000","7500000","7500000","","","","","","2026-07-15 12:59:48","17","17","2693","","4","4","1","20 NE 11th St #6003, MIAMI FL 33132","E11even Residences","No Restrictions, Ok To Lease","Furnished","Vacant","1","False","False","All Cash, Conventional, Lease Option","E11even Residences","33132","2026","5204","","False","64","60","","6003","","Bar, Business Center, Cabana, Elevator, Exercise Room, Heated Pool, Pool, Sauna, Trash Chute","75150","False","As Is, None","Condo","Condo/Co-Op/Villa/Townhouse","Bay, Ocean View, Skyline View","2 Or More Spaces, Valet Parking",""
"A12047454","Southeast Florida Regional","Active","7495000","7495000","7495000","","","","","","2026-07-07 09:55:39","24","24","4600","","4","5","1","1000 Biscayne Blvd #4401, MIAMI FL 33132","ONE THOUSAND MUSEUM","Ok To Lease, Okay To Lease 1st Year","","Vacant","180","False","False","All Cash, Conventional","ONE THOUSAND MUSEUM","33132","2019","9253","","True","62","44","","4401","Bay Front","Business Center, Community Room, Elevator, Exercise Room, Pool, Sauna, Spa/Hot Tub, Trash Chute","115538","False","As Is","Condo","Condo/Co-Op/Villa/Townhouse","Ocean View, Skyline View, Water View","Covered Parking, Valet Parking",""
"A12046731","Southeast Florida Regional","Active","7000000","7000000","7000000","","","","","","2026-07-01 16:39:36","395","30","6834","","5","7","0","700 NE 26th Ter #PH-02, MIAMI FL 33137","Missoni Baia","Other Restrictions","Furn For Sale","Vacant","180","False","False","All Cash, Conventional","Missoni Baia","33137","2023","11054","","True","57","5657","","PH-02","Bay Front","Bbq/Picnic Area, Child Play Area, Clubhouse-Clubroom, Elevator, Exercise Room, Heated Pool, Pool, Sauna, Spa/Hot Tub, Tennis, Trash Chute","122203","False","Completely Renovated","Condo","Condo/Co-Op/Villa/Townhouse","Bay, Water View","2 Or More Spaces, Assigned Parking, Covered Parking",""
"A12049649","Southeast Florida Regional","Active","6998200","6998200","6998200","","","","","","2026-07-08 12:21:58","23","23","3247","","4","4","1","7940 West Drive #1501, MIAMI FL 33141","Pagani Residences","Daily Rentals Allowed","","Call Listing Agent","180","False","False","All Cash, Conventional","Pagani Residences","33141","2028","5682","5682","False","30","15","","1501","Bay Front","Bbq/Picnic Area, Business Center, Community Room, Elevator, Exercise Room, Library, Pool, Sauna, Spa/Hot Tub","0","False","As Is","Condo","Condo/Co-Op/Villa/Townhouse","Bay, Other View, Water View","1 Space, Valet Parking",""
"A12046092","Southeast Florida Regional","Active","6950000","6950000","6950000","","","","","","2026-07-01 19:25:12","30","30","2800","","3","3","1","2301 Collins Ave #440-443, MIAMIBCH FL 33139","Roney Palace","Corporate Buyer OK, No Daily Rentals, Ok To Lease, Okay To Lease 1st Year","","Call Listing Agent","30","False","False","All Cash, Conventional","Roney Palace","33139","1926","6075","","True","18","4","","440-443","Ocean Access, Ocean Front","Bar, Bike Storage, Cabana, Common Laundry, Elevator, Exercise Room, Exterior Lighting, Heated Pool, Pool, Spa/Hot Tub, Trash Chute","41220","True","As Is, Completely Renovated, Documents Available","Condo","Condo/Co-Op/Villa/Townhouse","Ocean View, Direct Ocean, Pool Area View","2 Or More Spaces, Covered Parking, Guest Parking, Valet Parking",""
"A12048887","Southeast Florida Regional","Active","6950000","6950000","6950000","","","","","","2026-07-10 13:46:25","25","25","2503","","3","3","1","5 Grove Isle Dr #L404, COCOGROV FL 33133","VITA AT GROVE ISLE","Other Restrictions","","Vacant","365","False","False","All Cash, Conventional","VITA AT GROVE ISLE","33133","2025","4367","","True","7","4","","L404","Bay Front, Ocean Front","Pool","0","False","As Is","Condo","Condo/Co-Op/Villa/Townhouse","Bay, Water View","2 Or More Spaces, Assigned Parking, Covered Parking",""
"A12044871","Southeast Florida Regional","Active","6799000","6799000","6799000","","","","","","2026-07-01 15:58:17","30","30","2930","","3","3","1","501 West Ave #4102, MIAMIBCH FL 33139","Five Park Miami Beach","Ok To Lease","","Vacant","180","False","False","All Cash, Conventional","Five Park Miami Beach","33139","2024","0","","True","48","41","","4102","Bay Front","Bbq/Picnic Area, Business Center, Child Play Area, Exercise Room, Heated Pool, Pool, Sauna, Spa/Hot Tub","0","False","None","Condo","Condo/Co-Op/Villa/Townhouse","Bay, Ocean View, Skyline View","2 Or More Spaces, Assigned Parking",""
"A12060636","Southeast Florida Regional","Active","6450000","6450000","6450000","","","","","","2026-07-31 10:55:05","129","0","3080","","3","4","1","15701 Collins Ave #4701, SUNNYISL FL 33160","Ritz Carlton Residences","Corporate Buyer OK, No Daily Rentals, Ok To Lease","Furnished","Vacant","180","False","False","All Cash, Conventional","Ritz Carlton Residences","33160","2020","5120","","True","52","47","","4701","Ocean Front","Bar, Business Center, Cabana, Child Play Area, Community Room, Elevator, Exercise Room, Exterior Lighting, Kitchen Facilities, Pool, Sauna, Spa/Hot Tub, Trash Chute","69779","False","Disclosure, Structural Integrity Reserve Study","Condo","Condo/Co-Op/Villa/Townhouse","Intracoastal View, Ocean View, Direct Ocean","2 Or More Spaces, Covered Parking, Valet Parking",""
"A12057237","Southeast Florida Regional","Active","6250000","6250000","6250000","","","","","","2026-07-24 17:56:25","9","9","4549","Entry Level","6","6","1","3131 NE 7th Ave #PH4901, MIAMI FL 33137","One Paraiso","No Daily Rentals, Ok To Lease, Okay To Lease 1st Year","Furnished","Call Listing Agent","30","False","False","All Cash, Conventional","One Paraiso","33137","2018","6366","","True","53","49","","PH4901","Bay Front, Intracoastal Front, Ocean Access","Bar, Basketball Courts, Bbq/Picnic Area, Bike Storage, Billiard Room, Business Center, Child Play Area, Exercise Room, Extra Storage, Heated Pool, Sauna, Spa/Hot Tub, Tennis","65484","False","Other Special Info","Condo","Condo/Co-Op/Villa/Townhouse","Bay, Ocean View, Skyline View","2 Or More Spaces, Deeded Parking, Valet Parking",""
"A12054182","Southeast Florida Regional","Active","6050000","6050000","6050000","","","","","","2026-07-16 13:40:14","15","15","2743","","4","4","1","175 SE 25th Rd #2701, MIAMI FL 33129","UNA RESIDENCES","Ok To Lease","Unfurnished","Vacant","180","False","False","All Cash, Conventional","UNA RESIDENCES","33129","2026","4679","","True","47","27","","2701","Bay Front","Bar, Child Play Area, Clubhouse-Clubroom, Elevator, Exercise Room, Other Amenities, Pool, Private Pool","0","False","As Is","Condo","Condo/Co-Op/Villa/Townhouse","Bay, Other View","2 Or More Spaces, Assigned Parking, Valet Parking",""
"A12059008","Southeast Florida Regional","Active","5900000","5900000","5900000","","","","","","2026-07-30 12:54:09","1","1","4000","","3","3","1","3535 Hiawatha Ave #504, MIAMI FL 33133","RESIDENCES AT VIZCAYA","Ok To Lease","Unfurnished","Call Listing Agent","365","False","False","All Cash, Conventional","RESIDENCES AT VIZCAYA","33133","2011","0","6443","True","7","5","","504","Bay Front, Ocean Access","Bbq/Picnic Area, Community Room, Elevator, Exterior Lighting, Other Amenities, Pool","75086","False","As Is","Condo","Condo/Co-Op/Villa/Townhouse","Bay, Ocean View","2 Or More Spaces, Assigned Parking, Covered Parking, Other Parking",""
"A12055974","Southeast Florida Regional","Active","5799900","5799900","5799900","","","","","","2026-07-18 13:06:25","13","13","3115","Entry Level","4","4","1","88 SW 7th St #PH 4303, MIAMI FL 33130","RISE BRICKELL CITY CENTER","No Trucks/Rv'S, Other Restrictions","Unfurnished","Owner Occupied","365","False","False","All Cash, Conventional, Other Terms","RISE BRICKELL CITY CENTER","33130","2016","5231","","False","43","43","","PH 4303","","Bbq/Picnic Area, Billiard Room, Business Center, Cabana, Child Play Area, Clubhouse-Clubroom, Elevator, Exercise Room, Exterior Lighting, Heated Pool, Pool","78709","False","As Is","Condo","Condo/Co-Op/Villa/Townhouse","Bay, Other View, Skyline View","2 Or More Spaces, Valet Parking",""
"A12053713","Southeast Florida Regional","Active","5780000","5780000","5780000","","","","","","2026-07-15 12:13:37","17","17","2102","","3","3","1","39 NE 39th Street #2103, MIAMI FL 33137","Fouquet's","Ok To Lease, Renting Limited","","Vacant","180","False","False","All Cash","Fouquet's","33137","2030","5358","","False","26","21","","2103","","Bar, Bike Storage, Business Center, Clubhouse-Clubroom, Elevator, Exercise Room, Extra Storage, Heated Pool, Kitchen Facilities, Sauna, Spa/Hot Tub, Trash Chute","0","False","As Is","Condo","Condo/Co-Op/Villa/Townhouse","Other View","Assigned Parking, Covered Parking, Valet Parking",""
"A12051110","Southeast Florida Regional","Active","5250000","5250000","5250000","","","","","","2026-07-14 10:58:31","304","17","3140","","3","3","1","4701 N Meridian Ave #421, MIAMIBCH FL 33140","Ritz Carlton Residences","Other Restrictions","","Call Listing Agent","180","False","False","All Cash","Ritz Carlton Residences","33140","2019","6440","","True","8","4","","421","Ocean Access, Other Waterfront","Bar, Bike Storage, Bike/Jog Path, Boat Dock, Clubhouse-Clubroom, Community Room, Elevator, Exercise Room, Heated Pool, Library, Pool, Private Pool, Sauna, Spa/Hot Tub","75697","False","As Is","Condo","Condo/Co-Op/Villa/Townhouse","Ocean View, Skyline View, Water View","2 Or More Spaces, Covered Parking, Electric Vehicle Charging Station, Guest Parking, Valet Parking",""
"A12060972","Southeast Florida Regional","Active","5200000","5200000","5200000","","","","","","2026-07-28 10:20:16","172","3","2512","","3","3","1","500 Alton Rd #2105, MIAMIBCH FL 33139","FIVE PARK","Ok To Lease","Furnished","Call Listing Agent","180","False","False","All Cash, Conventional","FIVE PARK","33139","2025","5750","","True","48","21","","2105","Bay Front","Business Center, Cabana, Clubhouse-Clubroom, Elevator, Exercise Room, Heated Pool, Other Amenities, Sauna, Spa/Hot Tub","73702","False","As Is","Condo","Condo/Co-Op/Villa/Townhouse","Intracoastal View, Ocean View","2 Or More Spaces, Assigned Parking",""
"A12048462","Southeast Florida Regional","Active","5000000","5000000","5000000","","","","","","2026-07-06 10:23:22","1129","25","3357","","4","4","0","1425 Brickell Ave #42E, MIAMI FL 33131","MILLENNIUM TOWER RESIDENC","Ok To Lease","Furnished","Call Listing Agent","180","False","False","All Cash, Conventional","MILLENNIUM TOWER RESIDENC","33131","2003","4218","","True","70","42","","42E","Bay Front","Business Center, Clubhouse-Clubroom, Elevator, Exercise Room, Extra Storage, Pool, Private Pool","76675","","As Is","Homeowners","Condo/Co-Op/Villa/Townhouse","Bay, Ocean View","1 Space, Assigned Parking, Covered Parking",""
"A12051176","Southeast Florida Regional","Active","4850000","4850000","4850000","","","","","","2026-07-10 10:23:21","490","23","2744","","3","3","1","2124 Fisher Island Dr #2124, MIAMIBCH FL 33109","Bayside East","Ok To Lease","","Vacant","365","False","False","All Cash, Conventional","Bayside East","33109","1988","5166","","True","4","2","","2124","Bay Front","Basketball Courts, Bbq/Picnic Area, Bike/Jog Path, Boat Dock, Clubhouse-Clubroom, Exercise Room, Pickleball, Private Pool, Tennis","42932","True","As Is","Condo","Condo/Co-Op/Villa/Townhouse","Bay, Intracoastal View, Ocean View","2 Or More Spaces",""
"A12048928","Southeast Florida Regional","Active","4773000","4773000","4773000","","","","","","2026-07-07 10:47:07","25","25","2892","","4","4","1","3501 NE 1st Ave #3301, MIAMI FL 33137","Jean Georges Miami Tropic","Okay To Lease 1st Year","Unfurnished","Call Listing Agent","90","False","False","All Cash","Jean Georges Miami Tropic","33137","2029","5726","","False","49","33","","3301","","Bar, Bike Storage, Business Center, Cabana, Child Play Area, Clubhouse-Clubroom, Community Room, Elevator, Exercise Room, Heated Pool, Library, Other Amenities, Sauna, Spa/Hot Tub","0","False","None","Condo","Condo/Co-Op/Villa/Townhouse","Bay, Intracoastal View, Direct Ocean","2 Or More Spaces, Assigned Parking, Valet Parking",""
"A12054982","Southeast Florida Regional","Active","4770000","4770000","4770000","","","","","","2026-07-21 08:53:14","10","10","2168","","2","2","0","5875 Collins Ave #401, MIAMIBCH FL 33140","Mei Condo","Ok To Lease","","Tenant Occupied","180","False","False","All Cash, Conventional","Mei Condo","33140","2008","0","","True","22","4","","401","Ocean Front","Bike Storage, Community Room, Exercise Room, Heated Pool, Library, Sauna, Spa/Hot Tub, Trash Chute","41463","False","As Is","Condo","Condo/Co-Op/Villa/Townhouse","Ocean View, Direct Ocean","2 Or More Spaces, Valet Parking",""
"A12052747","Southeast Florida Regional","Active","4699000","4699000","4699000","","","","","","2026-07-13 18:32:20","18","18","3480","Entry Level","3","5","1","16047 Collins Ave #1703, SUNNYISL FL 33160","Turnberry Ocean Colony","Okay To Lease 1st Year","Furn For Sale","Vacant","120","False","False","All Cash, Conventional","Turnberry Ocean Colony","33160","2007","3182","5397","True","37","17","","1703","Ocean Front","Bar, Basketball Courts, Bike Storage, Business Center, Cabana, Exercise Room, Extra Storage, Pool, Sauna, Spa/Hot Tub","45095","False","As Is","Condo","Condo/Co-Op/Villa/Townhouse","Intracoastal View, Ocean View","2 Or More Spaces, Valet Parking",""
"A12050158","Southeast Florida Regional","Active","4699000","4699000","4699000","","","","","","2026-07-08 13:00:29","23","23","3262","","3","3","1","1176 97th St #406, BAYHARIS FL 33154","THE WELL BAY HARBOR","Ok To Lease","","Vacant","180","False","False","All Cash, Conventional","THE WELL BAY HARBOR","33154","2026","5276","","True","8","4","","406","Ocean Access","Business Center, Exercise Room, Extra Storage, Pool, Private Pool, Spa/Hot Tub, Trash Chute","0","False","As Is","Condo","Condo/Co-Op/Villa/Townhouse","Other View","2 Or More Spaces",""
"A12058698","Southeast Florida Regional","Active","4599000","4599000","4599000","","","","","","2026-07-24 11:52:02","8","8","6676","","6","6","2","650 NE 32nd St #BH2, MIAMI FL 33137","Paraiso Bay Condo","Other Restrictions","","Call Listing Agent","180","False","False","All Cash, Conventional","Paraiso Bay Condo","33137","2018","9492","9492","True","53","4","","BH2","Bay Front","Business Center, Cabana, Exercise Room, Other Amenities, Pool, Spa/Hot Tub","91785","False","As Is","Condo","Condo/Co-Op/Villa/Townhouse","Bay, Skyline View, Water View","2 Or More Spaces",""
"A12049951","Southeast Florida Regional","Active","4500000","4500000","4500000","","","","","","2026-07-08 09:49:08","196","23","3800","","4","5","","851 NE 1st Avenue #Penthouse 4612, MIAMI FL 33132","Paramount Miami","No Restrictions","Furnished","Call Listing Agent","0","False","False","All Cash, Conventional","Paramount Miami","33132","2019","5488","","False","58","46","","Penthouse 4612","","Child Play Area, Clubhouse-Clubroom, Exercise Room, Handball/Basketball, Pool, Sauna, Spa/Hot Tub","58440","False","As Is","Condo","Condo/Co-Op/Villa/Townhouse","Bay, Intracoastal View, Water View","2 Or More Spaces, Assigned Parking, Valet Parking",""
"A12049638","Southeast Florida Regional","Active","4403900","4403900","4403900","","","","","","2026-07-08 12:23:42","23","23","2402","","3","3","1","7940 West Drive #1503, MIAMI FL 33141","Pagani Residences","Daily Rentals Allowed","","Call Listing Agent","180","False","False","All Cash, Conventional","Pagani Residences","33141","2028","4203","4203","True","30","15","","1503","Bay Front","Bbq/Picnic Area, Business Center, Community Room, Elevator, Exercise Room, Library, Pool, Sauna, Spa/Hot Tub","0","False","As Is","Condo","Condo/Co-Op/Villa/Townhouse","Bay, Other View, Water View","1 Space, Valet Parking",""
"A12046241","Southeast Florida Regional","Active","4400000","4400000","4400000","","","","","","2026-07-01 09:27:39","376","30","1685","","2","2","1","9705 Collins Ave #1804N, BALHARBR FL 33154","St Regis Bal Harbour","Auto Parking On","Furnished","Vacant","30","False","False","Conventional","St Regis Bal Harbour","33154","2011","5943","","True","27","18","","1804N","Ocean Front","Exercise Room, Heated Pool","46541","","As Is","Homeowners","Condo/Co-Op/Villa/Townhouse","Ocean View, Direct Ocean, Pool Area View","2 Or More Spaces, Electric Vehicle Charging Station, Guest Parking",""
"A12050226","Southeast Florida Regional","Active","4350000","4350000","4350000","","","","","","2026-07-08 15:18:50","23","23","","Entry Level","4","4","1","3131 NE 7th Ave #PH5001, MIAMI FL 33137","One Paraiso","Ok To Lease","Furn For Sale","Vacant","30","False","False","All Cash, Conventional, Cryptocurrency","One Paraiso","33137","2018","4081","","True","53","50","","PH5001","Bay Front, Ocean Front","Bar, Basketball Courts, Billiard Room, Boat Dock, Cabana, Elevator, Exercise Room, Heated Pool, Library, Pickleball, Pool, Sauna, Spa/Hot Tub, Tennis","58680","False","As Is","Condo","Condo/Co-Op/Villa/Townhouse","Bay, Ocean View, Skyline View","2 Or More Spaces, Covered Parking, Deeded Parking",""
"A12047981","Southeast Florida Regional","Active","4218900","4198900","4198900","","","","","","2026-07-03 19:23:38","28","28","3520","","4","5","1","725 NE 24th St #2801, MIAMI FL 33137","ARIA RESERVE","Other Restrictions","Unfurnished","Vacant","30","False","False","All Cash, Conventional","ARIA RESERVE","33137","2022","3200","","True","62","28","","2801","Bay Front, Intracoastal Front, Ocean Front","Basketball Courts, Bbq/Picnic Area, Business Center, Cabana, Child Play Area, Clubhouse-Clubroom, Elevator, Exercise Room, Handball/Basketball, Pickleball, Sauna, Spa/Hot Tub, Tennis","67520","False","As Is","Condo","Condo/Co-Op/Villa/Townhouse","Bay, Intracoastal View, Direct Ocean","2 Or More Spaces, Covered Parking",""
"B26058146","Beaches MLS","Active","4195000","4195000","4195000","","","","","","2026-07-30 12:19:24","0","0","4045","Entry Level","3","3","1","18201 Collins Avenue #PH 5109, Sunny Isles Beach FL 33160","","Assoc Approval Required, Ok To Lease With Res, No Daily Rentals","Furnished","Owner Occupied","","False","","All Cash, Conventional, Cryptocurrency","","33160","2008","4392","","True","55","51","","PH 5109","","Business Center, Cabana, Community Room, Community Pool, Elevator, Exercise Room, Guard At Gate, Heated Pool, Maintained Community, Pool, Private Pool, Security Patrol, Spa/Hot Tub, Tennis, Vehicle Wash Area","64976","False","","Condo","Condo/Co-Op/Villa/Townhouse","","2 Or More Spaces, Assigned Parking, Guest Parking, Parking Garage, Valet Parking",""
"A12048351","Southeast Florida Regional","Active","4090000","4090000","4090000","","","","","","2026-07-06 12:26:16","25","25","2468","","3","5","1","18975 Collins Ave #2901, SUNNYISL FL 33160","Residences by Armani Casa","Corporate Buyer OK","","Call Listing Agent","180","True","False","All Cash, Conventional","Residences by Armani Casa","33160","2019","5203","","True","60","29","","2901","Intracoastal Front, Ocean Front","Bbq/Picnic Area, Child Play Area, Exercise Room, Heated Pool, Spa/Hot Tub","51411","False","As Is","Condo","Condo/Co-Op/Villa/Townhouse","Intracoastal View, Ocean View","Valet Parking",""
"A12053374","Southeast Florida Regional","Active","4086000","4086000","4086000","","","","","","2026-07-14 15:02:37","24","24","2418","","3","3","","12000 N BAYSHORE #N1601, NMIAMI FL 33161","CONTINUUM 12000 SPORT AND","Other Restrictions","","Call Listing Agent","30","False","False","All Cash, Conventional","CONTINUUM 12000 SPORT AND","33161","2030","4300","","True","20","15","","N1601","Bay Front, Canal Front, Intracoastal Front","Bar, Boat Dock, Business Center, Clubhouse-Clubroom, Elevator, Exercise Room, Marina, Other Membership Available, Pool, Sauna, Spa/Hot Tub, Tennis, Trash Chute","0","False","None","Condo","Condo/Co-Op/Villa/Townhouse","Bay, Other View, Skyline View","Valet Parking",""
"A12060165","Southeast Florida Regional","Active","3999000","3999000","3999000","","","","","","2026-07-28 14:20:33","145","3","2271","","3","3","1","18975 Collins Ave #3303, SUNNYISL FL 33160","Residences by Armani Casa","Ok To Lease","","Call Listing Agent","180","False","False","All Cash, Conventional","Residences by Armani Casa","33160","2019","4786","","True","56","33","","3303","Intracoastal Front","Bar, Bike Storage, Billiard Room, Business Center, Clubhouse-Clubroom, Exercise Room, Other Amenities, Private Pool, Sauna, Spa/Hot Tub, Trash Chute","36288","False","None","Condo","Condo/Co-Op/Villa/Townhouse","Intracoastal View, Ocean View, Direct Ocean","2 Or More Spaces, Assigned Parking, Guest Parking, Valet Parking",""
"A12050203","Southeast Florida Regional","Active","3990000","3990000","3990000","","","","","","2026-07-17 14:03:35","181","14","2250","","3","4","1","1455 Ocean Dr #1009, MIAMIBCH FL 33139","Il Villaggio","Ok To Lease, Other Restrictions","","Vacant","90","False","False","All Cash","Il Villaggio","33139","1998","4456","","True","17","10","","1009","Ocean Access, Ocean Front","Billiard Room, Business Center, Clubhouse-Clubroom, Exercise Room, Heated Pool, Pool, Sauna, Trash Chute","64453","True","As Is","Condo","Condo/Co-Op/Villa/Townhouse","Direct Ocean","2 Or More Spaces",""
"A12053016","Southeast Florida Regional","Active","3975000","3975000","3975000","","","","","","2026-07-14 12:20:44","142","18","3186","","5","5","","799 Crandon Blvd #108, KEYBISCY FL 33149","Ocean Club","Ok To Lease","","Tenant Occupied","6 mo","True","False","All Cash, Conventional","Ocean Club","33149","2002","4539","10274","False","16","1","","108","","Bike Storage, Business Center, Child Play Area, Clubhouse-Clubroom, Exercise Room, Spa/Hot Tub, Tennis","29921","False","As Is","Condo","Condo/Co-Op/Villa/Townhouse","Other View","2 Or More Spaces, Assigned Parking, Guest Parking",""
"A12053695","Southeast Florida Regional","Active","3950000","3950000","3950000","","","","","","2026-07-15 11:56:32","17","17","1766","","2","2","1","39 NE 39th Street #602, MIAMI FL 33137","Fouquet's","Ok To Lease, Renting Limited","","Vacant","180","False","False","All Cash","Fouquet's","33137","2030","4164","","False","26","6","","602","","Bar, Bike Storage, Business Center, Clubhouse-Clubroom, Elevator, Exercise Room, Extra Storage, Heated Pool, Kitchen Facilities, Sauna, Spa/Hot Tub, Trash Chute","0","False","As Is","Condo","Condo/Co-Op/Villa/Townhouse","Other View","Assigned Parking, Covered Parking, Valet Parking",""
"A12046669","Southeast Florida Regional","Active","3900000","3900000","3900000","","","","","","2026-07-01 17:06:29","30","30","","","3","3","1","175 SE 25th Road #2804, MIAMI FL 33129","Una Residence","See Broker Remarks","Unfurnished","Vacant","180","True","False","All Cash, FHA","Una Residence","33129","2026","3404","","True","45","28","","2804","Bay Front, Intracoastal Front, No Fixed Bridges, Ocean Front","Bar, Child Play Area, Clubhouse-Clubroom, Community Room, Elevator, Exercise Room, Pool, Sauna, Spa/Hot Tub, Trash Chute","0","False","As Is","Condo","Condo/Co-Op/Villa/Townhouse","Bay, Ocean View, Skyline View","1 Space",""
"A12049684","Southeast Florida Regional","Active","3900000","3900000","3900000","","","","","","2026-07-07 17:32:21","24","24","2234","Entry Level","3","3","1","2432 Fisher Island Dr #5302, MIAMIBCH FL 33109","BAYSIDE VILLAGE CONDO","Ok To Lease","","Call Listing Agent","180","False","False","All Cash, Conventional","BAYSIDE VILLAGE CONDO","33109","1986","16124","3547","True","4","3","","5302","Bay Front","Bar, Basketball Courts, Bike/Jog Path, Billiard Room, Boat Dock, Child Play Area, Courtesy Bus, Exercise Room, Exterior Lighting, Golf Course Com, Golf Equity Available, Heated Pool, Marina, Pool","43194","False","As Is","Condo","Condo/Co-Op/Villa/Townhouse","Bay, Water View","2 Or More Spaces, Assigned Parking, Golf Cart Parking",""
"A12056836","Southeast Florida Regional","Active","3795000","3795000","3795000","","","","","","2026-07-21 19:44:48","10","10","1550","","2","2","1","1455 Ocean Dr #703, MIAMIBCH FL 33139","Il Villaggio","Other Restrictions","","Call Listing Agent","90","False","False","All Cash","Il Villaggio","33139","1998","3079","","True","17","7","","703","Ocean Access, Ocean Front","Clubhouse-Clubroom, Elevator, Exercise Room, Heated Pool, Kitchen Facilities, Other Amenities, Private Beach Pavilion, Private Pool, Spa/Hot Tub, Trash Chute","36274","False","As Is","Condo","Condo/Co-Op/Villa/Townhouse","Garden View, Pool Area View, Water View","1 Space, Assigned Parking, Valet Parking",""
"A12056115","Southeast Florida Regional","Active","2789000","3789000","3789000","","","","","","2026-07-18 22:09:46","13","13","1847","","3","3","1","2133 Fisher Island Dr #2133, MIAMIBCH FL 33109","BAYSIDE VILLAGE","Other Restrictions","","Owner Occupied","365","False","False","All Cash, Conventional","BAYSIDE VILLAGE","33109","1988","3524","","True","4","3","","2133","Bay Front, Other Waterfront","Bar, Exercise Room, Golf Course Com, Golf Equity Available, Handball/Basketball, Heated Pool, Marina, Other Amenities, Other Membership Available, Pickleball, Pool, Sauna, Spa/Hot Tub, Tennis","29947","False","As Is, Completely Renovated","Condo, Homeowners","Condo/Co-Op/Villa/Townhouse","Bay, Other View, Water View","2 Or More Spaces, Assigned Parking, Covered Parking",""
"A12057740","Southeast Florida Regional","Active","3690000","3690000","3690000","","","","","","2026-07-22 09:00:07","9","9","2840","","3","3","0","430 Grand Bay Dr #708, KEYBISCY FL 33149","GRAND BAY","Okay To Lease 1st Year","","Owner Occupied","180","False","False","All Cash, Conventional","GRAND BAY","33149","1999","3200","","True","12","7","","708","Ocean Access, Ocean Front","Bike Storage, Community Room, Elevator, Exercise Room, Pool, Trash Chute","24825","False","As Is","Condo","Condo/Co-Op/Villa/Townhouse","Bay, Skyline View","1 Space, Guest Parking, Valet Parking",""
"A12045720","Southeast Florida Regional","Active","3675000","3675000","3675000","","","","","","2026-07-20 16:56:39","11","11","3641","","3","4","1","20155 NE 38th Ct #904, AVENTUR FL 33180","Porto Vita","Ok To Lease","Unfurnished","Call Listing Agent","365","False","False","All Cash, Assumption","Porto Vita","33180","2003","9630","","True","31","9","","904","Other Waterfront","Bar, Basketball Courts, Child Play Area, Clubhouse-Clubroom, Exercise Room, Handball/Basketball, Hobby Room, Other Amenities, Pickleball, Sauna, Spa/Hot Tub, Tennis","33528","False","As Is","Condo","Condo/Co-Op/Villa/Townhouse","Intracoastal View, Ocean View, Skyline View","1 Space, Assigned Parking, Valet Parking",""
"A12046098","Southeast Florida Regional","Active","3650000","3650000","3650000","","","","","","2026-07-01 11:50:50","108","30","2046","","2","3","0","1135 103rd St #405, BAYHARIS FL 33154","Onda Residences","No Daily Rentals","Part Furn","Owner Occupied","180","False","False","All Cash, Conventional","Onda Residences","33154","2024","5451","","True","7","4","","405","Bay Front","Bike Storage, Boat Dock, Elevator, Exercise Room, Marina, Private Pool, Spa/Hot Tub","37332","False","As Is","Condo","Condo/Co-Op/Villa/Townhouse","Bay","2 Or More Spaces, Electric Vehicle Charging Station, Valet Parking",""
"A12061633","Southeast Florida Regional","Active","3595000","3595000","3595000","","","","","","2026-07-29 12:24:42","2","2","3120","","3","3","0","881 Ocean Dr #7H, KEYBISCY FL 33149","Casa Del Mar","Other Restrictions","","Vacant","90","False","False","All Cash, Conventional","Casa Del Mar","33149","1971","6805","","True","27","7","","7H","Ocean Access, Ocean Front","Basketball Courts, Child Play Area, Clubhouse-Clubroom, Elevator, Exercise Room, Heated Pool, Library, Tennis, Trash Chute","37747","False","As Is","Condo","Condo/Co-Op/Villa/Townhouse","Bay, Ocean View, Direct Ocean","1 Space, Assigned Parking, Covered Parking",""
"A12049979","Southeast Florida Regional","Active","3500000","3500000","3500000","","","","","","2026-07-29 08:37:39","366","21","3722","","5","5","1","300 Sunny Isles Blvd #Penthouse-03, SUNNYISL FL 33160","PARQUE TOWERS CONDO","No Restrictions","","Owner Occupied","30","False","False","Cash Only","PARQUE TOWERS CONDO","33160","2020","4500","","True","26","26","Expired","Penthouse-03","Bay Front, Ocean Front","Bike Storage, Billiard Room, Clubhouse-Clubroom, Elevator, Exercise Room, Pool","4150","False","As Is","Condo","Condo/Co-Op/Villa/Townhouse","Bay, Intracoastal View, Ocean View","2 Or More Spaces, Assigned Parking, Guest Parking, Valet Parking",""
"A12047089","Southeast Florida Regional","Active","3325000","3500000","3500000","","","","","","2026-07-05 18:31:05","26","26","1660","","2","2","1","1455 Ocean Dr #904, MIAMIBCH FL 33139","il villaggio","Ok To Lease, Renting Limited","","Owner Occupied","90","False","False","All Cash","il villaggio","33139","1998","3297","","True","17","9","","904","Ocean Front","Bbq/Picnic Area, Bike Storage, Bike/Jog Path, Billiard Room, Business Center, Cabana, Clubhouse-Clubroom, Elevator, Exercise Room, Trash Chute","52793","False","As Is","Condo","Condo/Co-Op/Villa/Townhouse","Ocean View","2 Or More Spaces",""
"A12054489","Southeast Florida Regional","Active","3500000","3500000","3500000","","","","","","2026-07-15 18:47:39","16","16","2418","","3","3","1","90 SW 3rd St #PH-12, MIAMI FL 33130","IVY CONDO","Ok To Lease","","Tenant Occupied","180","False","False","All Cash, Conventional","IVY CONDO","33130","2008","2839","","True","45","45","","PH-12","River Front","Exercise Room","19076","False","As Is","Condo","Condo/Co-Op/Villa/Townhouse","Bay, Water View","2 Or More Spaces",""
"A12060377","Southeast Florida Regional","Active","3500000","3500000","3500000","","","","","","2026-07-28 18:12:57","4","4","2040","","2","2","1","300 S Pointe Dr #2104, MIAMIBCH FL 33139","Portofino Tower Condo","Other Restrictions","","Vacant","180","False","False","All Cash, Conventional","Portofino Tower Condo","33139","1996","3772","","False","44","24","","2104","","Other Amenities","32834","False","As Is","Condo","Condo/Co-Op/Villa/Townhouse","Bay, Ocean View, Skyline View","1 Space, Assigned Parking, Guest Parking, Valet Parking",""
"A12049574","Southeast Florida Regional","Active","3495000","3495000","3495000","","","","","","2026-07-07 15:23:18","715","24","2485","","4","4","1","17121 Collins Ave #4208, SUNNYISL FL 33160","JADE OCEAN CONDO","Ok To Lease","Furnished","Vacant","180","False","False","All Cash, Conventional","JADE OCEAN CONDO","33160","2009","3669","","True","50","42","","4208","Ocean Access, Ocean Front","Bike Storage, Business Center, Child Play Area, Elevator, Exercise Room, Pool, Private Beach Pavilion, Sauna","46577","False","As Is","Condo","Condo/Co-Op/Villa/Townhouse","Intracoastal View, Ocean View, Direct Ocean","2 Or More Spaces, Valet Parking",""
"A12050267","Southeast Florida Regional","Active","3495000","3495000","3495000","","","","","","2026-07-16 13:22:58","15","15","1540","","3","3","","2655 S Bayshore Dr #1412, MIAMI FL 33133","Mr. C Residences","Other Restrictions","Furnished","Call Listing Agent","180","False","False","All Cash, Conventional","Mr. C Residences","33133","2024","4460","","True","22","14","","1412","Bay Front","Bar, Bike Storage, Business Center, Child Play Area, Elevator, Exercise Room, Exterior Lighting, Library, Other Amenities, Pool, Trash Chute","24351","False","None","Condo","Condo/Co-Op/Villa/Townhouse","Bay, Other View, Skyline View","Valet Parking",""
"A12060209","Southeast Florida Regional","Active","3490000","3490000","3490000","","","","","","2026-07-28 09:49:50","380","3","1840","","2","2","0","2301 Collins Ave #1003/1004, MIAMIBCH FL 33139","RONEY PALACE CONDO","Ok To Lease","","Call Listing Agent","30","False","False","All Cash, Conventional","RONEY PALACE CONDO","33139","1926","4041","","True","17","10","","1003/1004","Ocean Front","Cabana, Common Laundry, Elevator, Exercise Room, Exterior Lighting, Heated Pool, Other Amenities, Pool, Private Beach Pavilion, Private Pool, Spa/Hot Tub","16951","False","As Is","Condo","Condo/Co-Op/Villa/Townhouse","Bay, Ocean View, Skyline View, Water View","2 Or More Spaces, Guest Parking, Valet Parking",""
"A12048318","Southeast Florida Regional","Active","3490000","3490000","3490000","","","","","","2026-07-06 16:08:32","26","26","2220","","3","3","1","300 Biscayne Blvd Way #2702, MIAMI FL 33131","ASTON MARTIN RESIDENCES","Ok To Lease, Other Restrictions","Unfurnished","Vacant","180","False","False","All Cash, Conventional","ASTON MARTIN RESIDENCES","33131","2024","4139","","True","66","27","","2702","Bay Front, River Front","Bike Storage, Business Center, Cabana, Child Play Area, Clubhouse-Clubroom, Exercise Room, Exterior Lighting, Heated Pool, Kitchen Facilities, Pool, Putting Green, Sauna, Spa/Hot Tub, Trash Chute","41332","False","As Is","Condo","Condo/Co-Op/Villa/Townhouse","Bay, River","2 Or More Spaces, Assigned Parking, Covered Parking",""
"A12047199","Southeast Florida Regional","Active","3475000","3475000","3475000","","","","","","2026-07-02 12:16:34","92","29","1447","","2","2","1","15701 Collins Ave #2903, SUNNYISL FL 33160","Ritz Carlton Residences","No Daily Rentals, Ok To Lease, Okay To Lease 1st Year","Furnished","Vacant","180","False","False","All Cash, Conventional","Ritz Carlton Residences","33160","2020","2801","","True","52","29","","2903","Ocean Front","Bar, Child Play Area, Clubhouse-Clubroom, Community Room, Elevator, Exercise Room, Kitchen Facilities, Other Amenities, Pool, Sauna, Spa/Hot Tub, Trash Chute","39908","False","Disclosure, Structural Integrity Reserve Study","Condo","Condo/Co-Op/Villa/Townhouse","Intracoastal View, Ocean View, Direct Ocean","2 Or More Spaces, Covered Parking, Valet Parking",""
"A12060357","Southeast Florida Regional","Active","3450000","3450000","3450000","","","","","","2026-07-29 13:51:58","182","2","2110","","2","2","1","3400 SW 27th Ave #802, MIAMI FL 33133","Ritz-Carlton Residences","Ok To Lease","","Call Listing Agent","30","False","False","All Cash, Conventional","Ritz-Carlton Residences","33133","2001","3897","","True","22","8","","802","Bay Front","Bar, Business Center, Community Room, Other Amenities, Pool, Spa/Hot Tub","36000","False","As Is","Condo","Condo/Co-Op/Villa/Townhouse","Bay","1 Space, Assigned Parking, Valet Parking",""
"A12053377","Southeast Florida Regional","Active","3375000","3375000","3375000","","","","","","2026-07-14 15:39:17","17","17","2551","","3","3","1","1930 Bay Dr #PH 2, MIAMIBCH FL 33141","COSABELLA ON THE BAY","No Daily Rentals, Okay To Lease 1st Year","","Call Listing Agent","181","False","False","Conventional, Cryptocurrency, Lease Option, Owner Financing","COSABELLA ON THE BAY","33141","2024","2440","","True","5","3","","PH 2","Bay Front, Ocean Access","Basketball Courts, Bike Storage, Boat Dock, Elevator, Exercise Room, Heated Pool, Other Amenities, Pickleball, Pool, Spa/Hot Tub, Vehicle Wash Area","48675","False","As Is, Other Special Info","Condo","Condo/Co-Op/Villa/Townhouse","Bay, Skyline View, Water View","2 Or More Spaces",""
"A12047984","Southeast Florida Regional","Active","3350000","3350000","3350000","","","","","","2026-07-21 15:42:01","10","10","0","Entry Level","3","3","1","9201 E Bay Harbour Drive #PH809, BAYHARIS FL 33154","BAY HARBOR ISLAND","Corporate Buyer OK, Ok To Lease, Other Restrictions","Furnished","Call Listing Agent","2","False","False","All Cash, Conventional","BAY HARBOR ISLAND","33154","2026","3334","","True","8","8","","PH809","Canal Front","Bar, Boat Dock, Clubhouse-Clubroom, Elevator, Exercise Room, Exterior Lighting, Heated Pool, Other Amenities, Pool, Spa/Hot Tub","0","False","As Is","Condo","Condo/Co-Op/Villa/Townhouse","Intracoastal View, Ocean View, Skyline View","2 Or More Spaces",""
"A12056215","Southeast Florida Regional","Active","3300000","3300000","3300000","","","","","","2026-07-20 13:20:24","12","12","2840","","3","3","1","6000 Island Blvd #402, AVENTUR FL 33160","BELLAMARE@WILLIAMS ISLAN","Ok To Lease","","Owner Occupied","180","False","False","All Cash, Conventional","BELLAMARE@WILLIAMS ISLAN","33160","2005","980","2800","True","32","4","","402","Intracoastal Front","Bar, Basketball Courts, Bike Storage, Business Center, Child Play Area, Courtesy Bus, Exercise Room, Marina, Pickleball, Pool, Sauna","29658","True","As Is, Completely Renovated","Condo","Condo/Co-Op/Villa/Townhouse","Intracoastal View","2 Or More Spaces, Additional Spaces Available, Covered Parking",""
"A12053705","Southeast Florida Regional","Active","3286000","3286000","3286000","","","","","","2026-07-15 12:19:57","17","17","1550","","2","2","1","3995 N Miami Avenue #707, MIAMI FL 33137","Fouquet's","Ok To Lease, Renting Limited","","Vacant","180","False","False","All Cash","Fouquet's","33137","2030","3694","","False","26","7","","707","","Bar, Bike Storage, Business Center, Clubhouse-Clubroom, Elevator, Exercise Room, Extra Storage, Heated Pool, Kitchen Facilities, Sauna, Spa/Hot Tub, Trash Chute","0","False","As Is","Condo","Condo/Co-Op/Villa/Townhouse","Other View","Assigned Parking, Covered Parking, Valet Parking",""
"A12058022","Southeast Florida Regional","Active","3250000","3250000","3250000","","","","","","2026-07-22 12:44:10","9","9","2991","","4","4","1","88 SW 7th St #4011, MIAMI FL 33130","RISE CONDOMINIUM","Ok To Lease","Unfurnished","Call Listing Agent","180","False","False","All Cash, Conventional","RISE CONDOMINIUM","33130","2016","5080","","False","43","40","","4011","","Child Play Area, Clubhouse-Clubroom, Elevator, Exercise Room, Heated Pool, Other Amenities, Pool, Sauna, Spa/Hot Tub","46500","False","As Is","Condo","Condo/Co-Op/Villa/Townhouse","Intracoastal View, Other View, Skyline View","2 Or More Spaces, Assigned Parking, Valet Parking",""
"A12051977","Southeast Florida Regional","Active","3200000","3200000","3200000","","","","","","2026-07-11 06:03:30","20","20","1933","","3","3","1","17121 Collins Avenue #4205, SUNNYISL FL 33160","JADE OCEAN","Exterior Alterations, Other Restrictions","Furnished","Tenant Occupied","180","False","False","All Cash, Conventional","JADE OCEAN","33160","2009","3033","","True","52","42","","4205","Ocean Front","Child Play Area, Elevator, Exercise Room, Sauna, Spa/Hot Tub","43482","False","As Is, Corporation Owned Property","Condo","Condo/Co-Op/Villa/Townhouse","Intracoastal View, Direct Ocean, Skyline View, Water View","Assigned Parking, Valet Parking",""
"A12059155","Southeast Florida Regional","Active","3196000","3196000","3196000","","","","","","2026-07-24 13:35:39","7","7","1261","Entry Level","2","2","0","9703 Collins Ave #1205, BALHARBR FL 33154","St Regis","Ok To Lease","Furnished","Call Listing Agent","1","False","False","All Cash, Conventional, Cryptocurrency","St Regis","33154","2011","0","3200","True","27","12","","1205","Ocean Front","Bar, Business Center, Cabana, Clubhouse-Clubroom, Exercise Room, Heated Pool, Spa/Hot Tub","31373","False","As Is, Corporation Owned Property","Condo","Condo/Co-Op/Villa/Townhouse","Ocean View, Direct Ocean","1 Space, Valet Parking",""
"A12045799","Southeast Florida Regional","Active","3150000","3150000","3150000","","","","","","2026-07-09 16:14:06","22","22","1645","","2","2","1","18975 Collins Ave #3204, SUNNYISL FL 33160","Residences by Armani Casa","Ok To Lease","","Call Listing Agent","180","False","False","All Cash, Conventional","Residences by Armani Casa","33160","2019","3466","","False","55","32","","3204","","Bar, Child Play Area, Elevator, Exercise Room, Other Amenities, Sauna, Spa/Hot Tub","34192","True","None","Condo","Condo/Co-Op/Villa/Townhouse","Ocean View, Other View","2 Or More Spaces, Valet Parking",""
"A12058731","Southeast Florida Regional","Active","2990000","2990000","2990000","","","","","","2026-07-29 19:34:42","2","2","3301","","3","3","1","3330 NE 190th St #UPH14, AVENTUR FL 33180","AVENTURA MARINA","Corporate Buyer OK, No Daily Rentals, Ok To Lease, Okay To Lease 1st Year","","Call Listing Agent","365","False","False","All Cash, Conventional","AVENTURA MARINA","33180","2007","2400","","True","32","32","","UPH14","Bay Front, Intracoastal Front, Ocean Access, Seawall","Bbq/Picnic Area, Bike/Jog Path, Billiard Room, Boat Dock, Business Center, Clubhouse-Clubroom, Exercise Room, Extra Storage, Marina, Pool, Sauna, Spa/Hot Tub","20740","False","None","Condo","Condo/Co-Op/Villa/Townhouse","Bay, Intracoastal View, Ocean View, Skyline View, Water View","2 Or More Spaces, Additional Spaces Available, Assigned Parking, Covered Parking, Electric Vehicle Charging Station, Valet Parking",""
"A12051666","Southeast Florida Regional","Active","2990000","2990000","2990000","","","","","","2026-07-14 09:48:40","17","17","1930","","3","2","1","199 Ocean Lane Drive #801, KEYBISCY FL 33149","COMMODORE SOUTH","No Daily Rentals, Ok To Lease","","Owner Occupied","90","False","False","All Cash, Conventional","COMMODORE SOUTH","33149","1974","0","1987","True","12","8","","801","Ocean Access, Ocean Front","Bbq/Picnic Area, Common Laundry, Community Room, Exercise Room, Pool, Tennis","25499","False","As Is, Completely Renovated, Flood Zone","Condo","Condo/Co-Op/Villa/Townhouse","Ocean View, Direct Ocean","1 Space, Covered Parking",""
"A12049642","Southeast Florida Regional","Active","2982000","2982000","2982000","","","","","","2026-07-09 10:55:11","24","24","2373","","3","3","1","3501 NE 1st Ave #2004, MIAMI FL 33137","Jean Georges Miami Tropic","Okay To Lease 1st Year","Unfurnished","Call Listing Agent","90","False","False","All Cash","Jean Georges Miami Tropic","33137","2029","4698","","False","49","20","","2004","","Bar, Bike Storage, Business Center, Cabana, Child Play Area, Clubhouse-Clubroom, Community Room, Elevator, Exercise Room, Heated Pool, Library, Other Amenities, Sauna, Spa/Hot Tub","0","False","None","Condo","Condo/Co-Op/Villa/Townhouse","Bay, Intracoastal View, Direct Ocean","Assigned Parking, Valet Parking",""
"A12050643","Southeast Florida Regional","Active","2950000","2950000","2950000","","","","","","2026-07-15 22:35:35","108","16","2353","","3","2","1","848 Brickell Key Drive #LPH4401, MIAMI FL 33131","THREE TEQUESTA POINT COND","Ok To Lease","","Owner Occupied","365","False","False","All Cash, Conventional","THREE TEQUESTA POINT COND","33131","2001","1968","","True","46","44","","LPH4401","Bay Front, Other Waterfront, Seawall","Bbq/Picnic Area, Bike Storage, Bike/Jog Path, Child Play Area, Clubhouse-Clubroom, Elevator, Exercise Room, Exterior Lighting, Kitchen Facilities, Pool, Sauna, Spa/Hot Tub, Tennis, Trash Chute","18915","False","As Is, Completely Renovated","Condo, Other","Condo/Co-Op/Villa/Townhouse","Bay, Ocean View, Water View","2 Or More Spaces",""
"A12058660","Southeast Florida Regional","Active","2950000","2950000","2950000","","","","","","2026-07-24 07:37:41","7","7","1782","","3","2","0","1111 Crandon Blvd #A501, KEYBISCY FL 33149","The Towers","Ok To Lease","","Owner Occupied","90","False","False","All Cash, Conventional","The Towers","33149","1972","7351","","True","12","5","","A501","Ocean Access, Ocean Front","Bbq/Picnic Area, Bike Storage, Billiard Room, Business Center, Child Play Area, Common Laundry, Elevator, Exercise Room, Pool, Sauna, Tennis, Vehicle Wash Area","23815","False","As Is, Completely Renovated","Condo","Condo/Co-Op/Villa/Townhouse","Ocean View, Direct Ocean","1 Space",""
"A12056446","Southeast Florida Regional","Active","2925000","2925000","2925000","","","","","","2026-07-20 15:33:41","314","11","2768","","3","3","1","15901 Collins Ave #4301, SUNNYISL FL 33160","Trump Tower II","Other Restrictions","","Owner Occupied","365","False","False","All Cash, Conventional","Trump Tower II","33160","2008","3900","","True","43","43","","4301","Ocean Access, Ocean Front","Clubhouse-Clubroom, Elevator, Exercise Room, Heated Pool, Other Amenities, Private Pool","40611","False","As Is","Condo","Condo/Co-Op/Villa/Townhouse","Ocean View, Direct Ocean","Assigned Parking, Covered Parking",""
"A12059973","Southeast Florida Regional","Active","2850000","2850000","2850000","","","","","","2026-07-26 11:20:56","5","5","2755","","3","3","1","17201 Collins Ave #3501, SUNNYISL FL 33160","OCEAN FOUR CONDO","No Lease-1st Year Owned","Unfurnished","Tenant Occupied","180","False","False","All Cash, Conventional","OCEAN FOUR CONDO","33160","2006","0","2910","True","41","35","","3501","Ocean Access, Ocean Front","Bike Storage, Billiard Room, Exercise Room, Private Pool, Spa/Hot Tub, Trash Chute","35526","False","As Is","Condo","Condo/Co-Op/Villa/Townhouse","Ocean View, Direct Ocean","2 Or More Spaces, Assigned Parking, Valet Parking",""
"A12049737","Southeast Florida Regional","Active","2850000","2850000","2850000","","","","","","2026-07-09 11:47:48","23","23","1481","","3","3","","77 SE 5th Street #UPH01, MIAMI FL 33131","Viceroy Residences","Ok To Lease","","Call Listing Agent","30","False","False","All Cash, Conventional","Viceroy Residences","33131","2026","2417","","False","43","43","","UPH01","","Bar, Billiard Room, Cabana, Clubhouse-Clubroom, Community Room, Exercise Room, Other Amenities, Pool, Sauna, Spa/Hot Tub","0","False","As Is","Condo","Condo/Co-Op/Villa/Townhouse","Bay, Ocean View, Water View","1 Space, Assigned Parking",""
"A12049844","Southeast Florida Regional","Active","2750000","2750000","2750000","","","","","","2026-07-07 22:51:29","24","24","1863","Entry Level","3","3","1","17001 Collins Ave #1401, SUNNYISL FL 33160","JADE BEACH CONDO","Auto Parking On, Corporate Buyer OK, Ok To Lease","Unfurnished","Owner Occupied","180","False","False","All Cash, Conventional","JADE BEACH CONDO","33160","2008","3119","","True","53","14","","1401","No Fixed Bridges, Ocean Access, Ocean Front","Bbq/Picnic Area, Billiard Room, Business Center, Child Play Area, Elevator, Exercise Room, Exterior Lighting, Heated Pool, Hobby Room, Kitchen Facilities, Sauna, Spa/Hot Tub, Trash Chute","25123","False","As Is, Restriction On Pets","Condo","Condo/Co-Op/Villa/Townhouse","Ocean View, Direct Ocean, Skyline View","1 Space, Assigned Parking, Covered Parking",""
"A12053681","Southeast Florida Regional","Active","2695000","2695000","2695000","","","","","","2026-07-15 11:47:06","17","17","1341","","2","2","1","3995 N Miami Avenue #403, MIAMI FL 33137","Fouquet's","Ok To Lease, Renting Limited","","Vacant","180","False","False","All Cash","Fouquet's","33137","2030","3125","","False","26","4","","403","","Bar, Bike Storage, Business Center, Clubhouse-Clubroom, Elevator, Exercise Room, Extra Storage, Heated Pool, Kitchen Facilities, Sauna, Spa/Hot Tub, Trash Chute","0","False","As Is","Condo","Condo/Co-Op/Villa/Townhouse","Other View","Assigned Parking, Covered Parking, Valet Parking",""
"A12053308","Southeast Florida Regional","Active","2690000","2690000","2690000","","","","","","2026-07-14 11:25:33","1462","17","2143","","3","3","1","18101 Collins Ave #1101, SUNNYISL FL 33160","TRUMP PALACE CONDO","Ok To Lease","","Call Listing Agent","365","False","False","All Cash, Conventional","TRUMP PALACE CONDO","33160","2006","2900","","True","35","11","","1101","Ocean Access, Ocean Front","Private Beach Pavilion, Spa/Hot Tub, Tennis","19983","False","As Is, Completely Renovated","Condo","Condo/Co-Op/Villa/Townhouse","Intracoastal View, Ocean View","1 Space, Valet Parking",""
"A12048563","Southeast Florida Regional","Active","2690000","2690000","2690000","","","","","","2026-07-07 01:17:47","513","24","2070","","2","3","0","17475 Collins Ave #2003, SUNNYISL FL 33160","CHATEAU BEACH CONDO","No Daily Rentals, No Trucks/Rv'S","Unfurnished","Vacant","210","False","False","All Cash, Conventional","CHATEAU BEACH CONDO","33160","2016","4069","","False","34","20","","2003","","Bar, Bike Storage, Business Center, Child Play Area, Clubhouse-Clubroom, Elevator, Exercise Room, Other Amenities, Pool, Sauna, Spa/Hot Tub, Trash Chute","31133","False","As Is","Condo","Condo/Co-Op/Villa/Townhouse","Intracoastal View, Ocean View","2 Or More Spaces, Assigned Parking, Covered Parking, Electric Vehicle Charging Station, Valet Parking",""
"A12048519","Southeast Florida Regional","Active","2650000","2650000","2650000","","","","","","2026-07-06 11:38:46","25","25","2235","","2","2","1","16051 Collins Ave #1102, SUNNYISL FL 33160","TURNBERRY OCEAN COLONY N","Ok To Lease","","Call Listing Agent","180","False","False","All Cash, Conventional, Cryptocurrency","TURNBERRY OCEAN COLONY N","33160","2006","5096","","True","37","11","","1102","Ocean Front","Business Center, Clubhouse-Clubroom, Heated Pool, Library, Other Amenities, Pool, Sauna, Spa/Hot Tub","25987","False","As Is","Condo","Condo/Co-Op/Villa/Townhouse","Ocean View, Direct Ocean","Valet Parking",""
"A12045706","Southeast Florida Regional","Active","2600000","2600000","2600000","","","","","","2026-07-02 11:42:56","29","29","1749","","2","2","0","4701 N Meridian Ave #209, MIAMIBCH FL 33140","RITZ CARLTON RESIDENCES","Other Restrictions","Furnished","Call Listing Agent","180","False","False","All Cash, Conventional","RITZ CARLTON RESIDENCES","33140","2019","3732","","True","8","2","","209","Bay Front, Ocean Access, One Fixed Bridge, Other Waterfront","Bar, Bbq/Picnic Area, Boat Dock, Cabana, Child Play Area, Clubhouse-Clubroom, Elevator, Exercise Room, Heated Pool, Kitchen Facilities, Other Amenities, Sauna, Spa/Hot Tub, Trash Chute","22843","","As Is, Other Special Info","Homeowners","Condo/Co-Op/Villa/Townhouse","Other View","2 Or More Spaces, Covered Parking, Valet Parking",""
"A12050153","Southeast Florida Regional","Active","2565000","2565000","2565000","","","","","","2026-07-20 11:59:31","14","14","1437","","2","2","1","300 Biscayne Boulevard Way #2609W, MIAMI FL 33131","Aston Martin Residences","Other Restrictions","","Call Listing Agent","90","True","False","All Cash, Conventional","Aston Martin Residences","33131","2024","2791","","True","66","26","","2609W","Bay Front","Bar, Business Center, Community Room, Elevator, Exercise Room, Heated Pool, Pool, Sauna, Spa/Hot Tub","18008","False","As Is","Condo","Condo/Co-Op/Villa/Townhouse","Skyline View","Assigned Parking, Valet Parking",""
"B26048212","Beaches MLS","Active","2550000","2550000","2550000","","","","","","2026-07-02 23:37:31","28","28","2235","Entry Level","2","2","1","16051 Collins Avenue #1902, Sunny Isles Beach FL 33160","","Other Restrictions","Furnished","Vacant","","False","","All Cash, Conventional","","33160","2006","4531","3182","True","37","19","","1902","Ocean Access","Bar, Business Center, Cabana, Card/Electric Gate, Community Pool, Elevator, Exercise Room, Guard At Gate, Heated Pool, Management On Site, Pool, Private Pool, Sauna, Security Patrol, Spa/Hot Tub","28994","False","As Is","Condo","Condo/Co-Op/Villa/Townhouse","","2 Or More Spaces, Guest Parking, Parking Garage, Valet Parking",""
"A12051760","Southeast Florida Regional","Active","2520000","2520000","2520000","","","","","","2026-07-10 17:26:55","21","21","1760","","2","2","1","445 Grand Bay Dr #418, KEYBISCY FL 33149","Grand Bay Residences","Ok To Lease, Okay To Lease 1st Year","","Owner Occupied","180","False","False","All Cash, Conventional","Grand Bay Residences","33149","1996","2225","","True","14","4","","418","Ocean Front","Bike Storage, Business Center, Clubhouse-Clubroom, Elevator, Exercise Room, Exterior Lighting, Extra Storage, Heated Pool, Pool, Private Pool, Spa/Hot Tub, Trash Chute, Vehicle Wash Area","20991","False","As Is, Flood Zone","Condo","Condo/Co-Op/Villa/Townhouse","Other View","2 Or More Spaces, Assigned Parking, Covered Parking, Electric Vehicle Charging Station, Golf Cart Parking, Guest Parking, Valet Parking",""
"A12055813","Southeast Florida Regional","Active","2500000","2500000","2500000","","","","","","2026-07-17 20:23:26","14","14","1370","","2","2","0","450 Alton Rd #2610, MIAMIBCH FL 33139","Icon south beach","Corporate Buyer OK","Furnished","Call Listing Agent","180","False","False","All Cash, Conventional","Icon south beach","33139","2005","2345","","True","42","26","","2610","Bay Front, Canal Front, Intracoastal Front, Ocean Front","Elevator, Exercise Room, Library, Marina, Other Amenities, Pool, Sauna, Spa/Hot Tub, Trash Chute","22610","False","As Is, Disclosure, Documents Available, Flood Zone","Condo","Condo/Co-Op/Villa/Townhouse","Bay, Canal, Intracoastal View, Ocean View, Other View, Water View","1 Space, Assigned Parking, Covered Parking, Valet Parking",""
"A12049876","Southeast Florida Regional","Active","2495000","2495000","2495000","","","","","","2026-07-08 10:18:00","23","23","2174","","3","3","1","18201 Collins Ave #3504, SUNNYISL FL 33160","TRUMP ROYALE CONDO","Ok To Lease, Other Restrictions","","Call Listing Agent","180","False","False","All Cash, Conventional, Cryptocurrency","TRUMP ROYALE CONDO","33160","2008","2606","","True","55","35","","3504","Ocean Front","Elevator, Other Amenities, Pool, Private Pool, Trash Chute","26976","False","As Is","Condo","Condo/Co-Op/Villa/Townhouse","Ocean View, Other View, Skyline View","2 Or More Spaces",""
"A12060754","Southeast Florida Regional","Active","2490000","2490000","2490000","","","","","","2026-07-28 12:17:13","3","3","2130","","3","3","0","1331 Brickell Bay Dr #2805, MIAMI FL 33131","JADE RESIDENCES AT BRICKE","Corporate Buyer OK, No Daily Rentals, Okay To Lease 1st Year","","Owner Occupied","180","False","False","All Cash, Conventional","JADE RESIDENCES AT BRICKE","33131","2004","4706","","True","48","28","","2805","Bay Front","Bar, Bike Storage, Business Center, Community Room, Elevator, Exercise Room, Pool, Sauna, Spa/Hot Tub, Trash Chute, Vehicle Wash Area","42079","True","As Is","Condo","Condo/Co-Op/Villa/Townhouse","Bay","2 Or More Spaces",""
"A12052529","Southeast Florida Regional","Active","2450000","2450000","2450000","","","","","","2026-07-14 15:02:50","17","17","1552","","2","3","1","300 Biscayne Boulevard Way #1705W, MIAMI FL 33131","Aston Martin Residences","Other Restrictions","Unfurnished","Tenant Occupied","30","False","False","All Cash, Conventional","Aston Martin Residences","33131","2024","3014","","True","66","47","","1705W","Bay Front, River Front","Exercise Room, Other Amenities, Putting Green, Sauna, Spa/Hot Tub","29637","False","As Is","Condo","Condo/Co-Op/Villa/Townhouse","Bay, Water View","1 Space",""
"A12049077","Southeast Florida Regional","Active","2395000","2395000","2395000","","","","","","2026-07-07 10:34:26","24","24","2800","","3","3","1","2600 Island Blvd #2603, AVENTUR FL 33160","RESIDENCE DU CAP","Ok To Lease","","Tenant Occupied","180","False","False","All Cash, Conventional","RESIDENCE DU CAP","33160","1997","980","3200","True","32","26","","2603","Intracoastal Front","Bike/Jog Path, Business Center, Child Play Area, Clubhouse-Clubroom, Courtesy Bus, Exercise Room, Marina, Pickleball, Pool, Sauna, Spa/Hot Tub, Tennis","20883","False","As Is","Condo","Condo/Co-Op/Villa/Townhouse","Intracoastal View, Ocean View, Skyline View, Water View","1 Space, Additional Spaces Available, Guest Parking, Valet Parking",""
"A12062288","Southeast Florida Regional","Active","2300000","2300000","2300000","","","","","","2026-07-30 07:06:40","1","1","1571","","2","3","","2411 Laguna Circle #2011, NMIAMI FL 33181","One Park by Turnberry","Ok To Lease","","Vacant","90","False","False","All Cash, Conventional","One Park by Turnberry","33181","2026","1680","","True","33","20","","2011","Lagoon Front","Child Play Area, Clubhouse-Clubroom, Community Room, Exercise Room, Heated Pool, Pool, Private Pool, Sauna, Spa/Hot Tub","0","","As Is","Homeowners","Condo/Co-Op/Villa/Townhouse","Lagoon, Ocean View","Covered Parking",""
"A12053082","Southeast Florida Regional","Active","2300000","2300000","2300000","","","","","","2026-07-14 19:43:51","17","17","2705","Upstairs","2","2","1","1100 Biscayne Blvd #1501, MIAMI FL 33132","MARQUIS CONDO","Ok To Lease","Unfurnished","Tenant Occupied","180","False","False","No Terms","MARQUIS CONDO","33132","2009","3284","","False","67","1501","","1501","Bay Front","Bar, Clubhouse-Clubroom, Elevator, Exercise Room, Exterior Lighting, Pool, Sauna, Spa/Hot Tub, Trash Chute","28900","False","As Is, Documents Available, Flood Zone","Condo","Condo/Co-Op/Villa/Townhouse","Bay, Ocean View, Skyline View","1 Space, None, Valet Parking",""
"A12042693","Southeast Florida Regional","Active","2300000","2300000","2300000","","","","","","2026-07-06 15:54:53","25","25","1250","","2","2","0","4201 Collins Ave #2301, MIAMIBCH FL 33140","La Tour","Other Restrictions","","Vacant","180","False","False","All Cash, Conventional","La Tour","33140","1995","2022","","True","26","23","","2301","Ocean Access, Ocean Front","Exercise Room, Other Amenities, Pool","20700","False","As Is","Condo","Condo/Co-Op/Villa/Townhouse","Intracoastal View, Ocean View, Skyline View","1 Space, Additional Spaces Available, Valet Parking",""
"A12051493","Southeast Florida Regional","Active","2300000","2300000","2300000","","","","","","2026-07-10 18:20:16","21","21","1281","","3","2","1","2831 S Bayshore Dr #501, MIAMI FL 33133","Park Grove Residences","No Trucks/Rv'S, Ok To Lease","","Tenant Occupied","180","False","False","All Cash, Conventional","Park Grove Residences","33133","2018","2025","1652","False","23","5","","501","Bay Front","Bar, Child Play Area, Elevator, Exercise Room, Other Amenities, Sauna, Spa/Hot Tub","28904","False","As Is","Condo","Condo/Co-Op/Villa/Townhouse","Other View","1 Space, Assigned Parking, Covered Parking",""
"A12049058","Southeast Florida Regional","Active","2299000","2299000","2299000","","","","","","2026-07-20 00:40:33","11","11","2972","","3","3","1","13621 Deering Bay Dr #502, CORALGBL FL 33158","DEERING BAY","Exterior Alterations, Okay To Lease 1st Year, Other Restrictions","Unfurnished","Vacant","365","False","False","All Cash, Conventional","DEERING BAY","33158","2003","8589","781","False","13","5","Coming Soon","502","","Bbq/Picnic Area, Bike Storage, Bike/Jog Path, Clubhouse-Clubroom, Elevator, Exercise Room, Golf Purchase Required, Heated Pool, Marina, Other Membership Available, Pool, Spa/Hot Tub, Trash Chute","17224","True","As Is, Documents Available","Condo","Condo/Co-Op/Villa/Townhouse","Golf View, Pool Area View, Skyline View","2 Or More Spaces, Assigned Parking",""
"B26056567","Beaches MLS","Active","2250000","2250000","2250000","","","","","","2026-07-25 16:12:01","5","5","2018","Entry Level","3","4","0","488 NE 18th Street #1515, Miami FL 33132","","Assoc Approval Required","Unfurnished","Vacant","","False","","All Cash, Conventional, FHA, FHA 203K, Va","","33132","2018","2267","","True","53","15","","1515","Other Waterfront","Billiard Room, Bbq/Picnic Area, Card/Electric Gate, Clubhouse, Clubhouse-Clubroom, Community Pool, Elevator, Exercise Room, Pool, Pool Table, Private Pool, Spa/Hot Tub, Trash Chute","0","False","Homestead Exemption","Condo","Condo/Co-Op/Villa/Townhouse","","2 Or More Spaces, Assigned Parking, Awning, Covered Parking, Detached, Parking Garage, Valet Parking",""
"A12053682","Southeast Florida Regional","Active","2225000","2225000","2225000","","","","","","2026-07-15 21:59:35","16","16","2204","","3","4","0","851 NE 1st Ave #3201, MIAMI FL 33132","Paramount","Corporate Buyer OK, No Daily Rentals, No Trucks/Rv'S","","Call Listing Agent","30","False","False","All Cash, Conventional","Paramount","33132","2019","3889","","False","58","32","","3201","","Bbq/Picnic Area, Billiard Room, Cabana, Clubhouse-Clubroom, Community Room, Exercise Room","28202","False","As Is","Condo","Condo/Co-Op/Villa/Townhouse","Pool Area View, Skyline View, Water View","2 Or More Spaces",""
"B26058400","Beaches MLS","Active","2200000","2200000","2200000","","","","","","2026-07-30 19:39:54","1","1","978","Entry Level","2","2","0","2831 S Bayshore Drive #2204, Miami FL 33133","","Assoc Approval Required, No Restrictions","","","","False","","All Cash, Conventional","","33133","2018","2884","","False","23","22","","2204","","Bar, Bike Storage, Bbq/Picnic Area, Business Center, Clubhouse, Clubhouse-Clubroom, Community Room, Community Pool, Elevator, Exercise Room, Maintained Community, Management On Site, Pool, Private Pool, Sauna, Security Patrol, Spa/Hot Tub, Trash Chute","18855","False","","Condo","Condo/Co-Op/Villa/Townhouse","","1 Space, 2 Or More Spaces, Assigned Parking, Awning, Covered Parking, Detached, Parking Garage",""
"A12057873","Southeast Florida Regional","Active","2200000","2200000","2200000","","","","","","2026-07-22 09:34:31","9","9","3842","","3","3","0","1865 Brickell Ave #1865, MIAMI FL 33129","BRICKELL PLACE CONDO","Other Restrictions","","Call Listing Agent","365","False","False","All Cash, Conventional, Cryptocurrency","BRICKELL PLACE CONDO","33129","1975","2587","","True","18","18","","1865","Bay Front","Other Amenities","20391","True","Other Special Info","Condo","Condo/Co-Op/Villa/Townhouse","Bay","1 Space",""
"A12048965","Southeast Florida Regional","Active","2199000","2199000","2199000","","","","","","2026-07-06 22:16:50","25","25","1882","","3","3","0","9940 W Bay Harbor Dr #7G-S, BAYHARIS FL 33154","Kai at Bay Harbor","Ok To Lease","","Owner Occupied","180","False","False","All Cash, Conventional","Kai at Bay Harbor","33154","2016","2814","","True","7","7","","7G-S","Canal Front, No Fixed Bridges, Ocean Access","Bbq/Picnic Area, Bike Storage, Community Room, Exercise Room, Marina, Pool, Spa/Hot Tub","24933","False","As Is","Condo","Condo/Co-Op/Villa/Townhouse","Canal, Intracoastal View","2 Or More Spaces",""
"A12053328","Southeast Florida Regional","Active","2195000","2195000","2195000","","","","","","2026-07-31 12:08:39","4","4","742","","1","1","1","50 S Pointe Dr #510, MIAMIBCH FL 33139","Continuum North Tower","Other Restrictions","","Call Listing Agent","180","False","False","All Cash, Conventional","Continuum North Tower","33139","2008","2340","","False","37","5","","510","","Bar, Bike Storage, Business Center, Elevator, Exercise Room, Exterior Lighting, Heated Pool, Other Amenities, Pool, Sauna, Spa/Hot Tub, Tennis, Trash Chute","20737","True","As Is","Condo","Condo/Co-Op/Villa/Townhouse","Other View","Assigned Parking, Guest Parking, Valet Parking",""
"A12055569","Southeast Florida Regional","Active","2150000","2150000","2150000","","","","","","2026-07-17 14:42:16","14","14","2120","","3","3","0","16711 Collins Ave #1207, SUNNYISL FL 33160","SANDS POINTE","Ok To Lease, Okay To Lease 1st Year","","Call Listing Agent","183","False","False","All Cash, Conventional","SANDS POINTE","33160","1996","1913","1913","True","28","12","","1207","Ocean Access, Ocean Front","Exercise Room, Hobby Room, Pool, Private Beach Pavilion, Private Pool, Spa/Hot Tub, Tennis","19332","True","As Is","Condo","Condo/Co-Op/Villa/Townhouse","Ocean View, Direct Ocean","2 Or More Spaces, Covered Parking, Valet Parking",""
"A12056485","Southeast Florida Regional","Active","2150000","2150000","2150000","","","","","","2026-07-20 14:50:20","11","11","1930","","3","2","1","199 Ocean Lane Dr #201, KEYBISCY FL 33149","Commodore Club South","See Broker Remarks","","Call Listing Agent","365","False","False","All Cash, Conventional","Commodore Club South","33149","1974","0","5379","True","12","2","","201","Ocean Front","Community Room, Elevator, Heated Pool","23661","False","As Is","Condo","Condo/Co-Op/Villa/Townhouse","Other View","1 Space",""
"A12060104","Southeast Florida Regional","Active","2149000","2149000","2149000","","","","","","2026-07-28 10:05:08","5","5","1614","","2","2","1","18201 Collins Ave #4106, SUNNYISL FL 33160","TRUMP ROYALE","Okay To Lease 1st Year","","Call Listing Agent","180","False","False","All Cash, Conventional","TRUMP ROYALE","33160","2008","1979","","True","56","41","","4106","Ocean Front","Bar, Exercise Room, Heated Pool, Other Amenities, Pool, Private Beach Pavilion, Sauna, Spa/Hot Tub, Tennis","16998","False","As Is","Homeowners","Condo/Co-Op/Villa/Townhouse","Intracoastal View, Ocean View, Water View","Valet Parking",""
"A12049653","Southeast Florida Regional","Active","2136000","2136000","2136000","","","","","","2026-07-13 10:25:13","18","18","1652","","2","2","1","3501 NE 1st Ave #2105, MIAMI FL 33137","Jean Georges Miami Tropic","Okay To Lease 1st Year","Unfurnished","Call Listing Agent","90","False","False","All Cash","Jean Georges Miami Tropic","33137","2029","3271","","False","49","33","","2105","","Bar, Bike Storage, Business Center, Cabana, Child Play Area, Clubhouse-Clubroom, Community Room, Elevator, Exercise Room, Heated Pool, Library, Other Amenities, Sauna, Spa/Hot Tub","0","False","None","Condo","Condo/Co-Op/Villa/Townhouse","Other View, Skyline View","Assigned Parking, Valet Parking",""
"A12052366","Southeast Florida Regional","Active","2100000","2100000","2100000","","","","","","2026-07-14 23:41:27","17","17","","Entry Level","3","3","1","9901 W Bay Harbor Dr #401, BAYHARIS FL 33154","Alana Bay Harbor","No Daily Rentals, Ok To Lease, Okay To Lease 1st Year","Unfurnished","Call Listing Agent","30","False","False","All Cash, Conventional, Other Terms, Will Rent","Alana Bay Harbor","33154","2025","2800","","False","8","4","","401","","Bbq/Picnic Area, Business Center, Clubhouse-Clubroom, Community Room, Elevator, Exercise Room, Exterior Lighting, Extra Storage, Other Amenities, Pool, Trash Chute","0","False","As Is","Condo, Homeowners","Condo/Co-Op/Villa/Townhouse","Other View, Skyline View","2 Or More Spaces, Covered Parking, Electric Vehicle Charging Station",""
"A12049469","Southeast Florida Regional","Active","2100000","2100000","2100000","","","","","","2026-07-27 10:50:48","23","23","1387","Entry Level","2","2","0","6799 Collins Ave #1402, MIAMIBCH FL 33141","The Carillon","Ok To Lease, Other Restrictions, Renting Limited","Furnished","Call Listing Agent","180","False","False","All Cash, Conventional","The Carillon","33141","2008","190","4991","True","21","14","","1402","Ocean Access, Ocean Front","Bike/Jog Path, Business Center, Clubhouse-Clubroom, Community Room, Elevator, Exercise Room, Extra Storage, Other Amenities, Pool, Private Beach Pavilion, Private Pool, Sauna, Spa/Hot Tub, Trash Chute","24699","False","As Is","Condo","Condo/Co-Op/Villa/Townhouse","Ocean View, Direct Ocean, Water View","1 Space, Valet Parking",""
"A12054513","Southeast Florida Regional","Active","2100000","2100000","2100000","","","","","","2026-07-16 15:14:54","15","15","1878","","2","2","1","1331 Brickell Bay Dr #2601, MIAMI FL 33131","JADE RESIDENCES AT BRICKE","Other Restrictions","","Tenant Occupied","90","False","False","All Cash, Conventional","JADE RESIDENCES AT BRICKE","33131","2004","2571","","True","48","26","","2601","Bay Front","Business Center, Elevator, Exercise Room, Pool, Sauna, Trash Chute, Vehicle Wash Area","28571","","As Is","Homeowners","Condo/Co-Op/Villa/Townhouse","Bay","2 Or More Spaces, Valet Parking",""
"A12052944","Southeast Florida Regional","Active","2100000","2100000","2100000","","","","","","2026-07-15 12:58:34","16","16","2097","","3","3","0","495 Brickell #5705, MIAMI FL 33131","Icon Brickell","No Restrictions, Ok To Lease","","Vacant","0","False","False","All Cash, Conventional, FHA, Other Terms","Icon Brickell","33131","2009","1800","","True","57","57","","5705","Bay Front, Intracoastal Front","Bar, Bike Storage, Billiard Room, Business Center, Clubhouse-Clubroom, Community Room, Exercise Room, Exterior Lighting, Heated Pool","0","","As Is","Homeowners","Condo/Co-Op/Villa/Townhouse","Bay, Canal, Intracoastal View","Additional Spaces Available, Assigned Parking, Covered Parking",""
"A12054808","Southeast Florida Regional","Active","2090000","2090000","2090000","","","","","","2026-07-16 12:14:26","15","15","2219","","3","3","1","17301 Biscayne Blvd #1609, NMIAMIBC FL 33160","MARINA PALMS RESIDENCES","No Daily Rentals, Ok To Lease, Other Restrictions","","Tenant Occupied","180","False","False","All Cash, Conventional","MARINA PALMS RESIDENCES","33160","2015","2647","","True","24","16","","1609","Bay Front, Intracoastal Front","Bbq/Picnic Area, Business Center, Child Play Area, Community Room, Elevator, Exercise Room, Heated Pool, Kitchen Facilities, Sauna, Spa/Hot Tub, Trash Chute","25200","","As Is","Homeowners","Condo/Co-Op/Villa/Townhouse","Bay, Intracoastal View, Ocean View","2 Or More Spaces, Covered Parking, Valet Parking",""
"A12055141","Southeast Florida Regional","Active","2090000","2090000","2090000","","","","","","2026-07-16 17:09:43","15","15","1878","","2","2","1","1331 Brickell Bay Dr #1611, MIAMI FL 33131","Jade Residences at Bricke","Ok To Lease, Other Restrictions","Unfurnished","Tenant Occupied","180","False","False","All Cash, Conventional, Other Terms","Jade Residences at Bricke","33131","2004","2572","","True","48","15","","1611","Bay Front","Elevator, Pool, Spa/Hot Tub, Trash Chute","28314","True","As Is, Flood Zone","Condo, Other","Condo/Co-Op/Villa/Townhouse","Bay, Water View","1 Space, Covered Parking, Other Parking, Valet Parking",""
"A12053658","Southeast Florida Regional","Active","2072000","2072000","2072000","","","","","","2026-07-15 14:26:58","17","17","1036","","1","2","","39 NE 39th Street #405, MIAMI FL 33137","Fouquet's","Ok To Lease, Renting Limited","","Vacant","180","False","False","All Cash","Fouquet's","33137","2030","2451","","False","26","4","","405","","Bar, Bike Storage, Business Center, Clubhouse-Clubroom, Elevator, Exercise Room, Extra Storage, Heated Pool, Kitchen Facilities, Sauna, Spa/Hot Tub, Trash Chute","0","False","As Is","Condo","Condo/Co-Op/Villa/Townhouse","Other View","Assigned Parking, Covered Parking, Valet Parking",""
"A12057345","Southeast Florida Regional","Active","2000000","2000000","2000000","","","","","","2026-07-22 12:22:38","9","9","1878","","2","2","1","1331 Brickell Bay Dr #2801, MIAMI FL 33131","JADE RESIDENCES AT BRICKE","Corporate Buyer OK, Other Restrictions","","Vacant","365","False","False","All Cash, Conventional","JADE RESIDENCES AT BRICKE","33131","2004","2671","","True","48","28","","2801","Bay Front, Intracoastal Front, Ocean Front","Business Center, Elevator, Exercise Room, Other Amenities, Pool, Sauna, Spa/Hot Tub","30220","True","As Is","Condo","Condo/Co-Op/Villa/Townhouse","Bay, Intracoastal View, Ocean View, Water View","2 Or More Spaces",""
"A12049333","Southeast Florida Regional","Active","1699000","2000000","2000000","","","","","","2026-07-07 11:08:50","241","24","1437","","2","2","1","300 Biscayne Boulevard Way #3009W, MIAMI FL 33131","ASTON MARTIN RESIDENCE","Ok To Lease","","Tenant Occupied","180","False","False","All Cash, Conventional","ASTON MARTIN RESIDENCE","33131","2024","0","","False","62","30","","3009W","","Boat Dock, Exercise Room","18739","False","As Is","Condo","Condo/Co-Op/Villa/Townhouse","Bay","1 Space, Valet Parking",""
"A12049703","Southeast Florida Regional","Active","1999999","1999999","1999999","","","","","","2026-07-14 16:08:48","24","24","1802","","2","2","1","1040 Biscayne Blvd #3802, MIAMI FL 33132","TEN MUSEUM PARK","Exterior Alterations, Other Restrictions","Unfurnished","Tenant Occupied","90","False","False","All Cash, Conventional","TEN MUSEUM PARK","33132","2007","2857","","True","50","38","","3802","Bay Front","Bike Storage, Exercise Room, Extra Storage, Heated Pool, Private Beach Pavilion, Spa/Hot Tub, Trash Chute","10931","True","As Is","Condo","Condo/Co-Op/Villa/Townhouse","Bay, Ocean View, Skyline View","2 Or More Spaces, Guest Parking, Valet Parking",""
"A12055957","Southeast Florida Regional","Active","1999000","1999000","1999000","","","","","","2026-07-21 22:07:29","10","10","1286","","2","2","","77 SE 5th Street #3902, MIAMI FL 33131","Viceroy Brickell","Ok To Lease","","Vacant","30","False","False","All Cash, Conventional","Viceroy Brickell","33131","2026","1457","","True","45","39","","3902","River Front","Business Center, Exercise Room, Pool","0","False","Other Special Info","Condo","Condo/Co-Op/Villa/Townhouse","River, Skyline View","1 Space, Covered Parking, Valet Parking",""
"A12050125","Southeast Florida Regional","Active","1990000","1990000","1990000","","","","","","2026-07-13 17:39:24","18","18","","","2","2","1","300 Biscayne Blvd Way #4309, MIAMI FL 33131","Aston Martin Residences","No Daily Rentals, Ok To Lease","Furnished","Call Listing Agent","90","False","False","All Cash, Conventional","Aston Martin Residences","33131","2024","2879","","False","66","43","","4309","","Business Center, Child Play Area, Elevator, Exercise Room, Heated Pool, Other Amenities, Pool, Putting Green, Sauna, Spa/Hot Tub","20686","False","As Is","Condo","Condo/Co-Op/Villa/Townhouse","Other View, Skyline View","1 Space, Valet Parking",""
"A12048773","Southeast Florida Regional","Active","1980000","1980000","1980000","","","","","","2026-07-08 16:10:38","25","25","1820","","3","2","1","181 Crandon Blvd #301, KEYBISCY FL 33149","Key Colony 4","Ok To Lease","Unfurnished","Call Listing Agent","120","False","False","All Cash, Conventional","Key Colony 4","33149","1981","2252","","True","4","3","","301","Ocean Access, Ocean Front","Bbq/Picnic Area, Bike Storage, Child Play Area, Community Room, Elevator, Exercise Room, Pool, Tennis","16880","False","As Is","Condo","Condo/Co-Op/Villa/Townhouse","Garden View","2 Or More Spaces",""
"A12046488","Southeast Florida Regional","Active","1975000","1975000","1975000","","","","","","2026-07-01 17:03:10","855","30","1230","Entry Level","2","2","0","2301 Collins Ave #PH22, MIAMIBCH FL 33139","RONEY PALACE CONDO","Ok To Lease, Other Restrictions","Unfurnished","Owner Occupied","30","False","False","All Cash, Conventional, FHA","RONEY PALACE CONDO","33139","1926","2640","","True","17","17","","PH22","Ocean Access, Ocean Front","Bike Storage, Common Laundry, Exercise Room, Extra Storage, Heated Pool, Other Amenities, Private Pool, Spa/Hot Tub, Trash Chute","25740","False","As Is","Condo","Condo/Co-Op/Villa/Townhouse","Bay, Skyline View, Water View","1 Space, Parking-Under Building, Valet Parking",""
"A12049504","Southeast Florida Regional","Active","1951000","1951000","1951000","","","","","","2026-07-08 09:26:39","23","23","1307","","2","2","1","3501 NE 1st Ave #3508, MIAMI FL 33137","Jean Georges Miami Tropic","Okay To Lease 1st Year","Unfurnished","Call Listing Agent","90","False","False","All Cash","Jean Georges Miami Tropic","33137","2029","2588","","False","49","35","","3508","","Bar, Bike Storage, Business Center, Cabana, Child Play Area, Clubhouse-Clubroom, Community Room, Elevator, Exercise Room, Heated Pool, Library, Other Amenities, Sauna, Spa/Hot Tub","0","False","None","Condo","Condo/Co-Op/Villa/Townhouse","Other View, Skyline View","Assigned Parking, Valet Parking",""
"A12056583","Southeast Florida Regional","Active","1950900","1950900","1950900","","","","","","2026-07-20 13:18:19","1096","11","2599","","4","4","1","3300 NE 188 St. #611, AVENTUR FL 33180","ECHO CONDO AVENTURA","Ok To Lease","Unfurnished","Call Listing Agent","180","False","False","All Cash, Conventional, Other Terms","ECHO CONDO AVENTURA","33180","2015","3137","0","True","11","6","","611","Bay Front, Ocean Access, Ocean Front","Business Center, Exercise Room, Heated Pool, Other Amenities, Other Membership Included, Pool, Spa/Hot Tub","17079","False","As Is","Condo","Condo/Co-Op/Villa/Townhouse","Ocean View, Direct Ocean","2 Or More Spaces, Assigned Parking, Valet Parking",""
"A12055215","Southeast Florida Regional","Active","1895000","1895000","1895000","","","","","","2026-07-24 17:42:49","128","7","1809","Entry Level","2","2","1","2001 Meridian Ave #PH-16, MIAMIBCH FL 33139","The Meridian","No Daily Rentals, Ok To Lease, Okay To Lease 1st Year","Unfurnished","Owner Occupied","181","False","False","All Cash, Conventional","The Meridian","33139","2005","2681","","False","6","6","","PH-16","Canal Front","Exercise Room, Pool","17142","False","Restriction On Pets","Condo","Condo/Co-Op/Villa/Townhouse","Canal, Garden View, Skyline View","2 Or More Spaces, Assigned Parking, Covered Parking",""
"A12049080","Southeast Florida Regional","Active","1890000","1890000","1890000","","","","","","2026-07-07 09:44:05","25","25","1634","","3","3","1","3131 NE 7th Ave #1806, MIAMI FL 33137","ONE PARAISO","Ok To Lease","","Tenant Occupied","180","False","False","All Cash, Conventional","ONE PARAISO","33137","2018","2628","","True","53","18","","1806","Bay Front","Community Room, Exercise Room","22558","False","As Is","Condo","Condo/Co-Op/Villa/Townhouse","Bay","1 Space, Assigned Parking, Covered Parking",""
"A12051477","Southeast Florida Regional","Active","1885000","1885000","1885000","","","","","","2026-07-10 13:14:56","21","21","1571","Entry Level","2","3","","2411 Laguna Cr #611, MIAMI FL 33181","ONE Park Tower","See Broker Remarks","","Call Listing Agent","30","False","False","All Cash, Conventional","ONE Park Tower","33181","2026","0","","False","32","6","","611","Lagoon Front","Bbq/Picnic Area, Bike Storage, Bike/Jog Path, Billiard Room, Cabana, Child Play Area, Exercise Room, Pool, Sauna, Spa/Hot Tub","0","False","As Is","Condo","Condo/Co-Op/Villa/Townhouse","Garden View, Lagoon, Pool Area View","1 Space, Valet Parking",""
"A12055008","Southeast Florida Regional","Active","1875000","1875000","1875000","","","","","","2026-07-16 20:28:12","15","15","2433","","2","2","1","3301 NE 183rd St #502, AVENTUR FL 33160","THE PENINSULA II CONDO","Ok To Lease","","Call Listing Agent","180","False","False","All Cash, Conventional","THE PENINSULA II CONDO","33160","2007","2295","","True","31","5","","502","Intracoastal Front","Basketball Courts, Bbq/Picnic Area, Bike Storage, Billiard Room, Business Center, Exercise Room, Extra Storage, Library, Pool, Sauna, Spa/Hot Tub, Tennis","16951","False","Completely Renovated","Condo","Condo/Co-Op/Villa/Townhouse","Garden View, Intracoastal View, Water View","2 Or More Spaces, Valet Parking",""
"A12049144","Southeast Florida Regional","Active","1865000","1865000","1865000","","","","","","2026-07-07 14:17:31","203","24","2518","","3","4","1","3250 NE 188th St #608, AVENTUR FL 33180","ECHO AVENTURA","No Daily Rentals, See Broker Remarks","Unfurnished","Owner Occupied","365","False","False","All Cash, Conventional","ECHO AVENTURA","33180","2015","3520","","True","11","6","","608","Bay Front","Community Room, Elevator, Exercise Room, Heated Pool","25018","False","As Is, Completely Renovated","Condo","Condo/Co-Op/Villa/Townhouse","Bay, Garden View, Intracoastal View, Ocean View, Other View","2 Or More Spaces, Covered Parking, Valet Parking",""
"B26056725","Beaches MLS","Active","1850000","1850000","1850000","","","","","","2026-07-26 11:20:23","5","5","1634","","3","3","1","3131 NE 7th Avenue #2206, Miami FL 33137","","Assoc Approval Required, Ok To Lease With Res, No Daily Rentals, No Trucks/Rv'S","Furnished","Call Listing Agent","","False","","Lease Option, Will Rent","","33137","2018","2502","","True","53","22","","2206","","Boat Dock, Cabana, Card/Electric Gate, Community Room, Community Pool, Elevator, Exercise Room, Heated Pool, Maintained Community, Management On Site, Pool, Private Pool, Sauna, Security Patrol, Spa/Hot Tub, Trash Chute","24668","False","","Condo","Condo/Co-Op/Villa/Townhouse","","1 Space, Garage-Under Building, Parking Garage, Parking-Under Building, Valet Parking",""
"A12058689","Southeast Florida Regional","Active","1850000","1850000","1850000","","","","","","2026-07-23 17:45:24","8","8","2786","","4","4","1","420 NE 62nd St #B, MIAMI FL 33138","MIMO 62nd Sky Collection","Ok To Lease","","Call Listing Agent","0","False","False","All Cash, Conventional","MIMO 62nd Sky Collection","33138","2026","0","","False","3","1","","B","","Other Amenities","8358","","As Is","Other","Condo/Co-Op/Villa/Townhouse","Pool Area View","2 Or More Spaces, Assigned Parking",""
"A12046513","Southeast Florida Regional","Active","1850000","1850000","1850000","","","","","","2026-07-01 13:52:41","152","30","1380","","2","2","0","4775 Collins Ave #2407, MIAMIBCH FL 33140","GREEN DIAMOND CONDO","Ok To Lease","Furnished","Call Listing Agent","365","False","False","All Cash, Conventional","GREEN DIAMOND CONDO","33140","2000","0","","True","44","24","","2407","Bay Front, Ocean Access, Ocean Front","Bar, Child Play Area, Elevator, Exercise Room, Heated Pool, Marina, Pickleball, Pool, Sauna, Spa/Hot Tub","20665","False","As Is","Condo","Condo/Co-Op/Villa/Townhouse","Bay","1 Space",""
"A12051103","Southeast Florida Regional","Active","1850000","1850000","1850000","","","","","","2026-07-10 10:48:21","21","21","1042","Entry Level","2","2","0","400 S Pointe Dr #1805, MIAMIBCH FL 33139","South Pointe Towers Condo","Okay To Lease 1st Year, Other Restrictions","","Vacant","120","False","False","All Cash, Conventional","South Pointe Towers Condo","33139","1987","2012","2012","True","23","18","","1805","Bay Front","Business Center, Community Room, Elevator, Exercise Room","14196","False","As Is","Condo","Condo/Co-Op/Villa/Townhouse","Bay, Skyline View, Water View","2 Or More Spaces, Assigned Parking, Covered Parking",""
"A12054709","Southeast Florida Regional","Active","1845000","1845000","1845000","","","","","","2026-07-16 17:46:50","350","15","2150","","3","3","0","19111 Collins Ave #2503, SUNNYISL FL 33160","OCEAN TWO","Ok To Lease","","Vacant","180","False","False","All Cash, Conventional","OCEAN TWO","33160","2001","2100","","True","35","25","","2503","Ocean Access, Ocean Front","Bike Storage, Business Center, Child Play Area, Elevator, Exercise Room, Other Amenities, Pool, Sauna, Spa/Hot Tub","21247","False","None","Condo","Condo/Co-Op/Villa/Townhouse","Intracoastal View, Ocean View, Direct Ocean, Other View, Pool Area View, Skyline View, Water View","1 Space",""
"A12049418","Southeast Florida Regional","Active","1804000","1804000","1804000","","","","","","2026-07-14 16:10:42","24","24","902","","1","1","1","3995 N Miami Avenue #404, MIAMI FL 33137","Fouquet's","Ok To Lease, Renting Limited","","Vacant","180","False","False","All Cash","Fouquet's","33137","2030","2138","","False","26","4","","404","","Bar, Bike Storage, Business Center, Clubhouse-Clubroom, Elevator, Exercise Room, Extra Storage, Heated Pool, Kitchen Facilities, Sauna, Spa/Hot Tub, Trash Chute","0","False","As Is","Condo","Condo/Co-Op/Villa/Townhouse","Other View","Assigned Parking, Covered Parking, Valet Parking",""
"A12058716","Southeast Florida Regional","Active","1800000","1800000","1800000","","","","","","2026-07-23 12:52:44","182","8","1732","","2","2","1","700 NE 26th Ter #903, MIAMI FL 33137","Missoni Baia","Exterior Alterations","","Tenant Occupied","180","False","False","All Cash, Conventional","Missoni Baia","33137","2023","2795","","True","55","9","","903","Bay Front","Bike Storage, Business Center, Cabana, Child Play Area","21196","","As Is","Homeowners","Condo/Co-Op/Villa/Townhouse","Bay","1 Space",""
"A12062374","Southeast Florida Regional","Active","1799000","1799000","1799000","","","","","","2026-07-30 14:21:42","1","1","1651","","3","3","1","700 NE 24th St #503, MIAMI FL 33137","Aria Reserve Miami","Ok To Lease","Unfurnished","Call Listing Agent","365","False","False","All Cash, Conventional","Aria Reserve Miami","33137","2025","1651","","True","62","0","","503","Bay Front, Intracoastal Front, Ocean Access, Seawall","Basketball Courts, Cabana, Child Play Area, Clubhouse-Clubroom, Exercise Room, Handball/Basketball, Pool, Sauna, Spa/Hot Tub, Tennis","0","False","As Is","Condo","Condo/Co-Op/Villa/Townhouse","Bay","1 Space, Valet Parking",""
"A12051369","Southeast Florida Regional","Active","1799000","1799000","1799000","","","","","","2026-07-20 14:49:00","11","11","1759","","2","2","0","2575 S Bayshore Dr #5B, COCOGROV FL 33133","THE COCONUT GROVE BAYSHOR","Other Restrictions, Renting Limited","Unfurnished","Call Listing Agent","365","False","False","All Cash, Conventional","THE COCONUT GROVE BAYSHOR","33133","1982","3103","","False","16","5","","5B","","Elevator, Exercise Room, Exterior Lighting, Extra Storage, Pool, Tennis, Trash Chute","16140","False","As Is","Condo","Condo/Co-Op/Villa/Townhouse","Bay, Garden View, Tennis Court View","2 Or More Spaces, Assigned Parking, Covered Parking, Deeded Parking",""
"A12060428","Southeast Florida Regional","Active","1798000","1798000","1798000","","","","","","2026-07-31 10:46:08","4","4","1569","","3","3","","2411 Laguna Circle #306, MIAMI FL 33181","ONE Park Tower","See Broker Remarks","Unfurnished","Vacant","30","False","False","All Cash, Conventional","ONE Park Tower","33181","2026","1690","","True","32","3","","306","Lagoon Front","Bbq/Picnic Area, Bike Storage, Bike/Jog Path, Billiard Room, Cabana, Child Play Area, Exercise Room, Other Amenities, Pool, Sauna, Spa/Hot Tub","0","False","As Is","Condo","Condo/Co-Op/Villa/Townhouse","Lagoon, Other View","1 Space, Valet Parking",""
"A12049858","Southeast Florida Regional","Active","1795000","1795000","1795000","","","","","","2026-07-08 16:19:47","23","23","1587","","3","2","0","2901 S Bayshore Dr #1G, MIAMI FL 33133","Yacht Harbour Condo","No Daily Rentals, No Trucks/Rv'S","","Tenant Occupied","180","False","False","All Cash, Conventional","Yacht Harbour Condo","33133","1975","1984","","False","18","1","","1G","","Bbq/Picnic Area, Clubhouse-Clubroom, Common Laundry, Exercise Room, Extra Storage, Heated Pool, Library, Pickleball, Pool, Sauna, Tennis","11899","True","As Is","Condo, Homeowners","Condo/Co-Op/Villa/Townhouse","Other View","1 Space, Assigned Parking, Covered Parking",""
"A12058964","Southeast Florida Regional","Active","1790000","1790000","1790000","","","","","","2026-07-24 16:00:03","7","7","830","Entry Level","2","2","","2700 NW 2nd Ave #422, MIAMI FL 33127","NOMAD WYNWOOD RESIDENCES","Corporate Buyer OK, Daily Rentals Allowed, Ok To Lease, Okay To Lease 1st Year","Furnished","Call Listing Agent","1","False","False","All Cash, Conventional","NOMAD WYNWOOD RESIDENCES","33127","2026","1222","","False","8","4","","422","","Bar, Bbq/Picnic Area, Business Center, Cabana, Clubhouse-Clubroom, Community Room, Elevator, Exercise Room, Exterior Lighting, Heated Pool, Hobby Room, Library, Spa/Hot Tub, Trash Chute","0","False","As Is","Condo","Condo/Co-Op/Villa/Townhouse","Other View, Skyline View","1 Space, Valet Parking",""
"A12047582","Southeast Florida Regional","Active","1780000","1779000","1779000","","","","","","2026-07-02 20:09:17","194","29","1886","","2","2","1","17201 Collins Ave #1807, SUNNYISL FL 33160","OCEAN FOUR","Ok To Lease, Other Restrictions","Unfurnished","Vacant","120","False","False","All Cash, Conventional","OCEAN FOUR","33160","2006","1924","","True","45","18","","1807","Ocean Front","Elevator, Exercise Room","11955","True","As Is","Condo","Condo/Co-Op/Villa/Townhouse","Ocean View, Other View","2 Or More Spaces, Other Parking",""
"A12055072","Southeast Florida Regional","Active","1750000","1750000","1750000","","","","","","2026-07-16 16:05:14","108","15","2496","","4","3","1","7928 East Drive #106, NBAYVLGE FL 33141","ELOQUENCE ON THE BAY","No Daily Rentals","","Call Listing Agent","365","False","False","All Cash, Conventional","ELOQUENCE ON THE BAY","33141","2009","2659","","True","20","1","","106","Bay Front","Clubhouse-Clubroom, Elevator, Exercise Room, Pickleball, Pool, Spa/Hot Tub","1552","","As Is","Homeowners","Condo/Co-Op/Villa/Townhouse","Bay","2 Or More Spaces",""
"A12053858","Southeast Florida Regional","Active","1750000","1750000","1750000","","","","","","2026-07-15 13:48:20","16","16","958","","1","1","1","4391 COLLINS AVE #1707, MIAMIBCH FL 33140","FONTAINBLEAU SORRENTO","Daily Rentals Allowed","","Vacant","365","False","False","All Cash, Conventional","FONTAINBLEAU SORRENTO","33140","2008","1644","","True","19","17","","1707","Ocean Access, Ocean Front","Bar, Billiard Room, Business Center, Clubhouse-Clubroom, Exercise Room, Heated Pool, Other Amenities, Pool, Sauna, Spa/Hot Tub","18800","False","As Is","Condo","Condo/Co-Op/Villa/Townhouse","Intracoastal View, Ocean View, Pool Area View, Skyline View","1 Space, Valet Parking",""
"A12061403","Southeast Florida Regional","Active","1750000","1750000","1750000","","","","","","2026-07-29 09:27:10","3","3","2456","","3","3","1","90 SW 3rd St #PH-17, MIAMI FL 33130","IVY CONDO","No Restrictions","Unfurnished","Call Listing Agent","180","False","False","Conventional","IVY CONDO","33130","2008","0","","False","46","46","","PH-17","Intracoastal Front","Pool","1471","False","As Is","Condo","Condo/Co-Op/Villa/Townhouse","Intracoastal View, Ocean View, River","2 Or More Spaces",""
"A12052669","Southeast Florida Regional","Active","1749999","1749999","1749999","","","","","","2026-07-13 14:50:39","18","18","1798","","3","3","0","245 Michigan Ave #LG-5, MIAMIBCH FL 33139","THE ABSOLUT","No Daily Rentals","","Owner Occupied","180","False","False","All Cash, Conventional","THE ABSOLUT","33139","2004","1244","","False","4","2","","LG-5","","Community Room, Elevator, Pool","19231","False","As Is","Condo","Condo/Co-Op/Villa/Townhouse","Other View, Skyline View","1 Space, Additional Spaces Available, Covered Parking",""
"A12060802","Southeast Florida Regional","Active","1600000","1745000","1745000","","","","","","2026-07-27 19:17:24","4","4","0","","2","2","0","580 72nd St #602, MIAMIBCH FL 33141","72 Park","Ok To Lease","Furnished","Call Listing Agent","1","False","False","All Cash, Conventional","72 Park","33141","2026","1900","","True","25","6","","602","Bay Front, Ocean Front","Clubhouse-Clubroom, Community Room, Pool","0","False","None","Condo","Condo/Co-Op/Villa/Townhouse","Ocean View, Water View","1 Space",""
"A12050137","Southeast Florida Regional","Active","1750000","1725000","1725000","","","","","","2026-07-08 17:39:58","23","23","1634","","3","3","1","3131 NE 7th Ave #306, MIAMI FL 33137","ONE PARAISO","Ok To Lease","","Call Listing Agent","180","False","False","All Cash, Conventional, Other Terms","ONE PARAISO","33137","2018","0","2628","True","54","3","","306","Bay Front","Bike Storage, Billiard Room","19904","False","As Is","Condo","Condo/Co-Op/Villa/Townhouse","Bay, Water View","1 Space, Assigned Parking, Covered Parking",""
"A12049907","Southeast Florida Regional","Active","1720000","1720000","1720000","","","","","","2026-07-08 12:44:40","23","23","0","","3","3","1","3437 SW 29th St #3437, MIAMI FL 33133","SARA VILLAS III CONDOMINI","Ok To Lease","","Vacant","365","False","False","All Cash, Conventional","SARA VILLAS III CONDOMINI","33133","2026","6000","","False","2","1","","3437","","No Amenities","9364","False","As Is","Condo","Condo/Co-Op/Villa/Townhouse","Garden View, Other View","2 Or More Spaces",""
"A12061864","Southeast Florida Regional","Active","1699000","1699000","1699000","","","","","","2026-07-30 09:53:12","1","1","1680","","2","2","1","18671 Collins Ave #2903, SUNNYISL FL 33160","Millenium Condominium","No Daily Rentals, Ok To Lease, Okay To Lease 1st Year","Furn For Sale","Vacant","180","False","False","All Cash, Conventional, Owner Financing","Millenium Condominium","33160","1999","1476","","True","33","29","","2903","Canal Width 121 Feet Or More, Ocean Access, Ocean Front, Other Waterfront","Bbq/Picnic Area, Bike Storage, Billiard Room, Business Center, Community Room, Elevator, Exercise Room, Extra Storage, Heated Pool, Private Beach Pavilion, Putting Green, Sauna, Spa/Hot Tub, Tennis","17611","False","As Is","Condo","Condo/Co-Op/Villa/Townhouse","Intracoastal View, Ocean View, Direct Ocean","2 Or More Spaces, Assigned Parking, Valet Parking",""
"A12059748","Southeast Florida Regional","Active","1690000","1690000","1690000","","","","","","2026-07-25 09:16:32","6","6","1442","","3","3","0","801 S Miami Ave #5509, MIAMI FL 33130","SLS LUX","No Daily Rentals","Unfurnished","Tenant Occupied","180","False","False","All Cash, Conventional","SLS LUX","33130","2018","2355","","False","58","55","","5509","","Basketball Courts, Community Room, Exercise Room, Heated Pool, Spa/Hot Tub, Tennis","18041","False","As Is","Condo","Condo/Co-Op/Villa/Townhouse","Intracoastal View, River, Skyline View","1 Space",""
"A12049903","Southeast Florida Regional","Active","1690000","1690000","1690000","","","","","","2026-07-08 10:31:15","23","23","0","","3","3","1","2889 SW 35th Ave #2889, MIAMI FL 33133","SARA VILLAS I CONDOMINIUM","Ok To Lease","","Vacant","365","False","False","All Cash, Conventional","SARA VILLAS I CONDOMINIUM","33133","2026","6000","","False","2","1","","2889","","No Amenities","9512","False","As Is","Condo","Condo/Co-Op/Villa/Townhouse","Garden View, Other View","2 Or More Spaces",""
"A12049809","Southeast Florida Regional","Active","1690000","1690000","1690000","","","","","","2026-07-08 10:27:02","23","23","0","","3","3","1","2889 SW 35 Ave #2887, MIAMI FL 33133","SARA VILLAS I CONDOMINIUM","Ok To Lease","","Vacant","365","False","False","All Cash, Conventional","SARA VILLAS I CONDOMINIUM","33133","2026","6000","","False","2","1","","2887","","No Amenities","9512","False","As Is","Condo","Condo/Co-Op/Villa/Townhouse","Garden View, Other View","2 Or More Spaces",""
"A12052235","Southeast Florida Regional","Active","1650000","1650000","1650000","","","","","","2026-07-13 17:11:42","190","18","1900","","2","2","1","19111 Collins Ave #607, SUNNYISL FL 33160","Ocean Two","Ok To Lease","Furnished","Vacant","180","False","False","All Cash, Conventional","Ocean Two","33160","2001","1886","","True","41","6","","607","Ocean Access, Ocean Front","Basketball Courts, Bike Storage, Billiard Room, Business Center, Child Play Area, Exercise Room, Extra Storage, Pickleball, Sauna, Spa/Hot Tub, Tennis","15953","False","As Is","Condo","Condo/Co-Op/Villa/Townhouse","Ocean View, Direct Ocean, Pool Area View","1 Space, Assigned Parking, Valet Parking",""
"A12062080","Southeast Florida Regional","Active","1650000","1650000","1650000","","","","","","2026-07-30 15:27:30","1","1","1392","","2","2","0","6365 Collins Ave #3002, MIAMIBCH FL 33141","AKOYA CONDOMINIUM","Exterior Alterations, No Daily Rentals","","Tenant Occupied","30","False","False","All Cash, Conventional","AKOYA CONDOMINIUM","33141","2004","1740","","True","48","30","","3002","Ocean Access, Ocean Front","Bbq/Picnic Area, Bike Storage, Billiard Room, Clubhouse-Clubroom, Elevator, Exercise Room, Extra Storage, Heated Pool, Putting Green, Sauna, Spa/Hot Tub, Tennis, Trash Chute, Vehicle Wash Area","23555","False","As Is","Condo","Condo/Co-Op/Villa/Townhouse","Ocean View, Direct Ocean, Water View","2 Or More Spaces",""
"A12044545","Southeast Florida Regional","Active","1650000","1650000","1650000","","","","","","2026-07-01 09:31:39","30","30","1409","","2","2","0","1111 Crandon Blvd #B705, KEYBISCY FL 33149","Tower of Key Biscayne","Ok To Lease, Okay To Lease 1st Year, See Broker Remarks","","Call Listing Agent","180","False","False","All Cash, Conventional","Tower of Key Biscayne","33149","1972","5856","","True","13","7","","B705","Ocean Front","Bbq/Picnic Area, Bike Storage, Billiard Room, Child Play Area, Clubhouse-Clubroom, Elevator, Exercise Room, Exterior Lighting, Extra Storage, Heated Pool, Pool, Tennis, Trash Chute, Vehicle Wash Area","15613","True","As Is, Flood Zone, Foreign Seller","Condo","Condo/Co-Op/Villa/Townhouse","Ocean View, Direct Ocean, Water View","1 Space, Assigned Parking, Covered Parking, Electric Vehicle Charging Station, Guest Parking",""
"A12051128","Southeast Florida Regional","Active","1639000","1629000","1629000","","","","","","2026-07-09 16:53:20","22","22","1643","","2","2","1","18201 Collins Ave #1604, SUNNYISL FL 33160","Trump Royale","Ok To Lease, Other Restrictions","Part Furn","Vacant","180","False","False","All Cash, Conventional","Trump Royale","33160","2008","1994","1994","True","55","16","","1604","Ocean Access, Ocean Front","Elevator, Exercise Room, Other Amenities","16366","False","As Is","Condo","Condo/Co-Op/Villa/Townhouse","Intracoastal View, Ocean View","Valet Parking",""
"A12049163","Southeast Florida Regional","Active","1600000","1600000","1600000","","","","","","2026-07-06 21:10:42","465","25","1180","","2","2","0","2301 Collins Ave #326, MIAMIBCH FL 33139","RONEY PALACE","Auto Parking On, Corporate Buyer OK, Ok To Lease, Okay To Lease 1st Year, Other Restrictions","","Vacant","30","False","False","All Cash, Conventional","RONEY PALACE","33139","1926","2385","","True","17","3","","326","Bay Front, Intracoastal Front","Common Laundry, Elevator, Pool, Private Pool, Vehicle Wash Area","13037","True","As Is","Condo","Condo/Co-Op/Villa/Townhouse","Bay, Intracoastal View, Other View","1 Space, Valet Parking",""
"A12049673","Southeast Florida Regional","Active","1600000","1600000","1600000","","","","","","2026-07-11 15:29:35","22","22","1722","","3","4","0","801 S Miami Ave #4608, MIAMI FL 33130","SLS LUX BRICKELL RESID","No Daily Rentals, Ok To Lease","Furnished","Call Listing Agent","30","False","False","All Cash, Conventional","SLS LUX BRICKELL RESID","33130","2018","2798","","False","57","46","","4608","","Bar, Bbq/Picnic Area, Billiard Room, Child Play Area, Clubhouse-Clubroom, Community Room, Elevator, Exercise Room, Other Amenities, Pool, Spa/Hot Tub, Tennis","21691","False","As Is, Corporation Owned Property","Condo","Condo/Co-Op/Villa/Townhouse","Other View, River, Skyline View","Assigned Parking, Covered Parking",""
"A12056513","Southeast Florida Regional","Active","1599000","1599000","1599000","","","","","","2026-07-20 13:41:42","11","11","3142","","5","3","1","3131 NE 188th St #1-301, AVENTUR FL 33180","THE ATRIUM AT AVENTURA","No Daily Rentals, Ok To Lease, Okay To Lease 1st Year","","Tenant Occupied","180","False","False","All Cash, Conventional, Other Terms","THE ATRIUM AT AVENTURA","33180","2007","3127","","True","12","3","","1-301","Canal Front","Business Center, Child Play Area, Clubhouse-Clubroom, Elevator, Exercise Room, Marina, Pool, Sauna, Spa/Hot Tub","15684","False","As Is","Condo","Condo/Co-Op/Villa/Townhouse","Canal, Pool Area View, Water View","2 Or More Spaces, Assigned Parking, Covered Parking, Electric Vehicle Charging Station",""
"A12049953","Southeast Florida Regional","Active","1599000","1599000","1599000","","","","","","2026-07-08 17:42:14","23","23","1750","","2","2","0","5025 Collins Ave #1707, MIAMIBCH FL 33140","CAPOBELLA CONDO","Ok To Lease","","Tenant Occupied","365","False","False","All Cash, Conventional","CAPOBELLA CONDO","33140","1995","3038","","True","24","17","","1707","Ocean Access, Ocean Front","Clubhouse-Clubroom, Elevator, Exercise Room, Pool, Sauna, Spa/Hot Tub, Trash Chute","23874","True","As Is","Condo","Condo/Co-Op/Villa/Townhouse","Ocean View","1 Space, Assigned Parking",""
"A12046019","Southeast Florida Regional","Active","1599000","1599000","1599000","","","","","","2026-07-30 13:21:11","24","24","1334","","2","2","1","1000 Brickell Plz #4015, MIAMI FL 33131","FLATIRON","Other Restrictions","","Call Listing Agent","365","False","False","All Cash, Conventional","FLATIRON","33131","2019","2068","","False","64","40","Cancelled","4015","","Bar, Elevator, Exercise Room, Pool, Sauna, Spa/Hot Tub","22480","False","Other Special Info","Condo","Condo/Co-Op/Villa/Townhouse","Skyline View","1 Space",""
"A12060352","Southeast Florida Regional","Active","1595000","1595000","1595000","","","","","","2026-07-30 11:36:30","1","1","1609","","2","2","1","3739 Collins Ave #N-503, MIAMIBCH FL 33140","The Caribbean Condo","Ok To Lease","Unfurnished","Call Listing Agent","90","False","False","All Cash, Conventional","The Caribbean Condo","33140","1941","3524","","True","6","5","","N-503","Ocean Access, Ocean Front","Business Center, Elevator, Exercise Room, Heated Pool, Spa/Hot Tub","20917","True","As Is","Condo","Condo/Co-Op/Villa/Townhouse","Ocean View, Pool Area View","Valet Parking",""
"A12053894","Southeast Florida Regional","Active","1588999","1588999","1588999","","","","","","2026-07-16 11:03:59","15","15","1800","","2","2","0","8855 Collins Ave #11B, SURFSIDE FL 33154","Ocean 88","No Daily Rentals, Ok To Lease, Okay To Lease 1st Year","Unfurnished","Owner Occupied","180","False","False","All Cash, Conventional","Ocean 88","33154","1994","2193","","True","12","11","","11B","Ocean Access, Ocean Front","Bike Storage, Bike/Jog Path, Billiard Room, Clubhouse-Clubroom, Courtesy Bus, Exercise Room, Extra Storage, Heated Pool, Sauna, Trash Chute","7137","True","As Is","Homeowners","Condo/Co-Op/Villa/Townhouse","Ocean View, Direct Ocean","1 Space, Assigned Parking, Covered Parking, Valet Parking",""
"A12059431","Southeast Florida Regional","Active","1579999","1579999","1579999","","","","","","2026-07-30 12:25:38","7","7","1420","","2","2","1","9221 E Bay Harbor Drive #212, BAYHARIS FL 33154","LA BAIA BAY HARBOR ISLAND","No Daily Rentals, Other Restrictions","","Vacant","90","False","False","All Cash, Conventional","LA BAIA BAY HARBOR ISLAND","33154","2025","2551","","True","8","2","","212","Canal Front, Intracoastal Front, Ocean Access, Seawall","Bbq/Picnic Area, Bike Storage, Boat Dock, Community Room, Elevator, Exercise Room, Extra Storage, Heated Pool, Pool, Spa/Hot Tub, Trash Chute","1","","As Is","Homeowners","Condo/Co-Op/Villa/Townhouse","Other View","2 Or More Spaces, Covered Parking, Valet Parking",""
"B26049584","Beaches MLS","Active","1575000","1575000","1575000","","","","","","2026-07-07 16:08:30","24","24","960","Entry Level","1","1","1","2301 Collins Avenue #1205, Miami Beach FL 33139","","Assoc Approval Required, Exterior Alterations, Ok To Lease With Res, No Daily Rentals, Other Restrictions","","","","False","","All Cash, Conventional","","33139","1926","2113","","True","16","12","","1205","Ocean Access","Community Pool, Exercise Room, Maintained Community, Management On Site, Pool, Private Pool, Security Patrol","16927","False","","Condo","Condo/Co-Op/Villa/Townhouse","","1 Space, Awning, Covered Parking, Parking Garage, Valet Parking",""
"A12060302","Southeast Florida Regional","Active","1575000","1575000","1575000","","","","","","2026-07-27 18:57:43","4","4","1392","","2","2","0","6365 Collins Ave #802, MIAMIBCH FL 33141","AKOYA CONDO","Okay To Lease 1st Year","Furnished","Call Listing Agent","30","False","False","All Cash, Conventional","AKOYA CONDO","33141","2004","1740","","True","45","8","","802","Ocean Access, Ocean Front","Bbq/Picnic Area, Bike Storage, Bike/Jog Path, Billiard Room, Business Center, Exercise Room, Handball/Basketball, Heated Pool, Pool, Putting Green, Sauna, Spa/Hot Tub, Tennis","21187","False","As Is","Condo, Homeowners","Condo/Co-Op/Villa/Townhouse","Ocean View, Direct Ocean, Pool Area View, Skyline View","1 Space, Assigned Parking, Covered Parking, Valet Parking",""
"A12060863","Southeast Florida Regional","Active","1550000","1550000","1550000","","","","","","2026-07-30 02:41:41","21","21","1124","","2","2","1","2678 Tigertail Ave #313, MIAMI FL 33133","Mr. C Residences","Daily Rentals Allowed, Exterior Alterations, No Daily Rentals","","Owner Occupied","181","False","False","All Cash, Conventional","Mr. C Residences","33133","2024","2578","","False","21","3","","313","","Bike Storage, Billiard Room, Business Center, Cabana, Child Play Area, Exercise Room, Heated Pool, Pool, Sauna, Spa/Hot Tub, Trash Chute","20994","False","As Is","Condo","Condo/Co-Op/Villa/Townhouse","Other View","Valet Parking",""
"A12045210","Southeast Florida Regional","Active","1550000","1550000","1550000","","","","","","2026-07-10 10:09:33","21","21","1210","","1","1","1","2127 Brickell Ave #1006, MIAMI FL 33129","Bristol Tower","Ok To Lease, Okay To Lease 1st Year","","Owner Occupied","180","False","False","All Cash, Conventional","Bristol Tower","33129","1993","5168","","True","42","10","","1006","Bay Front","Basketball Courts, Bike Storage, Billiard Room, Child Play Area, Community Room, Exercise Room, Extra Storage, Heated Pool, Pool, Private Pool, Spa/Hot Tub, Tennis, Trash Chute, Vehicle Wash Area","8885","True","As Is, Completely Renovated","Condo","Condo/Co-Op/Villa/Townhouse","Other View, Skyline View, Tennis Court View","1 Space, Assigned Parking, Valet Parking",""
"A12056090","Southeast Florida Regional","Active","1535000","1535000","1535000","","","","","","2026-07-19 13:32:49","13","13","1397","","2","2","1","1000 Brickell Plaza #2301, MIAMI FL 33131","Flatiron BRICKELL","No Daily Rentals","","Owner Occupied","30","False","False","All Cash, Conventional","Flatiron BRICKELL","33131","2024","1960","","False","64","23","","2301","","Bike Storage, Billiard Room, Business Center, Elevator, Exercise Room","18600","False","As Is, None","Condo","Condo/Co-Op/Villa/Townhouse","Bay","Assigned Parking",""
"A12056652","Southeast Florida Regional","Active","1500000","1500000","1500000","","","","","","2026-07-21 16:26:48","10","10","0","","2","2","","77 SE 5th St #4106, MIAMI FL 33131","Viceroy Residences","Min.Down Payment Req., Okay To Lease 1st Year","","Vacant","365","False","False","All Cash, Conventional","Viceroy Residences","33131","2025","1985","","True","45","41","","4106","Bay Front, River Front","Billiard Room, Business Center, Cabana, Child Play Area, Exercise Room, Exterior Lighting, Heated Pool, Kitchen Facilities, Other Amenities, Sauna, Spa/Hot Tub","0","False","As Is","Condo","Condo/Co-Op/Villa/Townhouse","Bay, River","1 Space",""
"A12052499","Southeast Florida Regional","Active","1500000","1500000","1500000","","","","","","2026-07-15 20:02:16","16","16","1424","Entry Level","1","2","0","1331 Brickell Bay Dr #BL-26, MIAMI FL 33131","Jade Residence","No Daily Rentals, Okay To Lease 1st Year","Furn For Sale","Vacant","30","False","False","All Cash, Conventional","Jade Residence","33131","2004","1950","","True","48","1","","BL-26","Bay Front","Business Center, Clubhouse-Clubroom, Community Room, Exercise Room, Private Pool, Sauna, Spa/Hot Tub","20346","False","As Is","Condo","Condo/Co-Op/Villa/Townhouse","Bay, Garden View, Direct Ocean","1 Space, Valet Parking",""
"B26051031","Beaches MLS","Active","1495000","1495000","1495000","","","","","","2026-07-20 07:15:24","11","11","1477","Entry Level","2","2","0","18001 Collins Avenue #2609, Sunny Isles Beach FL 33160","","Assoc Approval Required, No Trucks/Rv'S, See Broker Remarks","Furnished","Call Listing Agent","","False","","All Cash, Exchange","","33160","2003","2484","","True","32","26","","2609","Ocean Access, Other Waterfront","Bbq/Picnic Area, Card/Electric Gate, Clubhouse, Clubhouse-Clubroom, Community Pool, Exercise Room, Kitchen Facilities, Maintained Community, Pool, Private Pool, Sauna, Spa/Hot Tub","21289","False","","Condo","Condo/Co-Op/Villa/Townhouse","","2 Or More Spaces, Detached, No Boats, Parking Garage, Valet Parking",""
"A12054858","Southeast Florida Regional","Active","1495000","1495000","1495000","","","","","","2026-07-23 18:16:35","11","11","1081","","1","2","","2411 Laguna Circle #1604, NMIAMI FL 33181","One Park Tower","See Broker Remarks","Unfurnished","Vacant","30","False","False","All Cash, Conventional","One Park Tower","33181","2026","1297","","True","33","16","","1604","Intracoastal Front","Child Play Area, Elevator, Exercise Room, Other Amenities","0","False","As Is","Condo","Condo/Co-Op/Villa/Townhouse","Ocean View, Water View","1 Space, Assigned Parking, Valet Parking",""
"A12052865","Southeast Florida Regional","Active","1495000","1495000","1495000","","","","","","2026-07-14 16:35:39","17","17","1410","","2","2","0","7330 Ocean Ter #2604, MIAMIBCH FL 33141","St Tropez Condo","Other Restrictions","","Call Listing Agent","365","False","False","All Cash, Conventional","St Tropez Condo","33141","1999","","","True","28","26","","2604","Bay Front","Other Amenities","15247","False","As Is","None","Condo/Co-Op/Villa/Townhouse","Direct Ocean","1 Space",""
"A12042493","Southeast Florida Regional","Active","1489000","1489000","1489000","","","","","","2026-07-06 10:19:59","377","25","1010","","1","1","1","500 Alton Rd #1906, MIAMIBCH FL 33139","FIVE PARK MIAMI BEACH","Ok To Lease","Furnished","Tenant Occupied","180","False","False","All Cash, Conventional","FIVE PARK MIAMI BEACH","33139","2025","2359","","False","48","19","","1906","","Bar, Bike Storage, Bike/Jog Path, Business Center, Cabana, Child Play Area, Clubhouse-Clubroom, Elevator, Exercise Room, Heated Pool, Pool, Sauna, Spa/Hot Tub, Trash Chute","22186","False","None","Condo","Condo/Co-Op/Villa/Townhouse","Ocean View, Water View","2 Or More Spaces, Assigned Parking, Valet Parking",""
"A12038961","Southeast Florida Regional","Active","1485000","1485000","1485000","","","","","","2026-07-07 16:22:48","24","24","1882","","2","2","0","2 Grove Isle Dr #B205, MIAMI FL 33133","GROVE ISLE CONDO","Ok To Lease, Other Restrictions","","Call Listing Agent","180","False","False","All Cash, Conventional","GROVE ISLE CONDO","33133","1980","2840","","True","19","2","","B205","Bay Front","Bbq/Picnic Area, Bike Storage, Bike/Jog Path, Child Play Area, Clubhouse-Clubroom, Exercise Room, Extra Storage, Heated Pool, Kitchen Facilities, Other Amenities, Pool, Spa/Hot Tub, Tennis, Vehicle Wash Area","16145","False","Other Special Info","Condo","Condo/Co-Op/Villa/Townhouse","Bay, Club Area View, Garden View, Ocean View, Pool Area View","Assigned Parking, Guest Parking, Valet Parking",""
"A12047917","Southeast Florida Regional","Active","1499000","1465000","1465000","","","","","","2026-07-06 14:57:01","25","25","960","","2","1","1","2301 Collins Ave #833, MIAMIBCH FL 33139","RONEY PALACE CONDO","Ok To Lease, Okay To Lease 1st Year","","Call Listing Agent","30","False","False","All Cash","RONEY PALACE CONDO","33139","1926","2113","","True","18","8","","833","Ocean Access, Ocean Front","Bar, Cabana, Elevator, Other Amenities, Other Membership Included, Pool, Spa/Hot Tub, Trash Chute","12692","False","As Is","Condo","Condo/Co-Op/Villa/Townhouse","Other View","1 Space, Other Parking, Valet Parking",""
"A12052879","Southeast Florida Regional","Active","1459000","1459000","1459000","","","","","","2026-07-13 18:08:56","18","18","1526","Entry Level","3","3","1","3131 NE 7th Ave #1203, MIAMI FL 33137","One Paraiso","Ok To Lease","Unfurnished","Tenant Occupied","30","False","False","All Cash, Conventional, Cryptocurrency","One Paraiso","33137","2018","2155","","True","54","12","","1203","Bay Front","Bar, Basketball Courts, Business Center, Cabana, Child Play Area, Clubhouse-Clubroom, Elevator, Exercise Room, Library, Marina, Pool, Sauna, Spa/Hot Tub, Tennis","18115","False","As Is","Condo","Condo/Co-Op/Villa/Townhouse","Bay, Ocean View, Skyline View","1 Space",""
"A12044013","Southeast Florida Regional","Active","1450000","1450000","1450000","","","","","","2026-07-01 19:40:57","30","30","2080","","3","2","1","20281 E Country Club Dr #407, AVENTUR FL 33180","HAMPTONS WEST","Corporate Buyer OK, No Daily Rentals, Ok To Lease, Okay To Lease 1st Year","","Call Listing Agent","180","False","False","All Cash, Conventional","HAMPTONS WEST","33180","1984","2613","","True","26","4","","407","Intracoastal Front, Seawall","Bar, Bbq/Picnic Area, Bike/Jog Path, Billiard Room, Child Play Area, Clubhouse-Clubroom, Exercise Room, Extra Storage, Handball/Basketball, Library, Pool, Sauna, Spa/Hot Tub, Tennis","9863","True","Completely Renovated","Condo","Condo/Co-Op/Villa/Townhouse","Garden View, Pool Area View","1 Space, Additional Spaces Available, Assigned Parking, Covered Parking, Electric Vehicle Charging Station, Valet Parking",""
"A12055441","Southeast Florida Regional","Active","1450000","1450000","1450000","","","","","","2026-07-17 21:13:48","14","14","1423","","2","2","0","16699 Collins Ave #1908, SUNNYISL FL 33160","LA PERLA CONDO","Corporate Buyer OK, Okay To Lease 1st Year","Furnished","Tenant Occupied","30","False","False","All Cash, Conventional, Cryptocurrency","LA PERLA CONDO","33160","2006","2200","","True","43","19","","1908","Ocean Front, Other Waterfront","Business Center, Elevator, Exercise Room, Other Amenities, Pool","12344","False","As Is","Condo","Condo/Co-Op/Villa/Townhouse","Bay, Intracoastal View, Ocean View","1 Space",""
"A12061303","Southeast Florida Regional","Active","1450000","1450000","1450000","","","","","","2026-07-28 15:22:54","3","3","966","","1","2","0","700 NE 24th St #3004, MIAMI FL 33137","ARIA RESERVE CONDO","No Daily Rentals, Okay To Lease 1st Year, Other Restrictions","","Tenant Occupied","30","False","False","All Cash, Conventional","ARIA RESERVE CONDO","33137","2025","1030","","True","62","30","","3004","Bay Front","Basketball Courts, Business Center, Child Play Area, Elevator, Exercise Room, Other Amenities, Pickleball, Pool, Sauna, Spa/Hot Tub, Tennis","0","False","As Is","Condo","Condo/Co-Op/Villa/Townhouse","Bay, Water View","1 Space, Assigned Parking, Street Parking, Valet Parking",""
"A12044168","Southeast Florida Regional","Active","1450000","1450000","1450000","","","","","","2026-07-09 17:10:16","22","22","966","","1","2","0","700 NE 23rd St #2304, MIAMI FL 33137","ARIA RESERVE CONDO","Ok To Lease","Unfurnished","Tenant Occupied","30","False","False","All Cash, Conventional","ARIA RESERVE CONDO","33137","2025","1030","","True","62","2304","","2304","Bay Front, Ocean Front","Basketball Courts, Bbq/Picnic Area, Billiard Room, Business Center, Child Play Area, Clubhouse-Clubroom, Elevator, Exercise Room, Exterior Lighting, Other Amenities, Pool, Sauna, Spa/Hot Tub, Tennis","0","False","As Is","Condo","Condo/Co-Op/Villa/Townhouse","Bay, Ocean View, Direct Ocean","1 Space, Assigned Parking, Street Parking, Valet Parking",""
"A12046437","Southeast Florida Regional","Active","1450000","1450000","1450000","","","","","","2026-07-01 12:47:44","30","30","1547","","2","2","0","151 Crandon Blvd #439, KEYBISCY FL 33149","THE EMERALDBAY","Ok To Lease","Unfurnished","Call Listing Agent","365","False","False","All Cash, Conventional","THE EMERALDBAY","33149","1980","1960","1960","True","12","4","","439","Ocean Front","Other Amenities","13322","False","As Is","Condo","Condo/Co-Op/Villa/Townhouse","Ocean View","1 Space, Assigned Parking, Covered Parking",""
"A12059557","Southeast Florida Regional","Active","1425000","1425000","1425000","","","","","","2026-07-24 16:39:34","7","7","1574","","2","2","1","200 Biscayne Boulevard Way #1407, MIAMI FL 33131","Epic Miami Residences","Other Restrictions","","Vacant","0","False","False","All Cash, Conventional","Epic Miami Residences","33131","2008","2660","","True","54","14","","1407","Canal Front, River Front","Bar, Business Center, Cabana, Elevator, Exercise Room, Heated Pool, Marina, Pool, Private Pool, Spa/Hot Tub","17613","","None","Homeowners","Condo/Co-Op/Villa/Townhouse","Bay, River, Water View","1 Space, Additional Spaces Available, Valet Parking",""
"A12057451","Southeast Florida Regional","Active","1400000","1400000","1400000","","","","","","2026-07-30 08:39:04","1","1","2984","","2","3","1","3201 NE 183rd St #2104, AVENTUR FL 33160","THE PENINSULA","No Corporate Buyer, No Daily Rentals","","Call Listing Agent","180","False","False","All Cash, Conventional","THE PENINSULA","33160","2003","2982","","True","32","21","","2104","Intracoastal Front","Basketball Courts, Bike/Jog Path, Business Center, Child Play Area, Clubhouse-Clubroom, Community Room, Exercise Room, Hobby Room, Pickleball, Pool, Tennis","17667","False","As Is","Condo","Condo/Co-Op/Villa/Townhouse","Bay, Intracoastal View, Ocean View","1 Space, Covered Parking, Valet Parking",""
"A12052531","Southeast Florida Regional","Active","1400000","1400000","1400000","","","","","","2026-07-13 11:19:21","18","18","1649","","2","2","1","18201 Collins Ave #1101, SUNNYISL FL 33160","Trump Royale","Corporate Buyer OK","Furnished","Call Listing Agent","180","False","False","All Cash, Conventional","Trump Royale","33160","2008","2124","","True","0","11","","1101","Ocean Front","Elevator, Pool, Private Pool, Sauna","0","False","As Is","Condo","Condo/Co-Op/Villa/Townhouse","Ocean View, Other View","Valet Parking",""
"A12053440","Southeast Florida Regional","Active","1400000","1400000","1400000","","","","","","2026-07-14 14:08:06","17","17","1246","","3","2","1","159 NE 6th St #3215, MIAMI FL 33132","Gale Hotel and Residences","Daily Rentals Allowed, See Broker Remarks","","Vacant","1","False","False","All Cash, Conventional","Gale Hotel and Residences","33132","2024","3184","","False","51","32","","3215","","Bar, Bike Storage, Child Play Area, Clubhouse-Clubroom, Elevator, Exercise Room, Heated Pool, Pool, Sauna, Spa/Hot Tub","17443","False","As Is","Condo","Condo/Co-Op/Villa/Townhouse","Water View","Valet Parking",""
"A12051021","Southeast Florida Regional","Active","1390000","1390000","1390000","","","","","","2026-07-16 16:30:23","378","22","1577","","2","2","0","18201 Collins Ave #4705, SUNNYISL FL 33160","TRUMP ROYALE","Daily Rentals Allowed, Ok To Lease, Okay To Lease 1st Year","Furnished","Vacant","180","False","False","All Cash, Conventional","TRUMP ROYALE","33160","2009","3038","","True","52","47","","4705","Ocean Front","Billiard Room, Business Center, Cabana, Child Play Area, Exercise Room","17991","False","As Is","Condo","Condo/Co-Op/Villa/Townhouse","Intracoastal View, Ocean View","Valet Parking",""
"A12056691","Southeast Florida Regional","Active","1385000","1385000","1385000","","","","","","2026-07-20 15:22:11","11","11","1654","","2","2","0","495 Brickell Ave #3702, MIAMI FL 33131","ICON BRICKELL NO TWO","No Daily Rentals, Ok To Lease, Okay To Lease 1st Year","","Owner Occupied","180","False","False","All Cash, Conventional","ICON BRICKELL NO TWO","33131","2009","2295","","True","57","37","","3702","Bay Front, Intracoastal Front","Bike Storage, Billiard Room, Business Center, Exercise Room, Pool, Sauna, Spa/Hot Tub","17796","False","As Is","Condo","Condo/Co-Op/Villa/Townhouse","Bay, Intracoastal View, Ocean View","1 Space, Assigned Parking, Covered Parking",""
"A12048076","Southeast Florida Regional","Active","1379000","1379000","1379000","","","","","","2026-07-04 12:55:23","27","27","1005","","2","2","0","2555 Collins Ave #1101, MIAMIBCH FL 33140","CLUB ATLANTIS CONDO","Corporate Buyer OK, Ok To Lease, Okay To Lease 1st Year","","Call Listing Agent","90","False","False","All Cash, Conventional","CLUB ATLANTIS CONDO","33140","1982","1286","","True","25","11","","1101","Ocean Access, Ocean Front, Other Waterfront","Bbq/Picnic Area, Business Center, Child Play Area, Common Laundry, Community Room, Elevator, Exercise Room, Exterior Lighting, Pool, Private Pool, Sauna, Trash Chute, Vehicle Wash Area","8341","","None","Homeowners","Condo/Co-Op/Villa/Townhouse","Ocean View, Direct Ocean, Pool Area View","1 Space, Assigned Parking, Covered Parking, Valet Parking",""
"A12057376","Southeast Florida Regional","Active","1520000","1379000","1379000","","","","","","2026-07-24 12:13:41","367","9","818","","2","2","0","398 NE 5th St #3711, MIAMI FL 33132","The Elser","Daily Rentals Allowed, No Trucks/Rv'S, Ok To Lease, Okay To Lease 1st Year","","Vacant","1","False","False","All Cash, Conventional","The Elser","33132","2022","1511","","True","49","37","","3711","Bay Front","Bar, Bbq/Picnic Area, Elevator, Other Amenities, Pool, Private Pool, Sauna, Spa/Hot Tub, Trash Chute","23136","False","As Is","Condo","Condo/Co-Op/Villa/Townhouse","Bay, Skyline View","Covered Parking, Valet Parking",""
"A12049661","Southeast Florida Regional","Active","1375000","1375000","1375000","","","","","","2026-07-10 15:42:39","21","21","869","","1","1","1","300 Biscayne Boulevard Way #4808W, MIAMI FL 33131","Aston Martin Residences","No Daily Rentals","","Vacant","90","False","False","All Cash, Conventional","Aston Martin Residences","33131","2024","1266","","True","66","48","","4808W","Bay Front","Elevator, Exercise Room, Pool","16630","False","Flood Zone, Other Special Info","Condo","Condo/Co-Op/Villa/Townhouse","Bay, Skyline View","1 Space, Valet Parking",""
"A12062711","Southeast Florida Regional","Active","1350000","1350000","1350000","","","","","","2026-07-30 16:08:10","211","1","1088","Entry Level","2","2","0","3131 NE 7th Ave #2805, MIAMI FL 33137","ONE PARAISO CONDO","No Daily Rentals","Furnished","Call Listing Agent","180","False","False","All Cash, Conventional","ONE PARAISO CONDO","33137","2018","1662","","True","53","28","","2805","Bay Front, Intracoastal Front, Ocean Access, Other Waterfront","Boat Dock, Business Center, Cabana, Child Play Area, Clubhouse-Clubroom, Exercise Room, Heated Pool, Pool, Sauna, Spa/Hot Tub, Tennis","17024","False","As Is","Condo","Condo/Co-Op/Villa/Townhouse","Bay, Ocean View, Direct Ocean, Skyline View, Water View","1 Space, Assigned Parking, Covered Parking, Valet Parking",""
"A12046440","Southeast Florida Regional","Active","1350000","1350000","1350000","","","","","","2026-07-02 11:09:21","161","30","1160","","1","1","1","300 S Pointe Dr #907, MIAMIBCH FL 33139","PORTOFINO TOWER","No Daily Rentals","Furnished","Vacant","360","False","False","All Cash, Conventional, No Terms","PORTOFINO TOWER","33139","1996","2110","","False","44","9","","907","","Bbq/Picnic Area, Billiard Room, Business Center, Child Play Area, Elevator, Exercise Room, Heated Pool, Kitchen Facilities, Other Amenities, Pool, Sauna, Spa/Hot Tub, Tennis, Trash Chute","15702","False","As Is","Condo","Condo/Co-Op/Villa/Townhouse","Bay, Intracoastal View, Ocean View","1 Space, Assigned Parking, Covered Parking, Deeded Parking",""
"A12047043","Southeast Florida Regional","Active","1330000","1330000","1330000","","","","","","2026-07-03 16:25:52","111","29","1134","","2","2","0","700 NE 26th Ter #5006, MIAMI FL 33137","Missoni Baia","Ok To Lease","","Owner Occupied","0","False","False","All Cash, Conventional, Va","Missoni Baia","33137","2023","1800","","False","56","50","","5006","","Bbq/Picnic Area, Bike Storage, Billiard Room, Business Center, Cabana, Child Play Area, Elevator, Exercise Room, Heated Pool, Library, Pool, Sauna, Spa/Hot Tub, Tennis","20384","False","None","Condo","Condo/Co-Op/Villa/Townhouse","Ocean View, Pool Area View, Tennis Court View","1 Space, Assigned Parking, Valet Parking",""
"B26056125","Beaches MLS","Active","1325000","1325000","1325000","","","","","","2026-07-24 15:33:07","6","6","1946","","1","2","0","1749 NE Miami Court #405, Miami FL 33132","","Ok To Lease With Res, No Daily Rentals, Other Restrictions","","","","False","","All Cash, Conventional","","33132","2005","2006","","False","6","4","","405","","","9961","False","Other Exemptions","Condo","Condo/Co-Op/Villa/Townhouse","","2 Or More Spaces, Assigned Parking, Parking Garage",""
"B26047711","Beaches MLS","Active","1300000","1300000","1300000","","","","","","2026-07-05 07:15:10","25","25","763","","2","2","0","1611 SW 2nd Avenue #702, Miami FL 33129","","Assoc Approval Required, No Restrictions","","Call Listing Agent","","False","","All Cash, Conventional","","33129","2026","1540","","False","1","7","","702","","Bbq/Picnic Area, Card/Electric Gate, Community Room, Community Pool, Elevator, Exercise Room, Other Amenities, Pool, Private Pool","0","False","As Is","Condo","Condo/Co-Op/Villa/Townhouse","","Valet Parking",""
"A12060962","Southeast Florida Regional","Active","1300000","1300000","1300000","","","","","","2026-07-28 12:46:55","235","3","1457","Entry Level","2","2","1","19333 Collins Ave #1903, SUNNYISL FL 33160","OCEAN ONE CONDO","Ok To Lease","Furnished","Call Listing Agent","180","False","False","All Cash, Conventional","OCEAN ONE CONDO","33160","1999","2054","","True","30","19","","1903","Bay Front, Intracoastal Front, Ocean Front","Bbq/Picnic Area, Child Play Area, Community Room, Exercise Room, Heated Pool, Library, Other Amenities, Pool, Sauna, Spa/Hot Tub","14698","False","As Is","Condo","Condo/Co-Op/Villa/Townhouse","Bay, Ocean View, Direct Ocean","1 Space",""
"A12060066","Southeast Florida Regional","Active","1300000","1300000","1300000","","","","","","2026-07-28 14:04:13","7","7","1440","","1","2","0","848 Brickell Key Dr #1102, MIAMI FL 33131","THREE TEQUESTA POINT","See Broker Remarks","","Owner Occupied","365","False","False","All Cash, Conventional","THREE TEQUESTA POINT","33131","2001","93","1200","True","45","11","","1102","Bay Front","Basketball Courts, Bike/Jog Path, Business Center, Community Room, Exercise Room, Heated Pool, Pool, Spa/Hot Tub","14106","False","As Is","Condo","Condo/Co-Op/Villa/Townhouse","Bay, Water View","1 Space",""
"B26053089","Beaches MLS","Active","1299000","1299000","1299000","","","","","","2026-07-16 17:19:30","14","14","1229","","2","2","0","700 NE 26th Terrace #2006, Miami FL 33137","","Other Restrictions, See Broker Remarks","","","","False","","Conventional","","33137","2023","","","True","40","10","","2006","","","15732","False","","","Condo/Co-Op/Villa/Townhouse","","1 Space, Parking Garage",""
"A12056839","Southeast Florida Regional","Active","1299000","1299000","1299000","","","","","","2026-07-23 14:17:12","33","11","1389","","2","2","1","2457 Collins Ave #1603, MIAMIBCH FL 33140","Royal Club","No Restrictions","Furnished","Owner Occupied","182","False","False","Other Terms","Royal Club","33140","1983","1290","","False","1","16","","1603","","Elevator, Other Amenities, Pool","16645","False","None","Condo","Condo/Co-Op/Villa/Townhouse","Water View","1 Space",""
"B26052597","Beaches MLS","Active","1295000","1295000","1295000","","","","","","2026-07-15 15:49:47","16","16","1760","Entry Level","3","2","0","16425 Collins Avenue #818, Sunny Isles Beach FL 33160","","No Trucks/Rv'S, Other Restrictions","","Tenant Occupied","","False","","All Cash, Conventional","","33160","1990","1835","588","True","1","8","","818","","Business Center, Clubhouse, Clubhouse-Clubroom, Community Room, Community Pool, Elevator, Exercise Room, Extra Storage, Kitchen Facilities, Maintained Community, Pool, Private Pool, Security Patrol","13033","False","As Is","Condo","Condo/Co-Op/Villa/Townhouse","","1 Space, Detached, Parking Garage, Valet Parking",""
"A12052296","Southeast Florida Regional","Active","1300000","1293000","1293000","","","","","","2026-07-14 14:18:09","21","21","1705","","3","2","1","400 Sunny Isles Blvd #1604, SUNNYISL FL 33160","400 sunny Isles Condo","No Daily Rentals, No Trucks/Rv'S, Other Restrictions, Renting Limited","","Tenant Occupied","180","False","False","All Cash, Conventional","400 sunny Isles Condo","33160","2015","2125","","True","20","16","","1604","Intracoastal Front","Boat Dock, Elevator, Exercise Room, Exterior Lighting, Heated Pool, Other Amenities, Pool, Spa/Hot Tub","13450","False","As Is","Condo","Condo/Co-Op/Villa/Townhouse","Intracoastal View, Ocean View","2 Or More Spaces, Assigned Parking, Valet Parking",""
"A12051066","Southeast Florida Regional","Active","1290000","1290000","1290000","","","","","","2026-07-16 16:30:46","506","22","1435","","2","2","0","16001 Collins Ave #4305, SUNNYISL FL 33160","TRUMP TOWER I","Ok To Lease, Okay To Lease 1st Year","","Vacant","180","False","False","All Cash, Conventional","TRUMP TOWER I","33160","2008","1893","","True","55","43","","4305","Ocean Front","Business Center, Exercise Room, Pool, Sauna, Spa/Hot Tub","16246","False","As Is, Corporation Owned Property","Condo","Condo/Co-Op/Villa/Townhouse","Intracoastal View, Ocean View","Valet Parking",""
"A12051816","Southeast Florida Regional","Active","1290000","1290000","1290000","","","","","","2026-07-12 13:18:59","394","21","1013","","2","2","0","421 Meridian Ave #15, MIAMIBCH FL 33139","MERIDIAN 5 CONDO","No Restrictions, Ok To Lease, Okay To Lease 1st Year","","Tenant Occupied","30","False","False","All Cash, Conventional","MERIDIAN 5 CONDO","33139","2011","892","","False","4","4","","15","","Pool","17752","False","As Is","Condo","Condo/Co-Op/Villa/Townhouse","Garden View, Other View, Skyline View","2 Or More Spaces, Assigned Parking, Covered Parking",""
"A12058227","Southeast Florida Regional","Active","1289000","1289000","1289000","","","","","","2026-07-22 15:34:25","457","9","1342","","2","2","1","16275 Collins Ave #1604, SUNNYISL FL 33160","Sayan Condo","Other Restrictions","","Tenant Occupied","180","False","False","No Terms","Sayan Condo","33160","2007","1984","","True","24","16","","1604","Intracoastal Front, Ocean Access","Bike Storage, Business Center, Clubhouse-Clubroom, Elevator, Exercise Room, Extra Storage, Pool, Sauna","8238","True","As Is","Condo","Condo/Co-Op/Villa/Townhouse","Intracoastal View, Ocean View","Valet Parking",""
"A12053303","Southeast Florida Regional","Active","1285000","1285000","1285000","","","","","","2026-07-14 12:01:03","17","17","1396","Entry Level","2","2","","17201 Collins Ave #2502, SUNNYISL FL 33160","OCEAN FOUR CONDO","No Lease-1st Year Owned","Furnished","Tenant Occupied","180","False","False","All Cash, Conventional","OCEAN FOUR CONDO","33160","2006","1475","1475","True","41","25","","2502","Ocean Front","Billiard Room, Elevator, Exercise Room, Pool, Trash Chute","15142","False","As Is","Condo","Condo/Co-Op/Villa/Townhouse","Ocean View, Pool Area View, Water View","2 Or More Spaces, Assigned Parking, Space Purchased",""
"A12053449","Southeast Florida Regional","Active","1275900","1275900","1275900","","","","","","2026-07-14 14:11:49","17","17","840","","2","2","","2700 NW 2nd avenue #743, MIAMI FL 33127","Nomad Wynwood Residences","Daily Rentals Allowed, Ok To Lease, Okay To Lease 1st Year","","Call Listing Agent","1","False","False","All Cash, Conventional","Nomad Wynwood Residences","33127","2026","1262","","False","9","7","","743","","Bar, Bbq/Picnic Area, Business Center, Elevator, Exercise Room","22000","False","None","Condo","Condo/Co-Op/Villa/Townhouse","Skyline View","Valet Parking",""
"A12051701","Southeast Florida Regional","Active","1275000","1275000","1275000","","","","","","2026-07-16 14:47:52","23","23","1818","","3","2","1","3131 NE 188th St #1-901, AVENTUR FL 33180","THE ATRIUM AT AVENTURA","Ok To Lease","","Owner Occupied","365","False","False","All Cash, Conventional","THE ATRIUM AT AVENTURA","33180","2007","1809","","True","12","9","","1-901","Bay Front","Boat Dock, Clubhouse-Clubroom, Extra Storage, Private Pool, Spa/Hot Tub, Trash Chute","12694","False","As Is","Homeowners","Condo/Co-Op/Villa/Townhouse","Bay","2 Or More Spaces",""
"A12061877","Southeast Florida Regional","Active","1250000","1250000","1250000","","","","","","2026-07-29 13:39:08","502","2","1246","","1","2","0","9401 Collins #401, SURFSIDE FL 33154","AZURE CONDO","No Restrictions","","Vacant","0","False","False","All Cash, Conventional","AZURE CONDO","33154","2005","1675","","True","12","4","","401","Ocean Access, Ocean Front","Business Center, Child Play Area, Elevator, Heated Pool, Private Beach Pavilion, Sauna, Trash Chute","15186","False","As Is","Condo","Condo/Co-Op/Villa/Townhouse","Club Area View","Covered Parking",""
"A12049145","Southeast Florida Regional","Active","1250000","1250000","1250000","","","","","","2026-07-06 20:50:52","28","28","","","2","2","","90 NE 32nd #727, MIAMI FL 33127","The Standard Residences","No Daily Rentals","","Vacant","30","False","False","All Cash, Conventional","The Standard Residences","33127","2026","1152","","False","11","7","","727","","Bike Storage, Billiard Room, Business Center, Clubhouse-Clubroom, Community Room, Elevator, Exercise Room, Extra Storage, Heated Pool, Hobby Room, Pickleball, Sauna, Tennis, Trash Chute","0","False","As Is","Condo","Condo/Co-Op/Villa/Townhouse","Skyline View","Other Parking, Street Parking",""
"A12047484","Southeast Florida Regional","Active","999700","1245877","1245877","","","","","","2026-07-02 16:53:30","29","29","1760","","3","2","0","16485 Collins Ave #538, SUNNYISL FL 33160","OCEANIA","Corporate Buyer OK","","Owner Occupied","180","False","False","All Cash","OCEANIA","33160","1991","1708","400","True","24","5","","538","Ocean Access, Ocean Front","Bar, Basketball Courts, Billiard Room, Business Center, Child Play Area, Clubhouse-Clubroom, Elevator, Exercise Room, Heated Pool, Library, Marina, Other Amenities, Other Membership Available","11899","False","As Is","Condo","Condo/Co-Op/Villa/Townhouse","Intracoastal View, Ocean View, Other View","1 Space, 2 Or More Spaces",""
"A12053193","Southeast Florida Regional","Active","1230000","1230000","1230000","","","","","","2026-07-14 10:41:16","18","18","840","","2","2","","2700 NW 2nd Avenue #642, MIAMI FL 33127","Nomad Residences Wynwood","Daily Rentals Allowed","Furnished","Vacant","1","False","False","All Cash, Conventional","Nomad Residences Wynwood","33127","2026","1230","","False","8","6","","642","","Bar, Bbq/Picnic Area, Billiard Room, Business Center, Elevator, Exercise Room","0","False","As Is","Condo","Condo/Co-Op/Villa/Townhouse","Other View","1 Space, Additional Spaces Available, Electric Vehicle Charging Station, Valet Parking",""
"A12059769","Southeast Florida Regional","Active","1230000","1230000","1230000","","","","","","2026-07-25 13:20:13","244","6","1262","","2","2","0","1330 West Ave #2601, MIAMIBCH FL 33139","THE WAVERLY AT SOUTH BEAC","Okay To Lease 1st Year","","Tenant Occupied","180","False","False","All Cash, Conventional","THE WAVERLY AT SOUTH BEAC","33139","2001","1759","","True","36","26","","2601","Bay Front","Bbq/Picnic Area, Bike Storage, Business Center, Clubhouse-Clubroom, Exercise Room, Heated Pool, Pool, Putting Green, Spa/Hot Tub, Tennis, Trash Chute","16941","","As Is","Homeowners","Condo/Co-Op/Villa/Townhouse","Bay, Ocean View, Skyline View","1 Space",""
"A12052996","Southeast Florida Regional","Active","1225000","1225000","1225000","","","","","","2026-07-13 18:08:13","18","18","1460","","2","2","0","16425 Collins Ave #2415, SUNNYISL FL 33160","OCEANIA I CONDO","No Daily Rentals","","Vacant","180","False","False","All Cash, Conventional","OCEANIA I CONDO","33160","1990","1458","","True","29","24","","2415","Ocean Front","Bar, Bike Storage, Billiard Room, Child Play Area, Clubhouse-Clubroom, Exercise Room","13016","False","None","Condo, Other","Condo/Co-Op/Villa/Townhouse","Ocean View, Direct Ocean, Other View","1 Space, Valet Parking",""
"A12054280","Southeast Florida Regional","Active","1225000","1225000","1225000","","","","","","2026-07-16 09:22:41","210","15","1246","","3","2","1","159 NE 6th St #2415, MIAMI FL 33132","Natiivo","Daily Rentals Allowed, Ok To Lease, Other Restrictions","Furnished","Vacant","1","False","False","All Cash, Conventional","Natiivo","33132","2024","3184","","True","51","24","","2415","Bay Front","Business Center, Cabana, Clubhouse-Clubroom, Elevator, Exercise Room, Exterior Lighting, Hobby Room, Other Amenities, Pool, Private Pool, Spa/Hot Tub","17117","False","As Is","Condo","Condo/Co-Op/Villa/Townhouse","Bay","Valet Parking",""
"A12057242","Southeast Florida Regional","Active","1220000","1220000","1220000","","","","","","2026-07-22 15:25:04","122","10","1524","","3","3","0","330 Sunny Isles Blvd #5-1506, SUNNYISL FL 33160","Parque Towers","No Daily Rentals, Ok To Lease","Furnished","Vacant","0","False","False","All Cash, Conventional","Parque Towers","33160","2019","1812","","True","26","15","","5-1506","Bay Front, Canal Front, Intracoastal Front","Bbq/Picnic Area, Bike Storage, Billiard Room, Business Center, Child Play Area, Clubhouse-Clubroom, Exercise Room, Extra Storage, Heated Pool, Library, Pool, Sauna, Spa/Hot Tub, Trash Chute","13400","True","As Is, Corporation Owned Property","Condo","Condo/Co-Op/Villa/Townhouse","Bay, Intracoastal View, Ocean View","2 Or More Spaces, Assigned Parking, Covered Parking",""
"B26055594","Beaches MLS","Active","1200000","1200000","1200000","","","","","","2026-07-23 13:33:43","7","7","1450","Entry Level","2","2","0","495 BRICKELL Avenue #1605, Miami FL 33131","","","","Vacant","","False","","All Cash, Conventional","","33131","2009","197672","","True","55","16","","1605","Other Waterfront","Billiard Room, Business Center, Cabana, Card/Electric Gate, Community Pool, Elevator, Exercise Room, Heated Pool, Management On Site, Other Amenities, Pool, Pool Table, Private Pool, Sauna, Security Patrol, Spa/Hot Tub, Tennis, Trash Chute","14824","False","","Condo","Condo/Co-Op/Villa/Townhouse","","1 Space, Detached, Parking Garage, Valet Parking",""
"A12053562","Southeast Florida Regional","Active","1200000","1200000","1200000","","","","","","2026-07-14 22:26:26","17","17","1463","","2","2","0","15811 Collins Ave #2905, SUNNYISL FL 33160","Trump Tower III","Ok To Lease, Okay To Lease 1st Year, Other Restrictions","Furnished","Vacant","90","False","False","All Cash, Conventional, Other Terms","Trump Tower III","33160","2010","931","","True","43","29","","2905","Intracoastal Front, Ocean Access, Ocean Front, Other Waterfront","Bike Storage, Business Center, Community Room, Elevator, Exercise Room, Kitchen Facilities, Other Amenities, Pool, Sauna, Spa/Hot Tub","14103","False","As Is","Condo","Condo/Co-Op/Villa/Townhouse","Intracoastal View, Ocean View, Other View, Skyline View, Water View","2 Or More Spaces, Additional Spaces Available, Valet Parking",""
"A12049053","Southeast Florida Regional","Active","1200000","1200000","1200000","","","","","","2026-07-06 18:05:06","25","25","1470","","2","2","1","17375 Collins Ave #701, SUNNYISL FL 33160","OCEAN POINT BEACH CLUB","Corporate Buyer OK, Ok To Lease, Okay To Lease 1st Year","Furnished","Vacant","90","False","False","All Cash","OCEAN POINT BEACH CLUB","33160","2000","7987","","True","26","7","","701","Ocean Access, Ocean Front","Bar, Elevator, Other Amenities","10211","False","As Is","Condo","Condo/Co-Op/Villa/Townhouse","Ocean View, Direct Ocean","1 Space, Valet Parking",""
"A12055555","Southeast Florida Regional","Active","1200000","1200000","1200000","","","","","","2026-07-17 14:36:46","14","14","1500","","2","2","0","5151 Collins Ave #1420, MIAMIBCH FL 33140","SEACOAST","Ok To Lease","","Call Listing Agent","30","False","False","All Cash, Conventional, Owner Financing","SEACOAST","33140","1966","1533","","True","18","14","","1420","Ocean Front","Bbq/Picnic Area, Bike/Jog Path, Business Center, Clubhouse-Clubroom, Common Laundry, Elevator, Exercise Room, Exterior Lighting, Library, Pool, Spa/Hot Tub","13053","True","As Is","Condo","Condo/Co-Op/Villa/Townhouse","Bay, Intracoastal View, Skyline View","1 Space, Covered Parking, Valet Parking",""
"A12054638","Southeast Florida Regional","Active","1200000","1200000","1200000","","","","","","2026-07-16 09:16:10","737","15","1288","","2","2","0","2155 Washington Ct #210, MIAMIBCH FL 33139","ArteCity","Ok To Lease","","Vacant","0","False","False","All Cash, Conventional","ArteCity","33139","2011","1972","","False","6","2","","210","","Clubhouse-Clubroom, Elevator, Exercise Room, Pool","15603","False","None","Condo","Condo/Co-Op/Villa/Townhouse","Garden View","1 Space, Covered Parking, Valet Parking",""
"A12053738","Southeast Florida Regional","Active","1200000","1200000","1200000","","","","","","2026-07-22 20:04:29","9","9","975","","2","2","","1611 SW 2nd Avenue #416, MIAMI FL 33129","Domus Brickell Flats","No Restrictions","Part Furn","Vacant","0","False","False","All Cash, Conventional","Domus Brickell Flats","33129","2026","1552","","False","12","2","","416","","Bike Storage, Cabana, Heated Pool, Pool, Sauna","0","False","None","Condo","Condo/Co-Op/Villa/Townhouse","Skyline View","Street Parking, Valet Parking",""
"A12034876","Southeast Florida Regional","Active","1275750","1200000","1200000","","","","","","2026-07-01 13:19:53","30","30","947","","2","2","","1611 SW 2nd Ave #816, MIAMI FL 33129","DOMUS BRICKELL PARK","Daily Rentals Allowed","","Call Listing Agent","1","False","False","All Cash, Conventional","DOMUS BRICKELL PARK","33129","2026","1719","","False","12","8","","816","","Community Room, Exercise Room, Pool, Sauna, Spa/Hot Tub","0","False","As Is","Condo","Condo/Co-Op/Villa/Townhouse","Other View","1 Space",""
"A12028882","Southeast Florida Regional","Active","1200000","1200000","1200000","","","","","","2026-07-09 17:26:43","22","22","1172","","2","2","0","2901 S Bayshore Dr #6A, COCOGROV FL 33133","Yacht Harbour","No Daily Rentals, Ok To Lease, Okay To Lease 1st Year","","Call Listing Agent","365","False","False","All Cash, Conventional","Yacht Harbour","33133","1975","1490","","True","18","6","","6A","Bay Front","Bbq/Picnic Area, Common Laundry, Community Room, Elevator, Exercise Room, Extra Storage, Pickleball, Tennis, Trash Chute","7257","True","As Is","Condo","Condo/Co-Op/Villa/Townhouse","Bay","1 Space, Covered Parking, Valet Parking",""
"A12055463","Southeast Florida Regional","Active","1200000","1200000","1200000","","","","","","2026-07-21 10:31:00","17","17","1890","","3","3","0","520 Brickell Key Dr #A1216, MIAMI FL 33131","BRICKELL KEY ONE CONDO","Ok To Lease","Furnished","Vacant","180","False","False","All Cash, Conventional","BRICKELL KEY ONE CONDO","33131","1982","2631","","False","22","1216","","A1216","","Basketball Courts, Billiard Room, Business Center, Child Play Area, Community Room, Extra Storage, Pool, Spa/Hot Tub","12354","True","As Is","Condo","Condo/Co-Op/Villa/Townhouse","Tennis Court View, Water View","Assigned Parking",""
"A12046692","Southeast Florida Regional","Active","1199000","1199000","1199000","","","","","","2026-07-06 11:40:42","25","25","1407","","2","2","1","88 SW 7th St #3604, MIAMI FL 33130","Rise Condominium","No Restrictions","","Vacant","0","False","False","All Cash, Conventional","Rise Condominium","33130","2016","2390","","False","43","36","","3604","","Bbq/Picnic Area, Business Center, Child Play Area, Exercise Room, Heated Pool, Pool, Sauna, Spa/Hot Tub","16819","False","As Is","Condo","Condo/Co-Op/Villa/Townhouse","Bay, Ocean View, Skyline View, Water View","1 Space",""
"A12051726","Southeast Florida Regional","Active","1190000","1190000","1190000","","","","","","2026-07-29 10:38:20","2","2","1190","","2","2","0","145 Jefferson Ave #417, MIAMIBCH FL 33139","The Courts at South Beach","Ok To Lease","","Vacant","180","False","False","All Cash, Conventional, Cryptocurrency","The Courts at South Beach","33139","2001","1595","","False","4","1","","417","","Bbq/Picnic Area, Bike Storage, Community Room, Exercise Room, Heated Pool, Pickleball, Spa/Hot Tub","15757","False","None","Condo","Condo/Co-Op/Villa/Townhouse","Garden View","1 Space, Deeded Parking",""
"A12057579","Southeast Florida Regional","Active","1175000","1175000","1175000","","","","","","2026-07-29 11:55:45","2","2","2154","","2","2","1","3000 Island Blvd #2506, AVENTUR FL 33160","WILLIAMS ISLAND","Ok To Lease","","Call Listing Agent","180","False","False","All Cash, Conventional","WILLIAMS ISLAND","33160","1989","3026","980","True","32","25","","2506","Intracoastal Front","Basketball Courts, Bbq/Picnic Area, Bike Storage, Business Center, Courtesy Bus, Elevator, Exercise Room, Extra Storage, Heated Pool, Marina, Pickleball, Pool, Tennis","11558","False","As Is","Condo","Condo/Co-Op/Villa/Townhouse","Intracoastal View, Ocean View, Skyline View","2 Or More Spaces, Covered Parking, Valet Parking",""
"A12053890","Southeast Florida Regional","Active","1175000","1175000","1175000","","","","","","2026-07-30 14:11:38","1","1","1105","Entry Level","2","2","0","700 NE 26th Ter #1506, MIAMI FL 33137","MISSONI BAIA","Other Restrictions","Unfurnished","Vacant","30","False","False","All Cash, Conventional","MISSONI BAIA","33137","2024","1788","","True","57","15","","1506","Bay Front, Other Waterfront","Bar, Child Play Area, Elevator, Exercise Room, Heated Pool, Kitchen Facilities, Pool, Sauna, Spa/Hot Tub, Tennis","14227","False","As Is","Condo","Condo/Co-Op/Villa/Townhouse","Bay, Pool Area View, Water View","2 Or More Spaces",""
"A12049666","Southeast Florida Regional","Active","1167000","1167000","1167000","","","","","","2026-07-10 12:13:52","21","21","852","","1","1","1","3501 NE 1st Ave #2206, MIAMI FL 33137","Jean Georges Miami Tropic","Okay To Lease 1st Year","Unfurnished","Call Listing Agent","90","False","False","All Cash","Jean Georges Miami Tropic","33137","2029","1687","","False","49","22","","2206","","Bar, Bike Storage, Business Center, Cabana, Child Play Area, Clubhouse-Clubroom, Community Room, Elevator, Exercise Room, Heated Pool, Library, Other Amenities, Sauna, Spa/Hot Tub","0","False","None","Condo","Condo/Co-Op/Villa/Townhouse","Other View, Skyline View","Valet Parking",""
"B26055941","Beaches MLS","Active","1150000","1150000","1150000","","","","","","2026-07-24 00:54:24","7","7","833","","1","1","1","5875 COLLINS Avenue #1606, Miami Beach FL 33140","","Assoc Approval Required, Other Restrictions","Furnished","","","False","","All Cash, Conventional","","33140","2008","2252","","True","22","16","","1606","Intracoastal Front, Ocean Access","Clubhouse, Clubhouse-Clubroom, Community Room, Community Pool, Elevator, Exercise Room, Maintained Community, Pool, Private Pool, Sauna, Spa/Hot Tub, Trash Chute","13264","False","","Condo","Condo/Co-Op/Villa/Townhouse","","1 Space, Parking Garage, Valet Parking",""
"A12057351","Southeast Florida Regional","Active","1150000","1150000","1150000","","","","","","2026-07-23 00:13:40","10","10","2425","","4","3","0","329 Poinciana Dr #909, SUNNYISL FL 33160","POINCIANA ISLAND","Okay To Lease 1st Year","","Call Listing Agent","90","False","False","All Cash, Conventional","POINCIANA ISLAND","33160","1980","1500","1798","True","0","1","","909","Canal Front","Child Play Area, Clubhouse-Clubroom, Marina, Pool, Tennis, Vehicle Wash Area","4134","False","As Is, None","Condo","Condo/Co-Op/Villa/Townhouse","Canal, Intracoastal View","2 Or More Spaces",""
"A12052790","Southeast Florida Regional","Active","1150000","1150000","1150000","","","","","","2026-07-14 00:49:51","30","30","1910","Entry Level","2","2","0","2800 ISLAND BL #904, AVENTUR FL 33160","WILLIAMS ISLAND","No Trucks/Rv'S, Ok To Lease","Unfurnished","Call Listing Agent","180","False","False","All Cash, Conventional","WILLIAMS ISLAND","33160","1990","2622","980","True","32","4","","904","Intracoastal Front, Ocean Access","Bar, Basketball Courts, Bbq/Picnic Area, Bike/Jog Path, Child Play Area, Elevator, Exterior Lighting, Heated Pool, Marina, Pool, Sauna, Spa/Hot Tub, Tennis, Trash Chute","8797","False","As Is","Condo","Condo/Co-Op/Villa/Townhouse","Canal, Garden View, Intracoastal View","Assigned Parking, Valet Parking",""
"A12049851","Southeast Florida Regional","Active","1150000","1150000","1150000","","","","","","2026-07-07 22:11:27","45","24","1524","","3","3","0","300 Sunny Isles Blvd #4-1603, SUNNYISL FL 33160","PARQUE TOWERS CONDO","Auto Parking On","","Vacant","30","False","False","All Cash, Conventional","PARQUE TOWERS CONDO","33160","2019","1853","","True","42","16","","4-1603","Ocean Access","Bike Storage, Business Center, Elevator, Exercise Room","11000","False","As Is","Condo","Condo/Co-Op/Villa/Townhouse","Ocean View","1 Space",""
"A12046168","Southeast Florida Regional","Active","1150000","1150000","1150000","","","","","","2026-07-01 22:11:20","30","30","1524","","2","3","0","300 Sunny Isles Blvd #4-1503, SUNNYISL FL 33160","PARQUE TOWERS CONDO","No Daily Rentals, Ok To Lease","","Vacant","180","False","False","All Cash, Conventional","PARQUE TOWERS CONDO","33160","2019","1859","","True","26","15","","4-1503","Bay Front, Intracoastal Front, Navigable, Seawall","Bike Storage, Billiard Room, Business Center, Child Play Area, Community Room, Elevator, Exercise Room, Pool, Sauna, Spa/Hot Tub","12343","False","As Is, Foreign Seller","Condo","Condo/Co-Op/Villa/Townhouse","Canal, Intracoastal View, Ocean View","Assigned Parking, Covered Parking, Valet Parking",""
"A12062136","Southeast Florida Regional","Active","1150000","1150000","1150000","","","","","","2026-07-29 18:07:44","2","2","1557","","2","2","1","1100 Biscayne Blvd #5502, MIAMI FL 33132","MARQUIS CONDO","No Daily Rentals, Ok To Lease, Okay To Lease 1st Year","","Call Listing Agent","180","False","False","All Cash, Conventional","MARQUIS CONDO","33132","2009","1891","","True","67","55","","5502","Bay Front, Intracoastal Front, Ocean Front","Basketball Courts, Business Center, Elevator, Exercise Room, Heated Pool, Pool, Sauna","17680","False","As Is, Deed Restrictions","Condo","Condo/Co-Op/Villa/Townhouse","Bay, Ocean View, Skyline View","1 Space, Covered Parking, Valet Parking",""
"A12059217","Southeast Florida Regional","Active","1150000","1150000","1150000","","","","","","2026-07-29 09:40:33","2","2","1005","Entry Level","2","2","0","2555 Collins Ave #1511, MIAMIBCH FL 33140","CLUB ATLANTIS","Corporate Buyer OK, Daily Rentals Allowed, Okay To Lease 1st Year","Part Furn","Call Listing Agent","90","False","False","All Cash, Conventional","CLUB ATLANTIS","33140","1982","0","1286","True","26","15","","1511","Creek Front, Ocean Access, Ocean Front","Bbq/Picnic Area, Bike Storage, Billiard Room, Child Play Area, Clubhouse-Clubroom, Common Laundry, Elevator, Exercise Room, Exterior Lighting, Heated Pool, Pool, Sauna, Trash Chute, Vehicle Wash Area","13921","True","As Is","Condo","Condo/Co-Op/Villa/Townhouse","Ocean View, Direct Ocean, Pool Area View","1 Space, Covered Parking, Guest Parking",""
"A12053468","Southeast Florida Regional","Active","1150000","1150000","1150000","","","","","","2026-07-15 14:43:57","963","16","1030","Entry Level","1","1","1","1000 Venetian Way #810, MIAMIBCH FL 33139","ONE THOUSAND VENETIAN WAY","Ok To Lease","","Owner Occupied","180","False","False","All Cash, Conventional","ONE THOUSAND VENETIAN WAY","33139","1983","2091","","True","22","8","","810","Bay Front","Bar, Basketball Courts, Bbq/Picnic Area, Bike Storage, Billiard Room, Business Center, Clubhouse-Clubroom, Elevator, Heated Pool, Pool, Sauna, Spa/Hot Tub","13337","False","As Is","Condo","Condo/Co-Op/Villa/Townhouse","Bay, Skyline View","1 Space",""
"A12049783","Southeast Florida Regional","Active","1150000","1150000","1150000","","","","","","2026-07-29 11:01:54","2","2","1669","","3","3","1","1010 SW 2nd Ave #2201, MIAMI FL 33130","BRICKELL TEN","Ok To Lease, Other Restrictions","","Call Listing Agent","180","False","False","All Cash, Conventional","BRICKELL TEN","33130","2016","2130","","False","22","22","","2201","","Bar, Bbq/Picnic Area, Business Center, Community Room, Elevator, Exercise Room, Other Amenities, Pool, Spa/Hot Tub, Trash Chute","14702","False","As Is","Condo","Condo/Co-Op/Villa/Townhouse","Pool Area View, Skyline View, Water View","2 Or More Spaces",""
"A12049073","Southeast Florida Regional","Active","1150000","1150000","1150000","","","","","","2026-07-08 10:41:46","359","25","1459","","2","2","0","485 Brickell Ave #2908, MIAMI FL 33131","ICON BRICKELL","Daily Rentals Allowed, No Restrictions, No Trucks/Rv'S, Ok To Lease","","Call Listing Agent","1","False","False","All Cash, Conventional","ICON BRICKELL","33131","2009","2388","","True","57","29","","2908","Bay Front, Canal Front","Bike Storage, Business Center, Clubhouse-Clubroom, Elevator, Exercise Room, Other Amenities, Pool, Sauna, Spa/Hot Tub","15574","True","As Is","Condo","Condo/Co-Op/Villa/Townhouse","Bay, Other View, Skyline View, Water View","1 Space",""
"A12051868","Southeast Florida Regional","Active","1150000","1150000","1150000","","","","","","2026-07-10 19:21:49","21","21","1435","","3","2","0","170 Ocean Lane Dr #305, KEYBISCY FL 33149","OCEAN LANE PLAZA","No Trucks/Rv'S, Ok To Lease, Okay To Lease 1st Year","","Vacant","365","False","False","All Cash, Conventional","OCEAN LANE PLAZA","33149","1981","1929","","False","8","3","","305","","Bbq/Picnic Area, Exercise Room, Hobby Room","5880","False","As Is","Condo","Condo/Co-Op/Villa/Townhouse","Garden View","1 Space, Assigned Parking, Covered Parking, Guest Parking",""
"A12051634","Southeast Florida Regional","Active","1149000","1149000","1149000","","","","","","2026-07-10 14:19:48","440","21","1459","","2","2","0","485 Brickell Ave #4408, MIAMI FL 33131","ICON BRICKELL CONDO NO 3","Other Restrictions","Furnished","Call Listing Agent","0","False","False","All Cash, Conventional","ICON BRICKELL CONDO NO 3","33131","2009","1830","","True","0","0","","4408","Intracoastal Front","Other Amenities","15346","False","As Is","Condo","Condo/Co-Op/Villa/Townhouse","Bay","Other Parking",""
"A12049798","Southeast Florida Regional","Active","1139000","1139000","1139000","","","","","","2026-07-08 15:36:46","638","23","626","","1","1","0","398 NE 5th St #4719, MIAMI FL 33132","The Elser Residences","Corporate Buyer OK, Daily Rentals Allowed, Okay To Lease 1st Year","Furnished","Call Listing Agent","1","False","False","All Cash, Conventional","The Elser Residences","33132","2022","900","","True","49","47","","4719","Bay Front","Business Center, Exercise Room, Other Amenities, Pool, Spa/Hot Tub","13969","False","As Is, Disclosure","Condo","Condo/Co-Op/Villa/Townhouse","Other View","1 Space, Valet Parking",""
"A12061659","Southeast Florida Regional","Active","1100000","1100000","1100000","","","","","","2026-07-29 10:17:15","2","2","1388","","2","2","0","9801 Collins Ave #10V, BALHARBR FL 33154","BALMORAL","Okay To Lease 1st Year, Other Restrictions","","Vacant","180","False","False","All Cash, Conventional","BALMORAL","33154","1977","1540","","True","21","10","","10V","Ocean Access, Ocean Front","Bike/Jog Path, Business Center, Child Play Area, Clubhouse-Clubroom, Elevator, Exercise Room, Pool, Tennis","11908","True","As Is","Condo","Condo/Co-Op/Villa/Townhouse","Ocean View","2 Or More Spaces",""
"A12056229","Southeast Florida Regional","Active","1100000","1100000","1100000","","","","","","2026-07-19 14:12:34","154","12","1500","","2","2","0","9595 Collins Ave #N5-G, SURFSIDE FL 33154","solimar","Renting Limited","","Tenant Occupied","30","False","False","All Cash, Conventional, FHA","solimar","33154","2002","2318","","False","12","5","","N5-G","","Elevator","16334","False","As Is","Condo, Homeowners","Condo/Co-Op/Villa/Townhouse","Other View","2 Or More Spaces",""
"A12054090","Southeast Florida Regional","Active","1100000","1100000","1100000","","","","","","2026-07-15 11:23:06","204","16","1672","","2","2","0","8877 Collins Ave #PH-2, SURFSIDE FL 33154","Ocean Waves","No Lease First 2 years, Other Restrictions","","Call Listing Agent","365","False","False","All Cash, Conventional","Ocean Waves","33154","1981","1864","","True","13","12","","PH-2","Ocean Access, Ocean Front","Bbq/Picnic Area, Exercise Room, Heated Pool, Kitchen Facilities, Other Amenities, Sauna, Spa/Hot Tub","6669","True","As Is","Condo","Condo/Co-Op/Villa/Townhouse","Ocean View, Skyline View, Water View","1 Space, Street Parking, Valet Parking",""
"A12047872","Southeast Florida Regional","Active","1100000","1100000","1100000","","","","","","2026-07-06 19:53:45","28","28","","","1","2","","90 NE 32nd St #405, MIAMI FL 33127","The Standard Residences","No Daily Rentals","","Vacant","30","False","False","All Cash, Conventional","The Standard Residences","33127","2026","1074","","False","11","4","","405","","Bike Storage, Billiard Room, Business Center, Clubhouse-Clubroom, Community Room, Elevator, Exercise Room, Extra Storage, Heated Pool, Kitchen Facilities, Pickleball, Sauna, Tennis, Trash Chute","0","False","As Is","Condo","Condo/Co-Op/Villa/Townhouse","Skyline View","Other Parking, Street Parking",""
"A12055095","Southeast Florida Regional","Active","1100000","1100000","1100000","","","","","","2026-07-18 21:31:18","13","13","2133","","3","2","1","1901 Brickell Ave #B1109, MIAMI FL 33129","Brickell Place","Ok To Lease, Okay To Lease 1st Year","Part Furn","Vacant","365","False","False","All Cash, Conventional, Va","Brickell Place","33129","1975","1541","","True","23","11","","B1109","Bay Front, Ocean Access, Seawall","Basketball Courts, Bbq/Picnic Area, Bike Storage, Billiard Room, Child Play Area, Clubhouse-Clubroom, Elevator, Exercise Room, Heated Pool, Marina, Pickleball, Pool, Tennis, Trash Chute","9562","True","As Is","Condo","Condo/Co-Op/Villa/Townhouse","Bay, Garden View, Skyline View","1 Space, Assigned Parking, Covered Parking, Valet Parking",""
"A12053776","Southeast Florida Regional","Active","1100000","1100000","1100000","","","","","","2026-07-14 18:35:08","17","17","1320","","2","2","0","495 Brickell Ave #4105, MIAMI FL 33131","Icon Brickell","No Restrictions","","Call Listing Agent","0","False","False","All Cash, Conventional, Other Terms","Icon Brickell","33131","2009","900","","True","57","41","","4105","Intracoastal Front","Bike Storage, Billiard Room, Business Center, Clubhouse-Clubroom, Elevator, Exercise Room","0","","As Is","Homeowners","Condo/Co-Op/Villa/Townhouse","Intracoastal View, Ocean View, Direct Ocean","Additional Spaces Available, Assigned Parking, Covered Parking",""
"A12053667","Southeast Florida Regional","Active","1100000","1100000","1100000","","","","","","2026-07-15 09:05:54","339","16","1347","","2","2","0","485 Brickell Ave #4410, MIAMI FL 33131","Icon Brickell Condo","Daily Rentals Allowed","","Vacant","1","False","False","All Cash, Conventional","Icon Brickell Condo","33131","2009","2857","","True","50","44","","4410","Bay Front","Bike Storage, Billiard Room, Heated Pool, Sauna, Spa/Hot Tub, Trash Chute","15758","False","Foreign Seller","Condo","Condo/Co-Op/Villa/Townhouse","Bay, Pool Area View, Skyline View, Water View","1 Space, Valet Parking",""
"B26053603","Beaches MLS","Active","1099000","1099000","1099000","","","","","","2026-07-17 18:16:24","13","13","2103","Entry Level","2","2","1","3250 NE 188th Street #201, Aventura FL 33180","","Assoc Approval Required, Ok To Lease With Res, No Daily Rentals, No Trucks/Rv'S","Furn For Sale","Owner Occupied","","False","","All Cash, Conventional","","33180","2015","2940","","True","11","2","","201","Canal Front, Canal Width 121 Feet Or More, Intersecting Canals, Seawall","Bike/Jog Path, Billiard Room, Card/Electric Gate, Community Room, Community Pool, Courtesy Bus, Elevator, Exercise Room, Extra Storage, Heated Pool, Maintained Community, Management On Site, Pool, Pool Table, Private Pool, Sauna, Security Patrol, Spa/Hot Tub, Trash Chute","15474","False","Homestead Exemption","Condo","Condo/Co-Op/Villa/Townhouse","","1 Space, 2 Or More Spaces, Assigned Parking, Guest Parking, Limited # Of Vehicle, Parking Garage, Valet Parking",""
"A12058878","Southeast Florida Regional","Active","1099000","1099000","1099000","","","","","","2026-07-28 14:29:21","3","3","1358","","3","3","0","7930 East Dr #1408, NBAYVLGE FL 33141","Eloquence on the Bay","Dock Restrictions, No Daily Rentals, Okay To Lease 1st Year","","Owner Occupied","365","False","False","All Cash, Conventional","Eloquence on the Bay","33141","2009","1925","","True","20","14","","1408","Bay Front, Navigable, Ocean Access, Ocean Front","Basketball Courts, Bbq/Picnic Area, Bike Storage, Boat Dock, Clubhouse-Clubroom, Elevator, Exercise Room, Handball/Basketball, Heated Pool, Marina, Pool, Spa/Hot Tub, Tennis, Trash Chute","11077","True","Completely Renovated","Condo","Condo/Co-Op/Villa/Townhouse","Bay, Ocean View, Direct Ocean","2 Or More Spaces, Additional Spaces Available, Assigned Parking, Covered Parking",""
"A12056774","Southeast Florida Regional","Active","1099000","1099000","1099000","","","","","","2026-07-20 16:32:18","11","11","1387","","2","2","1","1250 Ocean Dr #2N, MIAMIBCH FL 33139","THE CARLYLE DECO HOTEL CO","Daily Rentals Allowed, Ok To Lease, See Broker Remarks","","Call Listing Agent","1","False","False","All Cash, Conventional","THE CARLYLE DECO HOTEL CO","33139","1941","0","2775","False","5","2","","2N","Ocean Front, Other Waterfront","Elevator, Other Amenities","12381","False","As Is","Condo","Condo/Co-Op/Villa/Townhouse","Garden View, Other View","None, Other Parking, Street Parking",""
"A12037675","Southeast Florida Regional","Active","1097000","1097000","1097000","","","","","","2026-07-27 11:01:29","780","4","1244","","2","2","1","68 SE 6th St #2707, MIAMI FL 33131","Reach","Other Restrictions","","Tenant Occupied","180","False","False","All Cash, Conventional","Reach","33131","2016","2102","","True","43","27","","2707","Intracoastal Front","Business Center, Child Play Area, Elevator, Exercise Room, Exterior Lighting, Pool, Sauna, Trash Chute","15890","False","As Is","Condo","Condo/Co-Op/Villa/Townhouse","Intracoastal View","1 Space, Assigned Parking, Valet Parking",""
"A12053936","Southeast Florida Regional","Active","1095000","1095000","1095000","","","","","","2026-07-15 02:36:40","426","16","","","2","2","0","2555 Collins Ave #308, MIAMIBCH FL 33140","CLUB ATLANITS CONDO","No Trucks/Rv'S, Ok To Lease","","Tenant Occupied","90","False","False","All Cash, Conventional","CLUB ATLANITS CONDO","33140","1982","1534","","True","26","3","","308","Ocean Front","Bike Storage, Common Laundry, Community Room, Elevator, Heated Pool, Pool, Sauna, Trash Chute, Vehicle Wash Area","9490","True","As Is","Condo","Condo/Co-Op/Villa/Townhouse","Ocean View, Direct Ocean","1 Space",""
"A12061870","Southeast Florida Regional","Active","1088000","1088000","1088000","","","","","","2026-07-31 08:20:57","0","0","532","","0","1","0","455 Grand Bay Dr #717, KEYBISCY FL 33149","RITZ CARLTON","Ok To Lease, Other Restrictions","","Call Listing Agent","1","False","False","All Cash, Conventional","RITZ CARLTON","33149","2001","1708","","True","14","7","","717","Ocean Access, Ocean Front","Bar, Business Center, Cabana, Elevator, Exercise Room, Exterior Lighting, Heated Pool, Other Amenities, Pool, Sauna, Spa/Hot Tub, Tennis","9242","False","As Is","Condo","Condo/Co-Op/Villa/Townhouse","Bay, Other View","1 Space, Valet Parking",""
"A12046753","Southeast Florida Regional","Active","1085000","1085000","1085000","","","","","","2026-07-07 09:05:03","24","24","1705","","3","2","1","400 Sunny Isles Blvd #1105, SUNNYISL FL 33160","400 SUNNY ISLES CONDO","Ok To Lease, Okay To Lease 1st Year, See Broker Remarks","","Vacant","180","False","False","All Cash, Conventional","400 SUNNY ISLES CONDO","33160","2015","1923","","False","11","11","","1105","","Bbq/Picnic Area, Billiard Room, Business Center, Clubhouse-Clubroom, Community Room, Elevator, Exercise Room, Exterior Lighting, Heated Pool, Other Amenities, Pool, Spa/Hot Tub, Trash Chute","14526","False","As Is","Condo","Condo/Co-Op/Villa/Townhouse","Bay","1 Space, Assigned Parking",""
"A12055911","Southeast Florida Regional","Active","1077777","1077777","1077777","","","","","","2026-07-18 09:21:19","13","13","1358","","3","3","0","7930 East Dr #1208, NBAYVLGE FL 33141","Eloquence on the Bay","Dock Restrictions, No Daily Rentals, Okay To Lease 1st Year","","Call Listing Agent","365","False","False","All Cash, Conventional","Eloquence on the Bay","33141","2009","1768","","True","20","12","","1208","Bay Front","Bike Storage, Boat Dock, Business Center, Community Room, Exercise Room, Marina, Pool, Tennis, Trash Chute","10044","True","Completely Renovated","Condo","Condo/Co-Op/Villa/Townhouse","Bay","2 Or More Spaces, Assigned Parking, Covered Parking",""
"A12055140","Southeast Florida Regional","Active","1075000","1075000","1075000","","","","","","2026-07-16 17:25:24","15","15","1056","","2","2","0","10275 Collins Ave #334, BALHARBR FL 33154","Harbour House","Ok To Lease","","Call Listing Agent","180","False","False","All Cash, Other Terms","Harbour House","33154","1964","0","1588","True","15","3","","334","Ocean Access","Other Amenities","14180","True","As Is","Condo","Condo/Co-Op/Villa/Townhouse","Garden View, Other View","1 Space, Valet Parking",""
"A12048782","Southeast Florida Regional","Active","1075000","1075000","1075000","","","","","","2026-07-08 12:07:37","25","25","1789","","3","2","0","50 Biscayne Blvd #5210, MIAMI FL 33132","50 Biscayne","No Trucks/Rv'S","Unfurnished","Call Listing Agent","181","False","False","All Cash, Conventional","50 Biscayne","33132","2007","2106","","False","54","52","","5210","","Bbq/Picnic Area, Cabana, Community Room, Exercise Room, Heated Pool, Pool","16646","False","As Is","Condo","Condo/Co-Op/Villa/Townhouse","Bay, Ocean View, Skyline View","1 Space, Valet Parking",""
"A12046657","Southeast Florida Regional","Active","1075000","1075000","1075000","","","","","","2026-07-06 14:13:43","124","25","2150","","3","3","1","3655 SW 25th St #3655, MIAMI FL 33133","Villas at 25 St","No Restrictions","","Owner Occupied","0","False","False","All Cash, Conventional","Villas at 25 St","33133","2019","0","","False","2","1","","3655","","No Amenities","11517","False","As Is, Disclosure","Condo","Condo/Co-Op/Villa/Townhouse","Garden View, Skyline View","2 Or More Spaces",""
"A12055477","Southeast Florida Regional","Active","1060000","1060000","1060000","","","","","","2026-07-17 12:07:04","14","14","1377","","3","2","1","1100 100th St #606, BAYHARIS FL 33154","BAY HARBOR ONE CONDO","Other Restrictions","","Call Listing Agent","365","False","False","All Cash, Conventional","BAY HARBOR ONE CONDO","33154","2019","1650","","True","8","6","","606","Bay Front","Elevator, Other Amenities, Pool","12186","False","As Is","Condo","Condo/Co-Op/Villa/Townhouse","Bay, Other View","2 Or More Spaces",""
"A12059905","Southeast Florida Regional","Active","1059000","1059000","1059000","","","","","","2026-07-27 10:44:08","6","6","833","","1","1","","77 SE 5TH ST #3914, MIAMI FL 33131","VICEROY RESIDENCES","See Broker Remarks","Furnished","Call Listing Agent","30","False","False","All Cash, Conventional","VICEROY RESIDENCES","33131","2026","1179","","True","45","39","","3914","Bay Front, Canal Front","Billiard Room, Business Center, Child Play Area, Community Room, Elevator, Exercise Room, Other Amenities","0","False","As Is","Condo","Condo/Co-Op/Villa/Townhouse","Bay, Intracoastal View, Ocean View","1 Space, Covered Parking, Valet Parking",""
"A12053702","Southeast Florida Regional","Active","1050000","1050000","1050000","","","","","","2026-07-24 09:57:21","7","7","1240","","2","2","0","9721 E Bay Harbor Dr #6D, BAYHARIS FL 33154","ISLAND PLACE AT BAY HARBO","Other Restrictions","","Owner Occupied","180","False","False","All Cash","ISLAND PLACE AT BAY HARBO","33154","1972","817","","True","7","6","","6D","Bay Front, Canal Front","Other Amenities, Trash Chute","7905","False","As Is","Condo, Other","Condo/Co-Op/Villa/Townhouse","Bay, Canal, Pool Area View, Skyline View, Water View","Assigned Parking",""
"A12049882","Southeast Florida Regional","Active","1050000","1050000","1050000","","","","","","2026-07-09 01:37:48","88","24","927","","1","2","0","9499 Collins Ave #1009, SURFSIDE FL 33154","Spiaggia","Ok To Lease","","Vacant","180","False","False","All Cash, Conventional","Spiaggia","33154","1965","1508","","True","12","10","","1009","Ocean Front","Exercise Room, Heated Pool, Pool, Private Beach Pavilion, Sauna, Spa/Hot Tub, Trash Chute","0","True","As Is","Condo","Condo/Co-Op/Villa/Townhouse","Other View, Water View","1 Space, Valet Parking",""
"A12043129","Southeast Florida Regional","Active","1050000","1050000","1050000","","","","","","2026-07-06 12:04:10","357","25","1498","","2","3","0","851 NE 1st Ave #3308, MIAMI FL 33132","PARAMOUNT MIAMI WORLDCENT","Ok To Lease, Okay To Lease 1st Year","","Call Listing Agent","180","False","False","All Cash, Conventional","PARAMOUNT MIAMI WORLDCENT","33132","2019","2641","","False","51","33","","3308","","Basketball Courts, Business Center, Exercise Room, Handball/Basketball, Heated Pool, Other Amenities, Pool, Tennis","17794","False","As Is","Condo, Homeowners","Condo/Co-Op/Villa/Townhouse","Other View, Skyline View","2 Or More Spaces, Assigned Parking, Valet Parking",""
"A12048288","Southeast Florida Regional","Active","1050000","1050000","1050000","","","","","","2026-07-05 18:38:03","26","26","1640","","2","2","1","9660 W Bay Harbor Dr #5A, BAYHARIS FL 33154","Island Manor Condo","Dock Restrictions, Ok To Lease, Other Restrictions","","Owner Occupied","365","False","False","All Cash, Conventional, Cryptocurrency, Va","Island Manor Condo","33154","1972","1320","","True","7","5","","5A","Intracoastal Front, Navigable, No Fixed Bridges, Ocean Access","Bbq/Picnic Area, Bike Storage, Boat Dock, Elevator, Exercise Room, Exterior Lighting, Extra Storage, Pool, Sauna, Trash Chute","1829","False","As Is","Condo, Homeowners","Condo/Co-Op/Villa/Townhouse","Canal, Other View, Skyline View","Additional Spaces Available, Assigned Parking, Guest Parking",""
"A12050459","Southeast Florida Regional","Active","1050000","1050000","1050000","","","","","","2026-07-14 16:31:11","17","17","","","1","1","1","300 Biscayne Boulevard Way #3008W, MIAMI FL 33131","Aston Martin Residences","See Broker Remarks","","Call Listing Agent","90","False","False","All Cash, Conventional","Aston Martin Residences","33131","2024","0","","True","66","30","","3008W","Bay Front","Business Center, Cabana, Child Play Area, Clubhouse-Clubroom, Exercise Room, Heated Pool, Pool","12415","False","As Is","Condo","Condo/Co-Op/Villa/Townhouse","Bay, Water View","1 Space, Valet Parking",""
"A12051120","Southeast Florida Regional","Active","1049000","1049000","1049000","","","","","","2026-07-14 07:48:10","17","17","1190","","2","2","0","9 Island Ave #610, MIAMIBCH FL 33139","NINE ISLAND AVENUE CONDO","Corporate Buyer OK, Ok To Lease","","Call Listing Agent","181","False","False","All Cash, Conventional","NINE ISLAND AVENUE CONDO","33139","1981","1671","","True","25","6","","610","Bay Front, Ocean Access","Boat Dock, Business Center, Child Play Area, Clubhouse-Clubroom, Elevator, Exercise Room, Marina, Pool, Tennis","7914","False","As Is","Condo","Condo/Co-Op/Villa/Townhouse","Bay, Garden View, Ocean View, Skyline View","1 Space, Assigned Parking",""
"A12052910","Southeast Florida Regional","Active","1045000","1045000","1045000","","","","","","2026-07-29 08:35:14","149","2","1470","","2","2","1","17375 Collins Ave #2101, SUNNYISL FL 33160","OCEAN POINT BEACH","See Broker Remarks","","Call Listing Agent","90","False","False","All Cash, Conventional","OCEAN POINT BEACH","33160","2000","8046","","True","27","21","","2101","Ocean Access, Ocean Front","Bar, Bbq/Picnic Area, Business Center, Cabana, Clubhouse-Clubroom, Elevator, Exercise Room, Heated Pool, Other Amenities, Private Beach Pavilion, Private Pool, Sauna, Spa/Hot Tub","11154","False","As Is, Completely Renovated","Condo","Condo/Co-Op/Villa/Townhouse","Ocean View, Direct Ocean, Water View","1 Space, Other Parking, Valet Parking",""
"A12049758","Southeast Florida Regional","Active","1039000","1039000","1039000","","","","","","2026-07-14 21:36:42","17","17","1715","","2","2","1","16699 Collins Ave #1604, SUNNYISL FL 33160","LA PERLA CONDO","Ok To Lease","","Vacant","20","False","False","All Cash, Conventional","LA PERLA CONDO","33160","2006","2517","","True","43","16","","1604","Ocean Access, Ocean Front","Business Center, Clubhouse-Clubroom, Exercise Room, Trash Chute","13809","False","As Is","Condo","Condo/Co-Op/Villa/Townhouse","Ocean View, Direct Ocean, Water View","1 Space, Covered Parking, Valet Parking",""
"A12055452","Southeast Florida Regional","Active","1025000","1025000","1025000","","","","","","2026-07-17 11:24:14","211","14","639","","1","1","1","580 72ND #1004, MIAMIBCH FL 33141","72 PARK","No Restrictions, Ok To Lease","","Call Listing Agent","180","False","False","All Cash, Conventional","72 PARK","33141","2025","1200","","False","22","10","","1004","","Bbq/Picnic Area, Bike Storage, Community Room, Elevator, Exercise Room, Pool","0","False","As Is","Condo","Condo/Co-Op/Villa/Townhouse","Bay, Other View","1 Space",""
"B26054712","Beaches MLS","Active","1020000","1020000","1020000","","","","","","2026-07-21 14:31:04","9","9","870","Entry Level","2","2","0","530 Ocean Drive, Miami Beach FL 33139","","No Restrictions","Furnished","Call Listing Agent","","False","","All Cash, Conventional","","33139","1937","1149","","True","4","1","","","","Common Laundry, Elevator, Laundry Facility","11570","False","As Is","Condo","Condo/Co-Op/Villa/Townhouse","","Street Parking",""
"B26051382","Beaches MLS","Active","1000000","1000000","1000000","","","","","","2026-07-11 23:04:19","19","19","1238","Entry Level","2","2","1","88 SW 7th Street #1709, Miami FL 33130","","Assoc Approval Required, Exterior Alterations, Ok To Lease With Res, No Daily Rentals, Other Restrictions","Unfurnished","Vacant","","False","","All Cash, Conventional","","33130","2016","2102","","False","44","17","","1709","","Business Center, Community Room, Community Pool, Management On Site, Pool, Private Pool, Security Patrol, Spa/Hot Tub, Trash Chute","14500","False","","Condo","Condo/Co-Op/Villa/Townhouse","","1 Space, Parking Garage, Valet Parking",""
"A12047483","Southeast Florida Regional","Active","1000000","1000000","1000000","","","","","","2026-07-13 11:23:19","18","18","1171","","2","2","1","488 NE 18th St #4900, MIAMI FL 33132","Aria On The Bay","No Daily Rentals, Okay To Lease 1st Year, Other Restrictions","","Call Listing Agent","180","False","False","All Cash, Conventional","Aria On The Bay","33132","2018","1259","","False","50","49","","4900","","Bbq/Picnic Area, Billiard Room, Business Center, Child Play Area, Clubhouse-Clubroom, Community Room, Elevator, Exercise Room, Heated Pool, Other Amenities, Pool, Sauna, Spa/Hot Tub, Trash Chute","12546","False","As Is","Condo","Condo/Co-Op/Villa/Townhouse","Bay, Other View, Skyline View","1 Space, Covered Parking",""
"A12053852","Southeast Florida Regional","Active","1000000","1000000","1000000","","","","","","2026-07-16 00:08:17","15","15","1306","","2","2","0","808 Brickell Key Dr #606, MIAMI FL 33131","TWO TEQUESTA","Ok To Lease","","Call Listing Agent","365","False","False","All Cash, Conventional","TWO TEQUESTA","33131","1998","1198","","True","40","4","","606","Ocean Front","Basketball Courts, Bbq/Picnic Area, Bike Storage, Business Center, Child Play Area, Community Room, Elevator, Exercise Room, Pool, Spa/Hot Tub, Tennis, Trash Chute","12019","False","None","Condo","Condo/Co-Op/Villa/Townhouse","Ocean View","1 Space",""
"A12054809","Southeast Florida Regional","Active","999999","999999","999999","","","","","","2026-07-16 13:55:25","15","15","1253","","2","2","0","801 S Miami Ave #3010, MIAMI FL 33130","SLS LUX","Other Restrictions","","Vacant","31","False","False","All Cash, Conventional","SLS LUX","33130","2018","2041","","False","57","30","","3010","","Exercise Room, Pool","15344","False","As Is","Condo","Condo/Co-Op/Villa/Townhouse","Skyline View","1 Space, Assigned Parking, Valet Parking",""
"A12061592","Southeast Florida Regional","Active","999000","999000","999000","","","","","","2026-07-28 22:27:25","3","3","1168","","1","1","1","18101 Collins Ave #506, SUNNYISL FL 33160","Trump Palace","Corporate Buyer OK, Ok To Lease, Okay To Lease 1st Year","","Call Listing Agent","180","False","False","All Cash, Conventional","Trump Palace","33160","2006","0","","True","55","5","","506","Ocean Access, Ocean Front","Business Center, Cabana, Clubhouse-Clubroom, Common Laundry, Elevator, Exercise Room, Exterior Lighting, Heated Pool, Pool, Private Beach Pavilion, Sauna, Spa/Hot Tub, Tennis, Trash Chute","10013","False","As Is, Disclosure, Documents Available, Milestone Inspection Report, Structural Integrity Reserve Study","Condo","Condo/Co-Op/Villa/Townhouse","Intracoastal View, Ocean View, Skyline View","1 Space, Additional Spaces Available, Assigned Parking, Valet Parking",""
"A12050468","Southeast Florida Regional","Active","999000","999000","999000","","","","","","2026-07-27 15:27:20","4","4","1289","Entry Level","2","2","0","18201 Collins Ave #901A, SUNNYISL FL 33160","TRUMP ROYALE","Auto Parking On, Ok To Lease","Furnished","Call Listing Agent","180","False","False","All Cash, Conventional","TRUMP ROYALE","33160","2008","1640","","True","55","9","","901A","Intracoastal Front, Ocean Front","Billiard Room, Exercise Room, Pool, Spa/Hot Tub, Tennis","12684","","As Is","Homeowners","Condo/Co-Op/Villa/Townhouse","Intracoastal View, Ocean View","2 Or More Spaces, Covered Parking, Valet Parking",""
"A12053819","Southeast Florida Regional","Active","999000","999000","999000","","","","","","2026-07-15 13:49:39","16","16","544","","0","1","0","4391 COLLINS AVE #1706, MIAMIBCH FL 33140","FONTAINBLEAU SORRENTO","Daily Rentals Allowed","","Vacant","1","False","False","All Cash, Conventional","FONTAINBLEAU SORRENTO","33140","2008","937","","True","19","17","","1706","Ocean Front","Bar, Bike/Jog Path, Billiard Room, Business Center, Clubhouse-Clubroom, Exercise Room, Heated Pool, Other Amenities, Pool, Sauna, Spa/Hot Tub, Trash Chute","13900","False","As Is","Condo","Condo/Co-Op/Villa/Townhouse","Intracoastal View, Ocean View, Pool Area View, Skyline View, Water View","1 Space, Guest Parking, Valet Parking",""
"A12059912","Southeast Florida Regional","Active","999000","999000","999000","","","","","","2026-07-27 10:45:11","6","6","862","","1","1","","77 SE 5th St #3308, MIAMI FL 33131","VICEROY BRICKELL","See Broker Remarks","Furnished","Call Listing Agent","30","False","False","All Cash, Conventional","VICEROY BRICKELL","33131","2026","1376","","True","45","33","","3308","Bay Front, Canal Front","Billiard Room, Business Center, Community Room, Elevator, Exercise Room, Exterior Lighting","0","False","As Is","Condo","Condo/Co-Op/Villa/Townhouse","Bay, Intracoastal View, Water View","1 Space, Valet Parking",""
"A12053989","Southeast Florida Regional","Active","999000","999000","999000","","","","","","2026-07-17 10:19:06","439","15","1191","","3","2","0","650 West Ave #1208, MIAMIBCH FL 33139","The Floridian","Okay To Lease 1st Year","Unfurnished","Owner Occupied","180","False","False","All Cash, Conventional","The Floridian","33139","1997","1708","","True","34","12","","1208","Bay Front, No Fixed Bridges, Ocean Access, Seawall","Bbq/Picnic Area, Business Center, Community Room, Elevator, Exercise Room, Marina, Pool, Private Pool, Spa/Hot Tub, Tennis, Trash Chute","5494","False","As Is","Condo","Condo/Co-Op/Villa/Townhouse","Ocean View, Direct Ocean","2 Or More Spaces, Assigned Parking, Guest Parking, Street Parking, Valet Parking",""
"A12051655","Southeast Florida Regional","Active","998000","998000","998000","","","","","","2026-07-13 10:32:33","18","18","1154","","3","2","1","1300 S Miami Ave #2206, MIAMI FL 33130","Dua Miami","Ok To Lease, Okay To Lease 1st Year","","Vacant","30","False","False","All Cash, Conventional","Dua Miami","33130","2016","1634","","False","52","22","","2206","","Business Center, Child Play Area, Community Room, Exercise Room, Heated Pool, Pool, Spa/Hot Tub","14835","False","As Is","Condo","Condo/Co-Op/Villa/Townhouse","Ocean View, Skyline View","1 Space, Assigned Parking, Covered Parking",""
"A12058449","Southeast Florida Regional","Active","997000","997000","997000","","","","","","2026-07-27 12:29:46","5","5","1640","","2","2","","1541 Brickell Ave #A-1902, MIAMI FL 33129","The Palace Condo","Okay To Lease 1st Year, Other Restrictions","","Tenant Occupied","365","False","False","All Cash, Other Terms","The Palace Condo","33129","1981","2342","","True","42","19","","A-1902","Bay Front","Bbq/Picnic Area, Cabana, Child Play Area, Clubhouse-Clubroom, Elevator, Exercise Room, Pool, Tennis, Trash Chute, Vehicle Wash Area","12219","False","Completely Renovated","Condo","Condo/Co-Op/Villa/Townhouse","Bay, Skyline View, Water View","1 Space, Assigned Parking, Covered Parking, Guest Parking, Valet Parking",""
"A12048695","Southeast Florida Regional","Active","990000","990000","990000","","","","","","2026-07-06 13:13:19","24","24","1910","","3","3","0","2800 Island Blvd #302, AVENTUR FL 33160","2800 Island Blvd","Ok To Lease","Unfurnished","Call Listing Agent","180","True","False","Conventional","2800 Island Blvd","33160","1990","2622","980","True","31","3","","302","Intracoastal Front","Billiard Room, Business Center, Child Play Area, Courtesy Bus, Heated Pool, Marina, Other Amenities, Other Membership Included, Pickleball, Pool, Sauna, Spa/Hot Tub, Tennis, Trash Chute","8834","False","As Is","Condo, Homeowners","Condo/Co-Op/Villa/Townhouse","Intracoastal View, Other View","2 Or More Spaces, Valet Parking",""
"A12054865","Southeast Florida Regional","Active","1049000","990000","990000","","","","","","2026-07-20 14:04:16","14","14","","","1","1","","90 NE 32 #609, MIAMI FL 33127","The Standard Residences","Ok To Lease, Okay To Lease 1st Year","","Vacant","30","False","False","All Cash, Conventional","The Standard Residences","33127","2026","805","","False","12","6","","609","","Bike Storage, Business Center, Clubhouse-Clubroom, Elevator, Exercise Room, Heated Pool, Kitchen Facilities, Other Amenities, Pickleball","0","False","As Is","Condo","Condo/Co-Op/Villa/Townhouse","Other View","Other Parking",""
"A12046129","Southeast Florida Regional","Active","990000","990000","990000","","","","","","2026-07-02 10:39:42","29","29","833","","1","1","","77 SE 5th St. #1905, MIAMI FL 33131","Viceroy Brickell","Auto Parking On","Furnished","Vacant","0","False","False","All Cash, Conventional","Viceroy Brickell","33131","2026","1308","","False","45","1905","","1905","Fixed Bridge(S)","Bar, Billiard Room, Business Center, Cabana, Clubhouse-Clubroom, Community Room, Exercise Room, Other Membership Available, Pool, Spa/Hot Tub, Trash Chute","0","False","As Is","Condo","Condo/Co-Op/Villa/Townhouse","Bay, Ocean View, Pool Area View, River, Water View","1 Space, Valet Parking",""
"A12053878","Southeast Florida Regional","Active","989000","989000","989000","","","","","","2026-07-23 10:38:31","614","16","1119","","2","2","1","801 S Miami Ave #2002, MIAMI FL 33130","SLS LUX","No Trucks/Rv'S, Ok To Lease, Okay To Lease 1st Year","","Vacant","90","False","False","All Cash, Conventional","SLS LUX","33130","2018","1819","","False","57","20","","2002","","Business Center, Child Play Area, Exercise Room, Exterior Lighting, Pool","13817","False","As Is","Condo","Condo/Co-Op/Villa/Townhouse","Other View","1 Space, Valet Parking",""
"A12052736","Southeast Florida Regional","Active","975000","975000","975000","","","","","","2026-07-13 19:38:41","18","18","2080","","3","2","1","20281 E Country Club Dr #1907, AVENTUR FL 33180","Hamptons West","Ok To Lease, Okay To Lease 1st Year","","Call Listing Agent","180","False","False","All Cash, Conventional","Hamptons West","33180","1984","2613","","True","24","19","","1907","Intracoastal Front, Ocean Front","Bike Storage, Billiard Room, Boat Dock, Child Play Area, Clubhouse-Clubroom, Community Room, Courtesy Bus, Exercise Room, Extra Storage, Heated Pool, Library, Pool, Spa/Hot Tub, Tennis","6924","False","As Is","Condo","Condo/Co-Op/Villa/Townhouse","Golf View, Pool Area View, Tennis Court View","2 Or More Spaces, Assigned Parking, Valet Parking",""
"A12053640","Southeast Florida Regional","Active","975000","975000","975000","","","","","","2026-07-14 18:46:48","18","18","2230","","3","2","1","145 SE 25th Rd #1003, MIAMI FL 33129","BRICKELL 25","No Trucks/Rv'S","Unfurnished","Vacant","1-2","False","False","FHA","BRICKELL 25","33129","1970","2900","","True","11","10","","1003","Bay Front","Bike/Jog Path, Fishing Pier, Pool","8600","False","As Is","Condo","Condo/Co-Op/Villa/Townhouse","Bay, Ocean View, Skyline View","Assigned Parking, Covered Parking",""
"A12048912","Southeast Florida Regional","Active","970000","970000","970000","","","","","","2026-07-07 09:42:08","25","25","1151","","2","3","0","650 NE 32nd St #4205, MIAMI FL 33137","PARAISO BAY","Ok To Lease","","Tenant Occupied","180","False","False","All Cash, Conventional","PARAISO BAY","33137","2018","1637","","True","53","42","","4205","Bay Front","Elevator, Exercise Room","15814","False","As Is","Condo","Condo/Co-Op/Villa/Townhouse","Bay","1 Space, Assigned Parking, Covered Parking",""
"A12050221","Southeast Florida Regional","Active","969500","969500","969500","","","","","","2026-07-10 11:13:45","22","22","1060","","2","2","1","2900 NE 7th Ave #LPH-4501, MIAMI FL 33137","BISCAYNE BEACH CONDO","No Daily Rentals, Ok To Lease","","Call Listing Agent","365","False","False","Cash Only","BISCAYNE BEACH CONDO","33137","2017","1554","","True","51","45","","LPH-4501","Bay Front","Business Center, Cabana, Clubhouse-Clubroom, Exercise Room, Other Amenities, Pool, Sauna, Spa/Hot Tub","13036","False","As Is","Condo","Condo/Co-Op/Villa/Townhouse","Bay, Other View, Skyline View","2 Or More Spaces, Assigned Parking, Covered Parking",""
"A12055080","Southeast Florida Regional","Active","969000","969000","969000","","","","","","2026-07-16 18:53:17","15","15","1890","","3","3","","251 174th St #1104, SUNNYISL FL 33160","Winston Towers 200","No Lease-1st Year Owned, Other Restrictions","Unfurnished","Owner Occupied","365","False","False","All Cash, Conventional","Winston Towers 200","33160","1971","977","","True","23","11","","1104","Bay Front, Intracoastal Front, Ocean Access","Billiard Room, Common Laundry, Exercise Room, Pool, Trash Chute","8001","False","Completely Renovated","Condo","Condo/Co-Op/Villa/Townhouse","Bay, Intracoastal View","1 Space, Covered Parking",""
"B26050166","Beaches MLS","Active","968000","968000","968000","","","","","","2026-07-08 19:58:25","23","23","617","","1","1","0","20 NE 11th Street #4805, Miami FL 33132","","No Restrictions","","","","False","","All Cash, Conventional, Cryptocurrency","","33132","2026","951","","False","64","48","","4805","","Bar, Billiard Room, Business Center, Cabana, Clubhouse, Clubhouse-Clubroom, Community Room, Community Pool, Elevator, Exercise Room, Heated Pool, Kitchen Facilities, Maintained Community, Pool, Pool Table, Private Pool, Spa/Hot Tub, Trash Chute","0","False","","Condo","Condo/Co-Op/Villa/Townhouse","","1 Space, Parking Garage",""
"A12062869","Southeast Florida Regional","Active","960000","960000","960000","","","","","","2026-07-30 21:27:45","15","15","1557","","3","3","0","16385 Biscayne Blvd #2007, NMIAMIBC FL 33160","THE HARBOUR","Corporate Buyer OK, Ok To Lease, Okay To Lease 1st Year, See Broker Remarks","Furnished","Call Listing Agent","180","False","False","All Cash, Conventional","THE HARBOUR","33160","2018","1680","","True","33","20","","2007","Bay Front","Basketball Courts, Business Center, Child Play Area, Clubhouse-Clubroom, Community Room, Elevator, Exercise Room, Heated Pool, Library, Marina, Pool, Sauna, Spa/Hot Tub, Tennis","15523","False","As Is","Condo","Condo/Co-Op/Villa/Townhouse","Bay, Intracoastal View, Lake, Ocean View, Skyline View, Water View","1 Space, Valet Parking",""
"A12050507","Southeast Florida Regional","Active","960000","960000","960000","","","","","","2026-07-10 16:36:35","200","21","2750","","3","4","0","1400 Salzedo St #305, CORALGBL FL 33134","LA HACIENDA IN THE GABLES","Other Restrictions","Part Furn","Call Listing Agent","365","False","False","All Cash, Conventional","LA HACIENDA IN THE GABLES","33134","2000","710","","False","6","3","","305","","Community Room, Elevator, Exercise Room, Other Amenities, Pool, Trash Chute","11246","False","As Is","Condo","Condo/Co-Op/Villa/Townhouse","Other View","Assigned Parking, Covered Parking",""
"A12047260","Southeast Florida Regional","Active","1200000","960000","960000","","","","","","2026-07-09 13:51:40","22","22","1237","","2","2","1","200 Biscayne Boulevard Way #5110, MIAMI FL 33131","EPIC CONDOMINIUM","Corporate Buyer OK, Ok To Lease, Okay To Lease 1st Year","","Owner Occupied","30","False","False","All Cash, Conventional, Va","EPIC CONDOMINIUM","33131","2008","6268","","True","58","50","","5110","River Front","Pool, Sauna, Spa/Hot Tub","13383","False","Corporation Owned Property","Condo","Condo/Co-Op/Villa/Townhouse","Skyline View","2 Or More Spaces, Assigned Parking, Valet Parking",""
"A12046543","Southeast Florida Regional","Active","955000","955000","955000","","","","","","2026-07-06 12:21:16","215","25","1226","","2","2","0","2100 Park Ave #406, MIAMIBCH FL 33139","ARTEPARK SOUTH CONDO","Ok To Lease","Furnished","Vacant","180","False","False","All Cash, Conventional","ARTEPARK SOUTH CONDO","33139","2011","1949","","False","6","4","","406","","Elevator, Exercise Room, Pool","12721","False","As Is","Condo","Condo/Co-Op/Villa/Townhouse","Pool Area View, Skyline View","1 Space, Assigned Parking, Covered Parking",""
"A12061313","Southeast Florida Regional","Active","955000","955000","955000","","","","","","2026-07-29 12:31:50","2","2","1595","","2","2","1","600 Biltmore Way #1014, CORALGBL FL 33134","BILTMORE II CONDO","See Broker Remarks","Unfurnished","Vacant","365","False","False","All Cash, Conventional","BILTMORE II CONDO","33134","1973","1833","","False","13","10","","1014","","Bike Storage, Clubhouse-Clubroom, Exercise Room, Exterior Lighting, Extra Storage, Kitchen Facilities, Pool, Trash Chute","10111","False","As Is","Condo","Condo/Co-Op/Villa/Townhouse","Other View, Pool Area View","2 Or More Spaces, Guest Parking, Street Parking",""
"A12043890","Southeast Florida Regional","Active","955000","955000","955000","","","","","","2026-07-10 11:58:30","22","22","","","1","1","","77 SE 5th Street #1708, MIAMI FL 33131","VICEROY BRICKELL","Other Restrictions","","Vacant","30","False","False","All Cash, Conventional","VICEROY BRICKELL","33131","2026","700","","False","45","17","","1708","","Bar, Bbq/Picnic Area, Billiard Room, Business Center, Cabana, Community Room, Exercise Room, Exterior Lighting, Library, Other Amenities","0","False","As Is","Condo","Condo/Co-Op/Villa/Townhouse","Other View","1 Space",""
"A12050880","Southeast Florida Regional","Active","950000","950000","950000","","","","","","2026-07-09 17:13:30","22","22","2700","","4","3","1","21399 Marina Cove Cir #M-15, AVENTUR FL 33180","Marina Cove","No Daily Rentals, Other Restrictions","","Owner Occupied","365","False","False","All Cash, Conventional","Marina Cove","33180","1996","1199","","False","3","1","","M-15","Canal Front","Marina, Pool","5356","False","As Is, Milestone Inspection Report, Structural Integrity Reserve Study","Condo","Condo/Co-Op/Villa/Townhouse","Canal","2 Or More Spaces",""
"A12048486","Southeast Florida Regional","Active","950000","950000","950000","","","","","","2026-07-06 14:45:52","278","25","2290","","3","2","1","20191 E Country Club Dr #2601, AVENTUR FL 33180","TERRACES NORTH TURNBERRY","No Lease First 2 years, Ok To Lease","","Vacant","365","False","False","All Cash, Conventional","TERRACES NORTH TURNBERRY","33180","1983","1982","","True","28","26","","2601","Canal Front, Lake Front","Basketball Courts, Bike Storage, Billiard Room, Child Play Area, Clubhouse-Clubroom, Exercise Room, Extra Storage, Heated Pool, Library, Sauna, Spa/Hot Tub, Tennis","12443","False","As Is","Condo","Condo/Co-Op/Villa/Townhouse","Garden View, Intracoastal View, Lake","2 Or More Spaces",""
"A12045172","Southeast Florida Regional","Active","950000","950000","950000","","","","","","2026-07-06 13:59:55","25","25","1872","","3","2","0","21055 Yacht Club Dr #2005, AVENTUR FL 33180","THE POINT","Other Restrictions","","Call Listing Agent","365","False","False","All Cash, Conventional","THE POINT","33180","2002","0","","True","0","0","","2005","Intracoastal Front","Child Play Area, Clubhouse-Clubroom, Exercise Room, Sauna, Spa/Hot Tub","0","","As Is","Other","Condo/Co-Op/Villa/Townhouse","Canal, Ocean View, Pool Area View","2 Or More Spaces, Guest Parking, Valet Parking",""
"A12061998","Southeast Florida Regional","Active","950000","950000","950000","","","","","","2026-07-29 16:26:37","207","3","1680","","3","3","0","3000 NE 188th St #603, AVENTUR FL 33180","EASTSIDE","Corporate Buyer OK, No Daily Rentals, Ok To Lease, Okay To Lease 1st Year","Unfurnished","Tenant Occupied","365","False","False","All Cash, Conventional","EASTSIDE","33180","2007","1492","","True","8","6","","603","Canal Front","Heated Pool, Sauna, Spa/Hot Tub, Trash Chute","9308","False","As Is","Condo","Condo/Co-Op/Villa/Townhouse","Bay, Canal","2 Or More Spaces",""
"A12055155","Southeast Florida Regional","Active","950000","950000","950000","","","","","","2026-07-17 21:35:23","14","14","902","","2","2","0","1623 Collins Ave #716, MIAMIBCH FL 33139","THE GEORGIAN CONDO","Ok To Lease","","Call Listing Agent","0","False","False","All Cash, Conventional","THE GEORGIAN CONDO","33139","1980","0","","True","20","7","","716","Other Waterfront","Bike Storage, Community Room, Exterior Lighting, Pool","0","","As Is","None","Condo/Co-Op/Villa/Townhouse","Other View","1 Space",""
"A12061750","Southeast Florida Regional","Active","950000","950000","950000","","","","","","2026-07-29 13:37:39","2","2","833","","1","1","","77 SE 5th Street #2205, MIAMI FL 33131","Viceroy Brickell","Auto Parking On","","Vacant","0","False","False","All Cash, Conventional","Viceroy Brickell","33131","2026","1308","","False","45","22","","2205","Fixed Bridge(S)","Bar, Billiard Room, Business Center, Cabana, Clubhouse-Clubroom, Community Room, Exercise Room, Other Membership Available, Pool, Spa/Hot Tub, Trash Chute","0","False","As Is","Condo","Condo/Co-Op/Villa/Townhouse","Bay, Ocean View, Pool Area View, River, Water View","1 Space, Valet Parking",""
"A12055737","Southeast Florida Regional","Active","950000","950000","950000","","","","","","2026-07-24 16:24:19","7","7","1544","","3","3","0","92 SW 3rd St #3901, MIAMI FL 33130","MINT CONDO","Ok To Lease","Furnished","Call Listing Agent","180","False","False","All Cash, Conventional","MINT CONDO","33130","2010","1723","1541","True","52","39","","3901","River Front","Business Center, Child Play Area, Community Room, Elevator, Exercise Room, Pool, Sauna, Spa/Hot Tub","0","False","As Is","Condo","Condo/Co-Op/Villa/Townhouse","Other View, Skyline View, Water View","1 Space, Other Parking, Valet Parking",""
"A12059802","Southeast Florida Regional","Active","945000","945000","945000","","","","","","2026-07-27 12:00:41","6","6","1260","","2","2","0","9455 Collins Ave #501, SURFSIDE FL 33154","THE WAVES CONDO","No Daily Rentals","Unfurnished","Call Listing Agent","90","False","False","All Cash, Conventional","THE WAVES CONDO","33154","1991","1382","","False","12","5","","501","Ocean Access","Elevator, Exercise Room, Heated Pool, Other Amenities, Pool, Sauna, Spa/Hot Tub, Trash Chute","1290575","False","As Is","Condo","Condo/Co-Op/Villa/Townhouse","Ocean View, Other View","1 Space, Deeded Parking, Open Space Parking, Valet Parking",""
"A12049820","Southeast Florida Regional","Active","945000","945000","945000","","","","","","2026-07-07 22:24:00","207","24","1134","","2","2","0","1080 Brickell Ave #4109, MIAMI FL 33131","the bond","Daily Rentals Allowed","","Vacant","6","False","False","Conventional","the bond","33131","2016","1834","","False","44","41","","4109","","Business Center, Cabana, Child Play Area, Community Room, Elevator, Exercise Room, Library, Pool, Spa/Hot Tub","15551","False","As Is","Condo","Condo/Co-Op/Villa/Townhouse","Skyline View","Covered Parking",""
"B26054530","Beaches MLS","Active","939000","939000","939000","","","","","","2026-07-20 20:57:24","12","12","1353","Entry Level","3","2","0","17100 N BAY Road #1401, Sunny Isles Beach FL 33160","","No Restrictions","Furnished","Owner Occupied","","False","","All Cash, Conventional","","33160","2003","1237","","True","9","4","","1401","Canal Front, Canal Width 1-80 Feet, Intersecting Canals, Ocean Access, Other Waterfront","Billiard Room, Business Center, Clubhouse, Clubhouse-Clubroom, Elevator, Exercise Room, Heated Pool, Maintained Community, Pool Table, Spa/Hot Tub","7884","False","","Condo","Condo/Co-Op/Villa/Townhouse","","1 Space, Assigned Parking, Detached, Parking Garage",""
"A12060757","Southeast Florida Regional","Active","935900","935900","935900","","","","","","2026-07-27 17:59:23","4","4","960","Entry Level","2","2","","1715 Douglas Rd #200, CORALGBL FL 33134","17Gables Condo","Other Restrictions","","Call Listing Agent","365","False","False","All Cash","17Gables Condo","33134","2028","1550","","False","8","2","","200","","Other Amenities","0","False","As Is","Condo","Condo/Co-Op/Villa/Townhouse","Skyline View","1 Space",""
"A12060452","Southeast Florida Regional","Active","935000","935000","935000","","","","","","2026-07-31 13:16:15","4","4","1870","","3","2","0","21205 Yacht Club Dr #1502, AVENTUR FL 33180","NORTH TOWER AT THE POINT","No Lease-1st Year Owned","","Owner Occupied","365","False","False","All Cash, Conventional","NORTH TOWER AT THE POINT","33180","1997","2075","","True","31","15","","1502","Bay Front, Intracoastal Front, Ocean Front","Bike Storage, Bike/Jog Path, Business Center, Clubhouse-Clubroom, Community Room, Courtesy Bus, Extra Storage, Heated Pool, Marina","6705","False","As Is","Condo","Condo/Co-Op/Villa/Townhouse","Golf View","1 Space",""
"A12050352","Southeast Florida Regional","Active","930900","930900","930900","","","","","","2026-07-28 11:19:17","3","3","620","","2","2","","152 SW 9th Street #1120, MIAMI FL 33130","House of Wellness","Other Restrictions","","Vacant","15","False","False","All Cash, Conventional","House of Wellness","33130","2029","0","","False","34","11","","1120","","Bar, Exercise Room, Other Amenities, Pool, Sauna","0","False","As Is","Condo","Condo/Co-Op/Villa/Townhouse","Other View","Other Parking",""
"A12054997","Southeast Florida Regional","Active","925000","925000","925000","","","","","","2026-07-27 11:27:10","4","4","2190","","2","2","1","21150 Point Pl #1605, AVENTUR FL 33180","ATLANTIC II AT THE POINT","Ok To Lease","Unfurnished","Call Listing Agent","365","False","False","All Cash, Conventional","ATLANTIC II AT THE POINT","33180","1996","2957","","True","32","16","","1605","Intracoastal Front","Bbq/Picnic Area, Billiard Room, Child Play Area, Community Room, Elevator, Exercise Room, Heated Pool, Marina, Other Amenities, Pool, Spa/Hot Tub, Tennis","7201","False","As Is","Condo","Condo/Co-Op/Villa/Townhouse","Intracoastal View, Other View, Skyline View","2 Or More Spaces, Valet Parking",""
"A12060176","Southeast Florida Regional","Active","925000","925000","925000","","","","","","2026-07-27 12:42:55","4","4","956","","2","2","0","2155 Washington Ct #504, MIAMIBCH FL 33139","ARTECITY NORTH CONDO","No Daily Rentals, Ok To Lease","","Call Listing Agent","180","False","False","All Cash, Conventional","ARTECITY NORTH CONDO","33139","2011","1463","","False","6","5","","504","","Clubhouse-Clubroom, Exercise Room, Heated Pool, Pool","11446","True","As Is","Condo","Condo/Co-Op/Villa/Townhouse","Skyline View","1 Space",""
"A12048077","Southeast Florida Regional","Active","925000","925000","925000","","","","","","2026-07-04 14:05:02","27","27","1302","","2","2","0","5 Island Ave #8H, MIAMIBCH FL 33139","ISLAND TERRACE","No Daily Rentals, Other Restrictions","Unfurnished","Call Listing Agent","365","False","False","All Cash, Conventional","ISLAND TERRACE","33139","1967","1903","","True","16","8","","8H","Bay Front","Bike Storage, Elevator, Exercise Room, Exterior Lighting, Extra Storage, Heated Pool, Private Pool","11978","True","As Is, Completely Renovated","Condo","Condo/Co-Op/Villa/Townhouse","Bay, Garden View, Ocean View","1 Space, Assigned Parking",""
"A12047270","Southeast Florida Regional","Active","925000","925000","925000","","","","","","2026-07-02 13:49:07","415","29","966","","1","1","1","2001 Meridian Ave #PH-21, MIAMIBCH FL 33139","Meridian Lofts","No Daily Rentals, Other Restrictions","","Tenant Occupied","180","False","False","All Cash, Conventional","Meridian Lofts","33139","2005","1487","","False","6","6","","PH-21","","Elevator, Exercise Room, Heated Pool","8489","False","As Is","Condo","Condo/Co-Op/Villa/Townhouse","Golf View","1 Space, Assigned Parking",""
"B26056396","Beaches MLS","Active","924000","924000","924000","","","","","","2026-07-24 22:48:49","10","10","1057","Entry Level","2","2","0","480 NE 31st Street #906, Miami FL 33137","","Assoc Approval Required","Unfurnished","Vacant","","False","","All Cash, Conventional","","33137","2019","1366","","True","54","9","","906","Other Waterfront","Bike Storage, Billiard Room, Boat Dock, Bbq/Picnic Area, Card/Electric Gate, Clubhouse, Clubhouse-Clubroom, Community Room, Community Pool, Elevator, Exercise Room, Extra Storage, Heated Pool, Kitchen Facilities, Maintained Community, Management On Site, Other Amenities, Pool, Pool Table, Private Pool, Putting Green, Sauna, Security Patrol, Spa/Hot Tub, Tennis, Trash Chute","12821","False","As Is","Condo","Condo/Co-Op/Villa/Townhouse","","2 Or More Spaces, Assigned Parking, Awning, Covered Parking, Detached, Parking Garage, Valet Parking",""
"A12059560","Southeast Florida Regional","Active","920000","920000","920000","","","","","","2026-07-31 13:28:43","0","0","1042","","2","2","0","45 SW 9th St #2501, MIAMI FL 33130","Brickell Heights East","No Restrictions","","Tenant Occupied","365","False","False","All Cash, Conventional","Brickell Heights East","33130","2017","1552","","True","49","25","","2501","Ocean Front, River Front","Billiard Room, Business Center, Child Play Area, Community Room, Elevator, Exercise Room, Pool, Sauna, Spa/Hot Tub, Vehicle Wash Area","13111","False","As Is","Condo","Condo/Co-Op/Villa/Townhouse","Ocean View, River","1 Space, Assigned Parking, Street Parking, Valet Parking",""
"A12050334","Southeast Florida Regional","Active","919000","919000","919000","","","","","","2026-07-15 14:12:39","17","17","1518","","2","2","0","495 Brickell Ave #3803, MIAMI FL 33131","ICON TOWER 2","Ok To Lease","","Tenant Occupied","181","False","False","All Cash, Conventional","ICON TOWER 2","33131","2009","1288","","True","57","38","","3803","Bay Front","Bbq/Picnic Area, Boat Dock, Business Center, Clubhouse-Clubroom, Elevator, Exercise Room, Other Amenities, Pool, Sauna","16463","False","As Is","Condo","Condo/Co-Op/Villa/Townhouse","Bay","1 Space, Assigned Parking",""
"A12047535","Southeast Florida Regional","Active","915000","915000","915000","","","","","","2026-07-02 17:53:46","29","29","1846","Entry Level","2","2","1","3330 NE 190th St #616, AVENTUR FL 33180","AVENTURA MARINA CONDO","Other Restrictions","","Call Listing Agent","365","False","False","All Cash, Conventional","AVENTURA MARINA CONDO","33180","2006","1657","","True","34","6","","616","Canal Front, Intracoastal Front","Bbq/Picnic Area, Billiard Room, Clubhouse-Clubroom, Exercise Room, Heated Pool, Marina, Pool, Sauna, Trash Chute","8640","False","As Is","Condo","Condo/Co-Op/Villa/Townhouse","Bay, Intracoastal View","1 Space, Covered Parking, Valet Parking",""
"A12058351","Southeast Florida Regional","Active","915000","915000","915000","","","","","","2026-07-22 18:05:03","9","9","1097","","2","2","0","3339 Virginia St #PH-3, MIAMI FL 33133","LOFTS AT MAYFAIR","No Daily Rentals, Okay To Lease 1st Year","Unfurnished","Vacant","365","False","False","All Cash, Conventional","LOFTS AT MAYFAIR","33133","2007","1073","1302","False","5","5","","PH-3","","Pool","12049","False","None","Condo","Condo/Co-Op/Villa/Townhouse","Bay, Skyline View","1 Space, Covered Parking",""
"A12047500","Southeast Florida Regional","Active","910000","910000","910000","","","","","","2026-07-02 17:11:11","339","29","1557","","3","3","0","16385 Biscayne Blvd #2707, NMIAMIBC FL 33160","THE HARBOUR NORTH CONDO","Ok To Lease","","Call Listing Agent","180","False","False","All Cash, Conventional","THE HARBOUR NORTH CONDO","33160","2018","1680","","True","33","27","","2707","Bay Front, Canal Width 121 Feet Or More","Bbq/Picnic Area, Boat Dock, Business Center, Cabana, Child Play Area, Clubhouse-Clubroom, Other Amenities, Pool","16531","False","As Is","Condo","Condo/Co-Op/Villa/Townhouse","Lagoon, Skyline View, Water View","1 Space",""
"B26052423","Beaches MLS","Active","900000","900000","900000","","","","","","2026-07-15 01:36:48","16","16","2360","Entry Level","3","2","1","19667 Turnberry Way #4J, Aventura FL 33180","","Ok To Lease With Res, No Daily Rentals, Other Restrictions","Unfurnished","Vacant","","False","","All Cash, Conventional","","33180","1980","2590","","True","1","4","","4J","Intracoastal Front","Community Pool, Exercise Room, Golf, Golf Course Com, Library, Marina, Pool, Private Pool, Spa/Hot Tub","12512","False","","Condo","Condo/Co-Op/Villa/Townhouse","","1 Space, Parking Garage, Valet Parking",""
"A12054241","Southeast Florida Regional","Active","900000","900000","900000","","","","","","2026-07-15 15:23:33","17","17","1461","","3","2","0","250 Sunny Isles Blvd #3-902, SUNNYISL FL 33160","ST TROPEZ ON THE BAY III","Ok To Lease","","Call Listing Agent","90","False","False","All Cash, Conventional","ST TROPEZ ON THE BAY III","33160","2010","0","","True","16","9","","3-902","Other Waterfront","Clubhouse-Clubroom, Elevator, Exercise Room, Extra Storage","10314","False","As Is","Condo","Condo/Co-Op/Villa/Townhouse","Other View, Skyline View, Water View","1 Space, Valet Parking",""
"A12052120","Southeast Florida Regional","Active","900000","900000","900000","","","","","","2026-07-14 16:01:43","20","20","1570","Entry Level","3","2","0","300 Bayview Dr #916, SUNNYISL FL 33160","Arlen House","No Lease First 2 years","","Call Listing Agent","180","False","False","All Cash, Conventional","Arlen House","33160","1968","1780","","True","22","916","","916","Bay Front, Canal Front, Intracoastal Front, Ocean Access","Bike Storage, Business Center, Clubhouse-Clubroom, Common Laundry, Elevator, Exercise Room, Extra Storage, Handball/Basketball, Pickleball, Pool, Shuffleboard, Spa/Hot Tub, Tennis, Trash Chute","5800","False","As Is, Completely Renovated","Condo","Condo/Co-Op/Villa/Townhouse","Intracoastal View, Ocean View","1 Space, Assigned Parking, Covered Parking",""
"A12058469","Southeast Florida Regional","Active","900000","900000","900000","","","","","","2026-07-23 01:14:31","8","8","880","","1","1","1","100 Lincoln Rd #542, MIAMIBCH FL 33139","Decoplage","Corporate Buyer OK, No Daily Rentals, Ok To Lease, Okay To Lease 1st Year","Furnished","Call Listing Agent","30","False","False","All Cash, Other Terms","Decoplage","33139","1965","1323","","True","16","5","","542","No Fixed Bridges, Ocean Access, Ocean Front","Bike Storage, Billiard Room, Child Play Area, Common Laundry, Elevator, Exercise Room, Heated Pool, Library, Other Amenities, Trash Chute","5760","False","As Is, Completely Renovated","Condo","Condo/Co-Op/Villa/Townhouse","Ocean View, Direct Ocean, Pool Area View","1 Space, Assigned Parking, Covered Parking",""
"A12055721","Southeast Florida Regional","Active","900000","900000","900000","","","","","","2026-07-20 11:17:19","11","11","1390","Entry Level","2","2","0","495 Brickell Ave #BAY406, MIAMI FL 33131","ICON BRICKELL NO TWO","Ok To Lease","","Call Listing Agent","180","False","False","All Cash, Conventional","ICON BRICKELL NO TWO","33131","2009","1845","1845","True","53","4","","BAY406","Bay Front","Billiard Room, Business Center, Elevator, Exercise Room, Library, Pool, Sauna, Spa/Hot Tub","14816","False","As Is, Other Special Info","Condo","Condo/Co-Op/Villa/Townhouse","Bay","1 Space",""
"A12049400","Southeast Florida Regional","Active","900000","900000","900000","","","","","","2026-07-17 09:10:47","489","14","1193","","2","2","0","68 SE 6th St #1710, MIAMI FL 33131","Reach Condo Residneces","Ok To Lease","","Owner Occupied","180","False","False","All Cash, Conventional","Reach Condo Residneces","33131","2016","2018","","False","43","17","","1710","","Other Amenities, Pool, Sauna, Spa/Hot Tub, Trash Chute","12286","False","As Is","Condo","Condo/Co-Op/Villa/Townhouse","River, Skyline View","1 Space",""
"A12047333","Southeast Florida Regional","Active","900000","900000","900000","","","","","","2026-07-02 15:08:36","29","29","696","","2","2","0","225 N Miami Ave #3412, MIAMI FL 33128","DISTRICT 225","Daily Rentals Allowed, Ok To Lease","Furnished","Call Listing Agent","1","False","False","All Cash, Conventional","DISTRICT 225","33128","2025","1153","","False","37","34","","3412","","Basketball Courts, Bbq/Picnic Area, Bike Storage, Business Center, Elevator, Exercise Room, Pool","0","False","As Is","Condo","Condo/Co-Op/Villa/Townhouse","Skyline View","Assigned Parking",""
"A12053443","Southeast Florida Regional","Active","900000","900000","900000","","","","","","2026-07-14 13:21:43","17","17","1078","","2","2","0","650 West Ave #1404, MIAMIBCH FL 33139","THE FLORIDIAN","Okay To Lease 1st Year","","Tenant Occupied","180","False","False","All Cash, Conventional","THE FLORIDIAN","33139","1997","1580","","True","34","14","","1404","Bay Front","Community Room, Elevator, Exercise Room, Pool, Spa/Hot Tub","10260","False","Completely Renovated","Condo","Condo/Co-Op/Villa/Townhouse","Skyline View","2 Or More Spaces",""
"A12062383","Southeast Florida Regional","Active","899995","899995","899995","","","","","","2026-07-30 10:53:15","1","1","1232","","3","2","0","1200 Brickell Bay Dr #2502, MIAMI FL 33131","THE CLUB AT BRICKELL BAY","No Restrictions","","Call Listing Agent","1","False","False","All Cash, Conventional","THE CLUB AT BRICKELL BAY","33131","2004","1045","","True","39","25","","2502","Bay Front","Clubhouse-Clubroom, Community Room, Pool","10472","False","As Is","Condo","Condo/Co-Op/Villa/Townhouse","Bay","2 Or More Spaces",""
"A12046798","Southeast Florida Regional","Active","899000","899000","899000","","","","","","2026-07-06 10:06:19","25","25","1387","","2","2","0","3301 NE 1st Ave #L04PH1, MIAMI FL 33137","FOUR MIDTOWN MIAMI CONDO","Other Restrictions","","Call Listing Agent","365","False","False","All Cash, Conventional","FOUR MIDTOWN MIAMI CONDO","33137","2008","1668","","False","32","4","","L04PH1","","Bbq/Picnic Area, Exercise Room, Pool","13846","","As Is","Homeowners","Condo/Co-Op/Villa/Townhouse","Other View","Covered Parking",""
"A12056312","Southeast Florida Regional","Active","899000","899000","899000","","","","","","2026-07-19 22:49:35","12","12","1244","","2","2","1","68 SE 6th St #1907, MIAMI FL 33131","REACH CONDO","Ok To Lease","","Tenant Occupied","365","False","False","All Cash, Conventional","REACH CONDO","33131","2016","2025","2025","False","40","19","","1907","","Other Amenities","17184","","As Is","Other","Condo/Co-Op/Villa/Townhouse","Bay","1 Space",""
"A12060991","Southeast Florida Regional","Active","895000","895000","895000","","","","","","2026-07-30 11:39:32","1","1","1750","","2","2","0","2000 Island Blvd #3010, AVENTUR FL 33160","WILLIAMS ISLAND","Ok To Lease, Other Restrictions","","Call Listing Agent","180","False","False","All Cash, Conventional","WILLIAMS ISLAND","33160","1995","2385","980","True","32","30","","3010","Intersecting Canals, Intracoastal Front","Bike/Jog Path, Child Play Area, Clubhouse-Clubroom, Courtesy Bus, Exercise Room, Extra Storage, Marina, Other Membership Included, Pickleball, Pool, Spa/Hot Tub, Tennis","7839","False","As Is","Condo","Condo/Co-Op/Villa/Townhouse","Club Area View, Intracoastal View, Lake","2 Or More Spaces, Covered Parking, Valet Parking",""
"A12049429","Southeast Florida Regional","Active","895000","895000","895000","","","","","","2026-07-07 19:51:20","196","24","1901","","2","2","0","19667 Turnberry Way #19K, AVENTUR FL 33180","TURNBERRY ISLE SOUTH","Corporate Buyer OK, No Daily Rentals, Ok To Lease","Furnished","Call Listing Agent","180","False","False","All Cash, Conventional","TURNBERRY ISLE SOUTH","33180","1980","2086","","True","30","19","","19K","Intracoastal Front, Seawall","Bbq/Picnic Area, Bike/Jog Path, Community Room, Elevator, Exercise Room, Exterior Lighting, Extra Storage, Heated Pool, Kitchen Facilities, Marina, Pool, Sauna, Spa/Hot Tub, Tennis","12582","False","Documents Available","Condo","Condo/Co-Op/Villa/Townhouse","Garden View, Intracoastal View, Ocean View, Pool Area View, Skyline View, Water View","2 Or More Spaces, Additional Spaces Available, Covered Parking, Electric Vehicle Charging Station, Valet Parking",""
"A12062119","Southeast Florida Regional","Active","895000","895000","895000","","","","","","2026-07-30 14:45:36","1","1","696","","2","2","0","225 N Miami Ave #2912, MIAMI FL 33128","District 225","Daily Rentals Allowed","","Call Listing Agent","1","False","False","All Cash, Conventional, FHA","District 225","33128","2025","1143","","False","37","29","","2912","","Basketball Courts, Bbq/Picnic Area, Bike Storage, Billiard Room, Business Center, Elevator, Exercise Room, Handball/Basketball, Heated Pool, Library, Pool, Spa/Hot Tub","10553","False","As Is","Condo","Condo/Co-Op/Villa/Townhouse","Skyline View","1 Space, Valet Parking",""
"A12046780","Southeast Florida Regional","Active","895000","895000","895000","","","","","","2026-07-01 18:41:51","284","30","1260","","2","2","0","9595 Collins Ave #N10F, SURFSIDE FL 33154","Solimar Condo","Ok To Lease","Furnished","Call Listing Agent","180","False","False","All Cash, Conventional, Cryptocurrency, Owner Financing","Solimar Condo","33154","2002","1815","","True","12","10","","N10F","Ocean Access","Billiard Room, Business Center, Cabana, Elevator, Exercise Room, Pool, Sauna, Spa/Hot Tub","13214","True","Completely Renovated","Condo","Condo/Co-Op/Villa/Townhouse","Bay, Intracoastal View, Skyline View","1 Space, Additional Spaces Available, Assigned Parking",""
"A12062419","Southeast Florida Regional","Active","895000","895000","895000","","","","","","2026-07-30 12:22:55","1","1","1193","","2","2","0","68 SE 6th St #910, MIAMI FL 33131","REACH","Other Restrictions","","Vacant","182","False","False","All Cash, Conventional","REACH","33131","2016","2016","","True","43","9","","910","River Front","Business Center, Child Play Area, Exercise Room, Library, Other Amenities, Pool","12845","False","As Is","Condo","Condo/Co-Op/Villa/Townhouse","Other View, River","1 Space",""
"A12047098","Southeast Florida Regional","Active","890000","890000","890000","","","","","","2026-07-05 10:48:17","743","29","509","","1","1","0","398 NE 5th St #4210, MIAMI FL 33132","The Elser","Daily Rentals Allowed","Furnished","Vacant","1","False","False","All Cash, Conventional, FHA","The Elser","33132","2022","0","","True","49","42","","4210","Bay Front, Ocean Front","Bar, Bbq/Picnic Area, Community Room, Elevator, Exercise Room, Heated Pool, Exterior Lighting, Pool, Spa/Hot Tub, Trash Chute","17174","False","As Is","Condo","Condo/Co-Op/Villa/Townhouse","Bay, Ocean View, Skyline View","1 Space, Covered Parking",""
"A12059726","Southeast Florida Regional","Active","889999","889999","889999","","","","","","2026-07-24 23:19:21","482","7","1190","","2","2","1","300 Euclid Ave #209, MIAMIBCH FL 33139","ARMITAGE PLACE NO 3 CONDO","Ok To Lease","","Vacant","181","False","False","All Cash, Conventional","ARMITAGE PLACE NO 3 CONDO","33139","1998","1418","","False","4","2","","209","","Elevator, Pool","12540","False","As Is","Condo","Condo/Co-Op/Villa/Townhouse","Garden View, Other View","1 Space, Assigned Parking, Covered Parking",""
"A12052466","Southeast Florida Regional","Active","885000","885000","885000","","","","","","2026-07-17 12:56:45","18","18","2190","","3","2","1","21150 Point Pl #805, AVENTUR FL 33180","The Point","Exterior Alterations, No Daily Rentals, Ok To Lease","","Call Listing Agent","180","False","False","All Cash, Conventional","The Point","33180","1996","2957","","False","30","8","","805","","Bbq/Picnic Area, Bike Storage, Child Play Area, Clubhouse-Clubroom, Community Room, Elevator, Exercise Room, Extra Storage, Spa/Hot Tub, Tennis","6755","False","As Is","Condo","Condo/Co-Op/Villa/Townhouse","Garden View, Pool Area View","2 Or More Spaces, Valet Parking",""
"A12050049","Southeast Florida Regional","Active","880000","880000","880000","","","","","","2026-07-08 11:26:41","443","23","983","","1","2","","3540 Main Hwy #204, MIAMI FL 33133","GROVE GARDEN","No Daily Rentals","","Vacant","181","False","False","All Cash, Conventional","GROVE GARDEN","33133","2006","1190","","False","5","2","","204","","Elevator, Exercise Room","9375","","As Is","Homeowners","Condo/Co-Op/Villa/Townhouse","Other View","1 Space",""
"A12054457","Southeast Florida Regional","Active","879000","879000","879000","","","","","","2026-07-15 17:51:09","16","16","1193","","2","3","0","650 NE 32nd St #4104, MIAMI FL 33137","PARAISO BAY CONDO","Other Restrictions","","Vacant","180","False","False","All Cash, Conventional","PARAISO BAY CONDO","33137","2018","1696","","True","55","41","","4104","Bay Front","Clubhouse-Clubroom, Elevator, Exercise Room, Heated Pool, Other Amenities","15106","False","As Is","Condo","Condo/Co-Op/Villa/Townhouse","Bay, Ocean View, Pool Area View, Water View","1 Space",""
"A12054285","Southeast Florida Regional","Active","878900","878900","878900","","","","","","2026-07-17 13:37:30","14","14","598","","1","1","","90 NE 32nd Street #PH05, MIAMI FL 33127","The Standard Residences","Ok To Lease","","Vacant","30","False","False","All Cash, Conventional","The Standard Residences","33127","2026","804","","False","12","11","","PH05","","Business Center, Clubhouse-Clubroom, Community Room, Pickleball, Sauna, Spa/Hot Tub, Tennis","0","False","As Is","Condo","Condo/Co-Op/Villa/Townhouse","Other View","Additional Spaces Available",""
"A12048885","Southeast Florida Regional","Active","875000","875000","875000","","","","","","2026-07-14 15:04:09","393","17","1053","","2","2","0","55 SW 9th St #2706, MIAMI FL 33130","BRICKELL HEIGHTS WEST CON","No Daily Rentals, Ok To Lease","Furnished","Tenant Occupied","180","False","False","All Cash, Conventional","BRICKELL HEIGHTS WEST CON","33130","2017","1650","","False","49","27","","2706","","Business Center, Child Play Area, Clubhouse-Clubroom, Elevator, Exercise Room, Exterior Lighting, Other Amenities, Pool, Sauna, Spa/Hot Tub","12663","False","As Is","Condo, Other","Condo/Co-Op/Villa/Townhouse","Skyline View","1 Space",""
"A12055094","Southeast Florida Regional","Active","870000","870000","870000","","","","","","2026-07-17 16:22:02","15","15","1419","Entry Level","3","2","1","31 SE 5th St #3712, MIAMI FL 33131","BRICKELL ON THE RIVER","Ok To Lease","","Call Listing Agent","365","False","False","All Cash, Conventional","BRICKELL ON THE RIVER","33131","2006","1600","","True","43","37","","3712","Bay Front, Ocean Front","Bbq/Picnic Area, Bike/Jog Path, Business Center, Exercise Room, Heated Pool, Pool, Spa/Hot Tub, Trash Chute","0","False","As Is, Corporation Owned Property","Condo","Condo/Co-Op/Villa/Townhouse","Bay, Water View","1 Space, Assigned Parking, Electric Vehicle Charging Station",""
"B26058058","Beaches MLS","Active","869000","869000","869000","","","","","","2026-07-29 22:14:22","2","2","1546","","3","2","1","2430 Brickell Avenue, Miami FL 33129","","No Restrictions","","Call Listing Agent","","False","","All Cash, Conventional","","33129","1980","1500","","False","2","1","","","","Community Pool, Maintained Community, Pool, Private Pool, Tennis","7910","False","Homestead Exemption","Condo","Condo/Co-Op/Villa/Townhouse","","Awning, Covered Parking",""
"A12047631","Southeast Florida Regional","Active","869000","869000","869000","","","","","","2026-07-02 22:05:17","123","29","1279","","2","2","0","1300 S Miami Ave #1601, MIAMI FL 33130","Dua Residences","Ok To Lease","","Owner Occupied","365","False","False","All Cash, Conventional","Dua Residences","33130","2016","1811","","False","54","16","","1601","","Bbq/Picnic Area, Clubhouse-Clubroom, Elevator, Exercise Room, Pool, Sauna, Spa/Hot Tub","12930","False","As Is","Condo","Condo/Co-Op/Villa/Townhouse","Bay, Other View, Skyline View","1 Space, Assigned Parking, Electric Vehicle Charging Station, Valet Parking",""
"A12055579","Southeast Florida Regional","Active","861900","861900","861900","","","","","","2026-07-17 14:01:37","1417","14","1230","","2","2","0","6767 Collins #901, MIAMIBCH FL 33141","THE STERLING CONDO","Ok To Lease","","Call Listing Agent","180","False","False","All Cash, Conventional","THE STERLING CONDO","33141","1991","1291","","True","21","9","","901","Ocean Access, Ocean Front","Elevator, Heated Pool, Pool","8306","True","As Is","Condo","Condo/Co-Op/Villa/Townhouse","Ocean View, Direct Ocean, Other View","1 Space",""
"A12054288","Southeast Florida Regional","Active","861900","861900","861900","","","","","","2026-07-15 17:46:57","16","16","842","Entry Level","2","2","","1715 Douglas Rd #206, CORALGBL FL 33134","17Gables Condo","Other Restrictions","","Call Listing Agent","365","False","False","All Cash, Other Terms","17Gables Condo","33134","2028","1260","","False","8","2","","206","","Other Amenities","0","False","As Is","Condo","Condo/Co-Op/Villa/Townhouse","Skyline View","1 Space",""
"A12062438","Southeast Florida Regional","Active","860000","860000","860000","","","","","","2026-07-30 11:51:59","1","1","1720","","3","3","0","3330 NE 190th St #2711, AVENTUR FL 33180","Aventura Marina","Corporate Buyer OK, Ok To Lease","","Owner Occupied","180","False","False","All Cash, Conventional","Aventura Marina","33180","2007","1550","","True","28","27","","2711","Bay Front, Ocean Front","Business Center, Elevator, Exercise Room, Heated Pool, Kitchen Facilities, Marina, Pool, Spa/Hot Tub, Trash Chute","10984","False","As Is","Condo","Condo/Co-Op/Villa/Townhouse","Bay, Ocean View","1 Space",""
"B26050574","Beaches MLS","Active","850000","850000","850000","","","","","","2026-07-09 19:20:28","21","21","442","Entry Level","1","1","0","398 NE 5th Street #3907, Miami FL 33132","","Assoc Approval Required, No Restrictions","Furnished","Call Listing Agent","","False","","All Cash, Conventional","","33132","2022","567","","True","47","39","","3907","","Bar, Card/Electric Gate, Community Pool, Elevator, Exercise Room, Heated Pool, Maintained Community, Pool, Private Pool, Sauna, Spa/Hot Tub","11509","False","","Homeowners","Condo/Co-Op/Villa/Townhouse","","1 Space, Awning, Covered Parking, Electric Vehicle Charging Station, Guest Parking, Parking Garage, Valet Parking",""
"A12056137","Southeast Florida Regional","Active","850000","850000","850000","","","","","","2026-07-19 00:41:13","12","12","1295","","2","2","0","500 Bayview Dr #822, SUNNYISL FL 33160","ARLEN HOUSE WEST","No Lease First 2 years","","Vacant","180","False","False","All Cash, Conventional","ARLEN HOUSE WEST","33160","1969","1295","","True","22","8","","822","Bay Front, Intracoastal Front","Basketball Courts, Bike Storage, Billiard Room, Business Center, Clubhouse-Clubroom, Common Laundry, Elevator, Exercise Room, Extra Storage, Heated Pool, Marina, Tennis","6860","False","Milestone Inspection Report","Condo","Condo/Co-Op/Villa/Townhouse","Intracoastal View, Ocean View, Water View","1 Space, Assigned Parking",""
"A12052735","Southeast Florida Regional","Active","850000","850000","850000","","","","","","2026-07-13 15:22:37","18","18","435","","1","1","0","580 72nd St #1005, MIAMIBCH FL 33141","72 Park","Daily Rentals Allowed, Okay To Lease 1st Year","","Vacant","1","False","False","All Cash, Conventional","72 Park","33141","2025","1100","","False","22","10","","1005","","Bar, Bbq/Picnic Area, Cabana, Clubhouse-Clubroom, Elevator, Exercise Room, Pool, Sauna, Spa/Hot Tub, Trash Chute","0","False","As Is","Condo","Condo/Co-Op/Villa/Townhouse","Water View","1 Space",""
"A12046499","Southeast Florida Regional","Active","850000","850000","850000","","","","","","2026-07-01 13:40:44","30","30","","","2","2","0","6301 Collins Ave #807, MIAMIBCH FL 33141","La Gorce Palace","Ok To Lease","Furnished","Call Listing Agent","180","False","False","All Cash, Conventional, Exchange","La Gorce Palace","33141","1997","1916","","True","34","1","","807","Ocean Access, Ocean Front","Child Play Area, Elevator, Exercise Room, Sauna, Spa/Hot Tub","13311","False","None","Condo","Condo/Co-Op/Villa/Townhouse","Intracoastal View, Ocean View","1 Space",""
"A12059915","Southeast Florida Regional","Active","850000","850000","850000","","","","","","2026-07-27 10:45:39","6","6","686","","1","1","","77 SE 5th St #1910, MIAMI FL 33131","Viceroy Brickell","See Broker Remarks","Furnished","Call Listing Agent","30","False","False","All Cash, Conventional","Viceroy Brickell","33131","2026","960","","True","45","19","","1910","Bay Front, Canal Front","Business Center, Community Room, Elevator, Exercise Room, Heated Pool, Other Amenities","0","False","As Is","Condo","Condo/Co-Op/Villa/Townhouse","Bay, Intracoastal View, Ocean View","1 Space, Valet Parking",""
"A12047327","Southeast Florida Regional","Active","850000","850000","850000","","","","","","2026-07-02 14:54:16","29","29","1289","","2","2","1","951 Brickell Ave #1011, MIAMI FL 33131","The PLaza","No Daily Rentals, Ok To Lease","","Call Listing Agent","180","False","False","All Cash, Conventional, FHA","The PLaza","33131","2008","1541","","False","42","10","","1011","","Business Center, Elevator, Exercise Room, Heated Pool","11459","False","As Is","Condo","Condo/Co-Op/Villa/Townhouse","Skyline View","2 Or More Spaces",""
"A12045153","Southeast Florida Regional","Active","850000","850000","850000","","","","","","2026-07-15 00:40:28","16","16","1467","","2","3","0","60 SW 13th St #4002, MIAMI FL 33130","INFINITY AT BRICKELL COND","Exterior Alterations, No Daily Rentals, Ok To Lease","Furnished","Owner Occupied","30","False","False","All Cash, Conventional","INFINITY AT BRICKELL COND","33130","2008","1798","","False","53","40","Coming Soon","4002","","Bbq/Picnic Area, Bike Storage, Billiard Room, Business Center, Clubhouse-Clubroom, Community Room, Exercise Room, Extra Storage, Heated Pool, Kitchen Facilities, Pool, Sauna, Spa/Hot Tub, Vehicle Wash Area","5834","False","Completely Renovated, Structural Integrity Reserve Study","Condo","Condo/Co-Op/Villa/Townhouse","Bay, Skyline View, Water View","1 Space, Street Parking, Valet Parking",""
"A12052157","Southeast Florida Regional","Active","849000","849000","849000","","","","","","2026-07-11 18:01:26","20","20","1435","","3","3","0","600 NE 27th St #2202, MIAMI FL 33137","BAY HOUSE","Other Restrictions","","Tenant Occupied","365","False","False","All Cash, Conventional","BAY HOUSE","33137","2015","1367","","False","38","22","","2202","","Bbq/Picnic Area, Business Center, Child Play Area, Clubhouse-Clubroom, Community Room, Elevator, Exercise Room, Heated Pool, Pool, Spa/Hot Tub","12157","False","As Is","Condo","Condo/Co-Op/Villa/Townhouse","Bay","1 Space",""
"A12060162","Southeast Florida Regional","Active","845000","845000","845000","","","","","","2026-07-27 09:27:05","304","4","1760","","2","2","0","16400 Collins Ave #544, SUNNYISL FL 33160","Oceania  Condominium","No Daily Rentals","","Owner Occupied","183","False","False","All Cash, Conventional, Other Terms","Oceania  Condominium","33160","1995","1556","","True","29","5","","544","Bay Front","Elevator, Exercise Room, Heated Pool, Pool, Trash Chute","11999","False","As Is","Condo","Condo/Co-Op/Villa/Townhouse","Bay, Intracoastal View","1 Space",""
"A12057966","Southeast Florida Regional","Active","845000","845000","845000","","","","","","2026-07-22 16:50:08","311","9","1668","","3","3","0","3301 NE 1st Ave #M0501, MIAMI FL 33137","FOUR MIDTOWN","Other Restrictions","","Tenant Occupied","180","False","False","All Cash, Conventional","FOUR MIDTOWN","33137","2008","2005","","False","17","5","","M0501","","Bbq/Picnic Area, Billiard Room, Business Center, Elevator, Exercise Room, Exterior Lighting, Pool, Sauna, Spa/Hot Tub, Trash Chute","11231","False","As Is","Condo","Condo/Co-Op/Villa/Townhouse","Garden View","1 Space, Assigned Parking, Valet Parking",""
"B26051221","Beaches MLS","Active","839000","839000","839000","","","","","","2026-07-11 11:48:25","19","19","1492","Entry Level","3","2","0","200 Sunny Isles Boulevard #2-806, Sunny Isles Beach FL 33160","","Assoc Approval Required","Furnished","Vacant","","False","","All Cash, Conventional, Owner Financing, Owner Hold 2nd Mortgage","","33160","2009","1010","","True","17","8","","2-806","Intracoastal Front, Other Waterfront","Clubhouse, Clubhouse-Clubroom, Community Pool, Elevator, Exercise Room, Pool, Private Pool, Sauna","10563","False","As Is","Condo","Condo/Co-Op/Villa/Townhouse","","1 Space, Awning, Covered Parking, Guest Parking, Parking Garage, Valet Parking",""
"A12057287","Southeast Florida Regional","Active","839000","839000","839000","","","","","","2026-07-21 11:54:58","412","10","1860","","3","3","0","17375 Collins Ave #1108, SUNNYISL FL 33160","OCEAN POINT BEACH CLUB","No Daily Rentals, Renting Limited, See Broker Remarks","Furnished","Call Listing Agent","90","False","False","All Cash, Conventional","OCEAN POINT BEACH CLUB","33160","2000","3463","","True","27","11","","1108","Ocean Access, Ocean Front","Business Center, Clubhouse-Clubroom, Community Room, Elevator, Exercise Room, Exterior Lighting, Pool","10690","False","As Is, Corporation Owned Property","Condo","Condo/Co-Op/Villa/Townhouse","Ocean View, Other View","1 Space, Guest Parking, Valet Parking",""
"A12038365","Southeast Florida Regional","Active","829900","829900","829900","","","","","","2026-07-07 17:42:11","24","24","676","","2","2","","152 SW 9th Street #1101, MIAMI FL 33130","House of Wellness","Other Restrictions","","Call Listing Agent","365","False","False","All Cash, Conventional","House of Wellness","33130","2025","0","","False","34","11","","1101","","Bar, Clubhouse-Clubroom, Exercise Room, Other Membership Available","0","False","As Is","Condo","Condo/Co-Op/Villa/Townhouse","Other View","None",""
"A12047329","Southeast Florida Regional","Active","828000","828000","828000","","","","","","2026-07-02 15:52:50","29","29","1432","","3","3","0","600 NE 27th St #2904, MIAMI FL 33137","BAY HOUSE MIAMI","Exterior Alterations","","Call Listing Agent","365","False","False","All Cash, Conventional","BAY HOUSE MIAMI","33137","2015","0","1369","True","38","29","","2904","Bay Front","Bbq/Picnic Area, Business Center, Child Play Area, Clubhouse-Clubroom, Elevator, Exercise Room, Heated Pool, Spa/Hot Tub, Trash Chute","13951","False","Disclosure","Condo","Condo/Co-Op/Villa/Townhouse","Bay","2 Or More Spaces, Valet Parking",""
"A12056609","Southeast Florida Regional","Active","825000","825000","825000","","","","","","2026-07-21 16:11:13","10","10","1690","Entry Level","2","2","0","2800 Island Blvd #1005, AVENTUR FL 33160","WILLIAMS ISLAND","Ok To Lease","Unfurnished","Call Listing Agent","180","False","False","All Cash, Conventional","WILLIAMS ISLAND","33160","1990","2208","980","True","32","10","","1005","Intracoastal Front","Bbq/Picnic Area, Billiard Room, Child Play Area, Courtesy Bus, Exercise Room, Pool","2306","False","As Is","Condo","Condo/Co-Op/Villa/Townhouse","Intracoastal View","2 Or More Spaces, Guest Parking, Valet Parking",""
"A12050464","Southeast Florida Regional","Active","825000","825000","825000","","","","","","2026-07-11 16:14:53","20","20","1900","","3","3","1","3340 NE 190th St #1206, AVENTUR FL 33180","Aventura Marina","No Daily Rentals","","Vacant","180","False","False","All Cash, Conventional","Aventura Marina","33180","2005","1898","","True","14","12","","1206","Bay Front, Canal Front","Business Center","12120","False","As Is","Condo","Condo/Co-Op/Villa/Townhouse","Bay","1 Space",""
"A12050172","Southeast Florida Regional","Active","825000","825000","825000","","","","","","2026-07-08 18:15:43","25","25","1530","","2","2","0","16400 Collins Ave #342, SUNNYISL FL 33160","Oceania IV","Ok To Lease, Other Restrictions, See Broker Remarks","Unfurnished","Call Listing Agent","180","False","False","All Cash, Conventional","Oceania IV","33160","1995","1369","","True","29","3","","342","Canal Front","Bike Storage, Elevator, Exercise Room, Other Amenities, Pool, Spa/Hot Tub, Tennis","9946","True","As Is","Condo","Condo/Co-Op/Villa/Townhouse","Canal, Tennis Court View, Water View","2 Or More Spaces, Covered Parking, Valet Parking",""
"A12053969","Southeast Florida Regional","Active","825000","825000","825000","","","","","","2026-07-15 09:21:34","196","16","696","","2","2","0","225 N Miami Ave #912, MIAMI FL 33128","DISTRICT 225","Daily Rentals Allowed","","Call Listing Agent","1","False","False","All Cash, Conventional, Other Terms","DISTRICT 225","33128","2025","1143","","False","37","9","","912","","Basketball Courts, Business Center, Other Amenities, Pool, Sauna","0","False","As Is","Condo","Condo/Co-Op/Villa/Townhouse","Skyline View","Valet Parking",""
"A12050866","Southeast Florida Regional","Active","825000","825000","825000","","","","","","2026-07-10 14:57:02","21","21","1667","Entry Level","2","2","0","6039 Collins Ave #517, MIAMIBCH FL 33140","MAISON GRANDE CONDO","Ok To Lease, Other Restrictions, Renting Limited","Unfurnished","Call Listing Agent","274","False","False","All Cash, Conventional","MAISON GRANDE CONDO","33140","1971","1450","","True","18","5","","517","Ocean Access, Ocean Front","Bike/Jog Path, Billiard Room, Child Play Area, Clubhouse-Clubroom, Elevator, Exercise Room, Kitchen Facilities, Library, Pool, Sauna","9027","False","As Is","Condo","Condo/Co-Op/Villa/Townhouse","Ocean View, Direct Ocean, Pool Area View","1 Space",""
"A12053429","Southeast Florida Regional","Active","825000","825000","825000","","","","","","2026-07-23 11:00:45","8","8","1310","","2","2","0","90 Edgewater Dr #225, CORALGBL FL 33133","GABLES WATERWAY TOWERS CO","Dock Restrictions","","Vacant","365","False","False","All Cash, Conventional","GABLES WATERWAY TOWERS CO","33133","1969","1613","","True","14","2","","225","Canal Front, No Fixed Bridges, Ocean Access, Seawall","Common Laundry, Community Room, Elevator, Exercise Room, Pool","2932","True","As Is","Condo","Condo/Co-Op/Villa/Townhouse","Canal, Pool Area View","1 Space, Assigned Parking, Detached, Other Parking, Valet Parking",""
"A12047123","Southeast Florida Regional","Active","825000","825000","825000","","","","","","2026-07-02 11:48:05","200","29","925","","2","2","0","11 NE 6th St #2307, MIAMI FL 33132","The Crosby","Daily Rentals Allowed","Furnished","Call Listing Agent","1","False","False","All Cash, Conventional","The Crosby","33132","2025","1143","","False","34","19","","2307","","Bar, Elevator, Exercise Room, Sauna, Spa/Hot Tub","0","False","As Is","Condo, Homeowners","Condo/Co-Op/Villa/Townhouse","Skyline View","Valet Parking",""
"A12046797","Southeast Florida Regional","Active","825000","825000","825000","","","","","","2026-07-01 17:58:51","30","30","1367","","2","2","0","2101 Brickell Ave #1501, MIAMI FL 33129","SKYLINE","Ok To Lease","Unfurnished","Call Listing Agent","365","False","False","All Cash, Conventional","SKYLINE","33129","2004","950","","True","0","15","","1501","Bay Front","Elevator, Exercise Room, Heated Pool, Other Amenities","10719","False","As Is","Condo","Condo/Co-Op/Villa/Townhouse","Other View, Skyline View","2 Or More Spaces, Assigned Parking",""
"A12054459","Southeast Florida Regional","Active","824995","824995","824995","","","","","","2026-07-15 19:35:17","16","16","1362","","2","2","0","3029 NE 188th St #714, AVENTUR FL 33180","Uptown Marina Lofts","No Daily Rentals, No Trucks/Rv'S","","Owner Occupied","180","False","False","All Cash, Conventional, FHA, Va","Uptown Marina Lofts","33180","2006","1511","","True","11","7","","714","Canal Front, Intracoastal Front, Ocean Access","Business Center, Cabana, Elevator, Exercise Room, Handball/Basketball, Heated Pool, Marina, Pool, Sauna, Spa/Hot Tub, Tennis","4680","False","As Is","Condo","Condo/Co-Op/Villa/Townhouse","Canal, Intracoastal View, Water View","2 Or More Spaces, Assigned Parking, Valet Parking",""
"A12054060","Southeast Florida Regional","Active","820900","820900","820900","","","","","","2026-07-15 11:52:21","16","16","","","2","2","","152 SW 9th St #913, MIAMI FL 33130","House of Wellness","Other Restrictions","","Call Listing Agent","15","False","False","All Cash, Conventional","House of Wellness","33130","2029","0","","False","34","3","","913","","Bar, Clubhouse-Clubroom, Exercise Room, Other Amenities, Pool, Sauna","0","False","As Is","Condo","Condo/Co-Op/Villa/Townhouse","Other View","Other Parking",""
"A12061702","Southeast Florida Regional","Active","820000","820000","820000","","","","","","2026-07-29 10:27:33","359","2","1322","","2","2","0","50 Biscayne Blvd #4706, MIAMI FL 33132","50 Biscayne","No Trucks/Rv'S","Unfurnished","Vacant","90","False","False","All Cash, Conventional","50 Biscayne","33132","2007","1610","","True","57","47","","4706","Bay Front","Bar, Elevator, Exercise Room, Sauna, Spa/Hot Tub","11973","False","As Is","Condo","Condo/Co-Op/Villa/Townhouse","Bay","Assigned Parking, Covered Parking",""
"A12050987","Southeast Florida Regional","Active","815000","815000","815000","","","","","","2026-07-10 10:27:32","21","21","1307","","2","2","0","1800 N Bayshore Dr #3014, MIAMI FL 33132","1800 CLUB","Ok To Lease, Okay To Lease 1st Year","","Tenant Occupied","180","False","False","All Cash, Conventional","1800 CLUB","33132","2007","1027","","True","42","30","","3014","Bay Front","Elevator, Exercise Room, Exterior Lighting, Pool, Sauna","10854","False","As Is","Condo","Condo/Co-Op/Villa/Townhouse","Bay, Intracoastal View, Other View","1 Space, Assigned Parking, Covered Parking",""
"A12046907","Southeast Florida Regional","Active","809999","809999","809999","","","","","","2026-07-02 00:40:03","475","30","1350","","2","2","0","5005 Collins Ave #1224, MIAMIBCH FL 33140","THE CARRIAGE CLUB NORTH","No Daily Rentals, Ok To Lease, Okay To Lease 1st Year","Furn For Sale","Owner Occupied","30","False","False","Conventional, FHA, Owner Financing, Va","THE CARRIAGE CLUB NORTH","33140","1964","1761","1761","True","15","12","","1224","Canal Front, No Fixed Bridges, Ocean Front","Bike Storage, Billiard Room, Boat Dock, Cabana, Common Laundry, Community Room, Elevator, Exercise Room, Extra Storage, Heated Pool, Marina, Pool, Spa/Hot Tub, Trash Chute","2644","True","As Is, Documents Available, Flood Zone, Structural Integrity Reserve Study","Condo","Condo/Co-Op/Villa/Townhouse","Other View","Assigned Parking, Covered Parking, Valet Parking",""
"A12053496","Southeast Florida Regional","Active","805000","805000","805000","","","","","","2026-07-20 16:50:25","352","11","808","","1","1","1","1451 Brickell Ave #2306, MIAMI FL 33131","ECHO BRICKELL CONDO","Exterior Alterations, No Trucks/Rv'S","","Call Listing Agent","180","False","False","All Cash, Conventional","ECHO BRICKELL CONDO","33131","2017","1830","1830","False","57","23","","2306","","Bar, Business Center, Clubhouse-Clubroom, Community Room, Elevator, Exercise Room, Other Amenities, Pool, Spa/Hot Tub","14706","False","As Is","Condo","Condo/Co-Op/Villa/Townhouse","Bay, Skyline View","1 Space, Covered Parking, Valet Parking",""
"A12058053","Southeast Florida Regional","Active","800000","800000","800000","","","","","","2026-07-23 15:24:30","9","9","953","","2","2","0","3001 SW 27th Ave #201, MIAMI FL 33133","South 27 Lofts Condo","Ok To Lease","","Call Listing Agent","365","False","False","All Cash, Conventional","South 27 Lofts Condo","33133","2007","957","","False","5","2","","201","","Clubhouse-Clubroom, Elevator, Exercise Room, Pool","10196","False","As Is","Condo","Condo/Co-Op/Villa/Townhouse","Other View","2 Or More Spaces",""
"A12058045","Southeast Florida Regional","Active","800000","800000","800000","","","","","","2026-07-22 12:42:48","9","9","1088","","2","2","0","1100 West Ave #1016, MIAMIBCH FL 33139","Mondrian Hotel","Corporate Buyer OK, Daily Rentals Allowed, Ok To Lease, Okay To Lease 1st Year","","Call Listing Agent","1","False","False","All Cash","Mondrian Hotel","33139","2008","3500","","True","16","10","","1016","Bay Front, Intracoastal Front, Ocean Access","Bar, Business Center, Cabana, Elevator, Exercise Room, Heated Pool, Marina, Pool, Sauna, Spa/Hot Tub, Trash Chute","9013","False","As Is, Completely Renovated","Condo","Condo/Co-Op/Villa/Townhouse","Bay, Intracoastal View, Pool Area View, Water View","1 Space, Assigned Parking, Covered Parking, Street Parking, Valet Parking",""
"A12052184","Southeast Florida Regional","Active","799900","799900","799900","","","","","","2026-07-11 20:58:15","20","20","1455","","3","2","0","7135 Collins Ave #1535, MIAMIBCH FL 33141","BURLEIGH HOUSE CONDO","No Corporate Buyer, No Lease First 2 years","","Tenant Occupied","365","False","False","All Cash, Conventional","BURLEIGH HOUSE CONDO","33141","1970","1854","1854","False","20","15","","1535","","Business Center, Clubhouse-Clubroom, Other Amenities","9338","True","As Is","Condo","Condo/Co-Op/Villa/Townhouse","Ocean View","1 Space",""
"A12053564","Southeast Florida Regional","Active","799000","799000","799000","","","","","","2026-07-20 11:49:41","18","18","1008","","1","1","0","10185 Collins Ave #606, BALHARBR FL 33154","The Plaza","Other Restrictions","Part Furn","Call Listing Agent","180","False","False","All Cash, Conventional","The Plaza","33154","1965","1470","","True","19","6","","606","Ocean Access, Ocean Front","Bar, Elevator, Exercise Room, Other Amenities, Spa/Hot Tub","5843","True","As Is","Condo","Condo/Co-Op/Villa/Townhouse","Garden View, Other View","1 Space, Covered Parking, Valet Parking",""
"A12050833","Southeast Florida Regional","Active","799000","799000","799000","","","","","","2026-07-31 13:59:15","0","0","1500","","3","3","0","2404 NE 135th St #2404, NMIAMI FL 33181","Le point","Dock Restrictions, Exterior Alterations, Ok To Lease","","Owner Occupied","170","False","False","All Cash, Conventional","Le point","33181","1989","756","","True","3","2","Temp Off Market","2404","Canal Front, Navigable, Ocean Access, Seawall","Boat Dock, Exterior Lighting","3666","False","As Is","Condo","Condo/Co-Op/Villa/Townhouse","Canal, Water View","2 Or More Spaces",""
"A12061333","Southeast Florida Regional","Active","799000","799000","799000","","","","","","2026-07-28 16:42:57","3","3","965","","2","2","0","455 NE 39th St #111, MIAMI FL 33137","One Bay Residences","No Daily Rentals, Ok To Lease, Okay To Lease 1st Year","Unfurnished","Owner Occupied","365","False","False","All Cash, Conventional","One Bay Residences","33137","2018","499","","False","3","1","","111","","Heated Pool","9098","False","As Is","Condo","Condo/Co-Op/Villa/Townhouse","Garden View","1 Space",""
"A12051368","Southeast Florida Regional","Active","790000","790000","790000","","","","","","2026-07-10 10:01:30","333","21","1447","","3","2","0","200 Sunny Isles Blvd #2-801, SUNNYISL FL 33160","ST TROPEZ ON THE BAY II C","Corporate Buyer OK, Okay To Lease 1st Year, See Broker Remarks","","Vacant","180","False","False","All Cash, Conventional","ST TROPEZ ON THE BAY II C","33160","2009","1857","","True","20","8","","2-801","Bay Front, Canal Front","Bbq/Picnic Area, Boat Dock, Business Center, Community Room, Elevator, Exercise Room, Library, Other Amenities, Pool, Spa/Hot Tub","10418","False","As Is","Condo","Condo/Co-Op/Villa/Townhouse","Bay, Intracoastal View, Ocean View","1 Space, Valet Parking",""
"A12045971","Southeast Florida Regional","Active","790000","790000","790000","","","","","","2026-07-03 01:06:37","28","28","","","1","1","0","90 NE 32nd St #702, MIAMI FL 33137","The Standard Residences","Corporate Buyer OK, Ok To Lease, Okay To Lease 1st Year","Furnished","Vacant","30","False","False","All Cash, Conventional","The Standard Residences","33137","2026","806","","False","12","7","","702","No Fixed Bridges","Billiard Room, Business Center, Child Play Area, Exercise Room, Heated Pool, Pickleball, Sauna, Spa/Hot Tub","0","False","As Is, Corporation Owned Property","Condo","Condo/Co-Op/Villa/Townhouse","Garden View","Detached, None",""
"A12061775","Southeast Florida Regional","Active","790000","790000","790000","","","","","","2026-07-29 12:00:14","2","2","560","","1","1","0","398 NE 5th St #1615, MIAMI FL 33132","Elser Residences","Daily Rentals Allowed","Furnished","Call Listing Agent","1","False","False","All Cash, Conventional","Elser Residences","33132","2022","1756","","False","49","16","","1615","","Bar, Bbq/Picnic Area, Business Center, Exercise Room, Pool","12578","False","As Is, Corporation Owned Property","Condo","Condo/Co-Op/Villa/Townhouse","Bay","Valet Parking",""
"A12061537","Southeast Florida Regional","Active","780000","780000","780000","","","","","","2026-07-28 20:09:33","334","3","809","","2","2","0","239 SW 9th St #2103, MIAMI FL 33130","SMART BRICKELL","Ok To Lease","","Tenant Occupied","1","False","False","All Cash, Conventional","SMART BRICKELL","33130","2023","652","","False","0","21","","2103","","Business Center, Elevator, Exercise Room, Other Amenities, Pool, Spa/Hot Tub","9915","False","As Is","Condo","Condo/Co-Op/Villa/Townhouse","Skyline View","1 Space, Guest Parking",""
"A12040142","Southeast Florida Regional","Active","774888","774888","774888","","","","","","2026-07-03 23:44:23","28","28","1735","Entry Level","2","2","0","7901 Hispanola Ave #2006, NBAYVLGE FL 33141","THE LEXI CONDO","Corporate Buyer OK, Ok To Lease, Okay To Lease 1st Year","Unfurnished","Tenant Occupied","90","False","False","All Cash, Conventional, Other Terms","THE LEXI CONDO","33141","2007","1659","","False","20","20","","2006","","Bike Storage, Billiard Room, Business Center, Community Room, Elevator, Exercise Room, Exterior Lighting, Heated Pool, Pool, Spa/Hot Tub, Trash Chute","12008","False","As Is","Condo","Condo/Co-Op/Villa/Townhouse","Bay, Intracoastal View, Ocean View, Skyline View, Water View","2 Or More Spaces, Assigned Parking, Covered Parking, Electric Vehicle Charging Station, Guest Parking",""
"A12049187","Southeast Florida Regional","Active","830000","774000","774000","","","","","","2026-07-06 22:24:27","331","25","1521","","2","2","0","100 Bayview Dr #1906, SUNNYISL FL 33160","ARLEN HOUSE","Ok To Lease","","Call Listing Agent","180","False","False","All Cash, Conventional, Other Terms","ARLEN HOUSE","33160","1975","1125","","True","22","19","","1906","Ocean Access, Ocean Front","Basketball Courts, Bike Storage, Heated Pool","5500","","Completely Renovated","Homeowners","Condo/Co-Op/Villa/Townhouse","Ocean View, Direct Ocean, Other View","2 Or More Spaces",""
"A12046521","Southeast Florida Regional","Active","770000","770000","770000","","","","","","2026-07-17 08:33:50","30","30","1610","","2","2","1","3370 Hidden Bay Dr #1212, AVENTUR FL 33180","HIDDEN BAY","Ok To Lease","","Call Listing Agent","90","False","False","All Cash, Conventional","HIDDEN BAY","33180","2000","1475","","True","31","12","","1212","Bay Front, Canal Front, Intracoastal Front","Basketball Courts, Bike/Jog Path, Billiard Room, Business Center, Child Play Area, Elevator, Exercise Room, Extra Storage, Heated Pool, Marina, Spa/Hot Tub, Tennis, Trash Chute","9157","False","None","Condo","Condo/Co-Op/Villa/Townhouse","Bay, Canal, Ocean View","1 Space, Assigned Parking",""
"A12060663","Southeast Florida Regional","Active","770000","770000","770000","","","","","","2026-07-29 09:33:30","2","2","1042","","1","2","","900 Biscayne Blvd #3607, MIAMI FL 33132","900 Biscayne Bay","Min.Down Payment Req., Ok To Lease","Furnished","Owner Occupied","180","False","False","All Cash, Conventional","900 Biscayne Bay","33132","2008","1282","","True","63","36","","3607","Bay Front","Bbq/Picnic Area, Business Center, Community Room, Elevator, Exercise Room, Heated Pool, Other Amenities, Pool, Sauna","10059","False","As Is","Condo","Condo/Co-Op/Villa/Townhouse","Bay, Direct Ocean","1 Space, Assigned Parking, Guest Parking",""
"A12056433","Southeast Florida Regional","Active","765000","765000","765000","","","","","","2026-07-20 11:45:29","29","11","","","1","2","","1611 SW 2nd Avenue #301, MIAMI FL 33129","Domus Brickell Park","See Broker Remarks","","Call Listing Agent","0","False","False","All Cash, Conventional","Domus Brickell Park","33129","2026","1546","","False","12","3","","301","","Elevator","1","False","As Is","Condo","Condo/Co-Op/Villa/Townhouse","Garden View","Other Parking",""
"A12050639","Southeast Florida Regional","Active","759000","759000","759000","","","","","","2026-07-09 12:48:24","25","25","1000","","1","2","0","16699 Collins Ave #1605, SUNNYISL FL 33160","La Perla Condo","Corporate Buyer OK, Ok To Lease, Okay To Lease 1st Year","Furnished","Tenant Occupied","30","False","False","All Cash, Conventional","La Perla Condo","33160","2006","1200","1200","True","43","16","","1605","Ocean Access, Ocean Front","Exercise Room, Other Amenities, Pool","8865","False","As Is","Condo","Condo/Co-Op/Villa/Townhouse","Ocean View, Direct Ocean","Valet Parking",""
"A12062403","Southeast Florida Regional","Active","759000","759000","759000","","","","","","2026-07-30 11:23:11","1","1","1014","","2","2","0","1700 Meridian Ave #303, MIAMIBCH FL 33139","The Mont Clair Condominiu","Ok To Lease, Okay To Lease 1st Year, Renting Limited","Furn For Sale","Vacant","181","False","False","All Cash, Conventional","The Mont Clair Condominiu","33139","2005","1483","","False","5","3","","303","","Elevator","9960","True","As Is, Completely Renovated, Flood Zone","Condo","Condo/Co-Op/Villa/Townhouse","Garden View","1 Space, Covered Parking, Parking-Under Building",""
"A12056864","Southeast Florida Regional","Active","755000","755000","755000","","","","","","2026-07-20 17:15:40","11","11","1688","","3","3","0","20000 E Country Club Dr #416, AVENTUR FL 33180","TURNBERRY VILLAGE","Other Restrictions","Furnished","Call Listing Agent","365","False","False","All Cash, Conventional","TURNBERRY VILLAGE","33180","2006","1543","536","False","12","4","","416","","Child Play Area, Elevator, Exercise Room, Other Amenities","9086","False","As Is","Condo","Condo/Co-Op/Villa/Townhouse","Golf View, Other View","2 Or More Spaces",""
"A12044009","Southeast Florida Regional","Active","755000","755000","755000","","","","","","2026-07-08 15:45:28","23","23","895","","1","1","0","1331 Brickell Bay Dr #904, MIAMI FL 33131","JADE RESIDENCES AT BRICKE","Ok To Lease, Other Restrictions","Part Furn","Call Listing Agent","180","False","False","All Cash, Conventional, FHA, Va","JADE RESIDENCES AT BRICKE","33131","2004","1226","","False","48","9","","904","","Exercise Room, Other Amenities, Pool, Sauna","6339","True","As Is","Condo","Condo/Co-Op/Villa/Townhouse","Bay, Other View","1 Space, Assigned Parking, Covered Parking",""
"A12049183","Southeast Florida Regional","Active","750000","750000","750000","","","","","","2026-07-07 06:14:59","645","24","760","","0","1","0","2301 Collins Ave #731, MIAMIBCH FL 33139","RONEY PALACE CONDO","Ok To Lease, Okay To Lease 1st Year, Other Restrictions","","Vacant","6 Mo","False","False","All Cash, Conventional","RONEY PALACE CONDO","33139","1926","1627","","True","15","7","","731","Bay Front","Courtesy Bus, Elevator, Pool, Private Beach Pavilion, Private Pool","8134","False","As Is","Condo","Condo/Co-Op/Villa/Townhouse","Bay, Canal","1 Space, Covered Parking, Valet Parking",""
"A12046202","Southeast Florida Regional","Active","750000","750000","750000","","","","","","2026-07-04 08:17:50","30","30","786","","1","2","","90 NE 32nd #404, MIAMI FL 33127","THE STANDARD RESIDENCES","Ok To Lease, Okay To Lease 1st Year","Unfurnished","Call Listing Agent","30","False","False","All Cash, Conventional","THE STANDARD RESIDENCES","33127","2026","1069","","False","12","4","","404","","Bar, Billiard Room, Business Center, Clubhouse-Clubroom, Community Room, Elevator, Exercise Room, Exterior Lighting, Heated Pool, Other Amenities, Pickleball, Sauna, Spa/Hot Tub, Trash Chute","0","False","As Is","Condo","Condo/Co-Op/Villa/Townhouse","None","None",""
"A12062406","Southeast Florida Regional","Active","750000","750000","750000","","","","","","2026-07-30 11:29:24","1","1","876","","1","1","0","485 Brickell Ave #4711, MIAMI FL 33131","Icon tw3","Ok To Lease, Other Restrictions","","Tenant Occupied","30","False","False","All Cash, Conventional","Icon tw3","33131","2009","1","","True","50","47","","4711","Bay Front, Canal Front","Business Center, Elevator, Other Amenities, Pool, Sauna, Spa/Hot Tub","10141","False","Other Special Info","Condo","Condo/Co-Op/Villa/Townhouse","Bay, Canal, Water View","1 Space",""
"A12057408","Southeast Florida Regional","Active","750000","750000","750000","","","","","","2026-07-23 10:15:42","8","8","1980","","4","3","0","825 Brickell Bay Dr #1151, MIAMI FL 33131","FOUR AMBASSADORS CONDO","See Broker Remarks","Unfurnished","Vacant","182","False","False","All Cash, Conventional","FOUR AMBASSADORS CONDO","33131","1968","1974","","True","24","11","","1151","Bay Front","Boat Dock, Exercise Room, Fishing Pier, Marina, Pool, Spa/Hot Tub, Trash Chute","6165","False","As Is","Condo","Condo/Co-Op/Villa/Townhouse","Bay, Skyline View","Assigned Parking",""
"A12053777","Southeast Florida Regional","Active","749990","749990","749990","","","","","","2026-07-16 16:33:39","16","16","1105","","2","2","0","1200 Brickell Bay Dr #2423, MIAMI FL 33131","THE CLUB AT BRICKELL BAY","Corporate Buyer OK, No Restrictions, Ok To Lease, Okay To Lease 1st Year","","Tenant Occupied","1","False","False","All Cash, Other Terms","THE CLUB AT BRICKELL BAY","33131","2004","946","","True","43","24","","2423","Bay Front","Business Center, Child Play Area, Heated Pool, Pool","12239","False","As Is, Completely Renovated","Condo","Condo/Co-Op/Villa/Townhouse","Bay, Water View","1 Space, Valet Parking",""
"A12052442","Southeast Florida Regional","Active","749900","749900","749900","","","","","","2026-07-13 23:00:03","77","18","1510","","3","2","1","8888 Collins Ave #115, SURFSIDE FL 33154","SURFSIDE PALMS CONDO","Ok To Lease, Okay To Lease 1st Year","","Vacant","7","False","False","All Cash, Conventional","SURFSIDE PALMS CONDO","33154","2000","1220","","False","5","1","","115","","Community Room, Exercise Room, Hobby Room, Pool, Spa/Hot Tub","8621","False","As Is","Condo","Condo/Co-Op/Villa/Townhouse","Other View, Water View","2 Or More Spaces, Assigned Parking, Covered Parking",""
"A12051097","Southeast Florida Regional","Active","749000","749000","749000","","","","","","2026-07-13 10:50:50","18","18","598","","1","1","0","90 NE 32nd St #808, MIAMI FL 33127","The Standard Residences","Ok To Lease","Unfurnished","Vacant","30","False","False","All Cash, Conventional","The Standard Residences","33127","2026","806","","False","12","8","","808","","Billiard Room, Business Center, Clubhouse-Clubroom, Elevator, Exercise Room, Exterior Lighting, Heated Pool, Kitchen Facilities, Library, Pickleball, Pool, Sauna, Spa/Hot Tub, Trash Chute","0","False","As Is","Condo","Condo/Co-Op/Villa/Townhouse","Other View","Other Parking, Street Parking",""
"A12058338","Southeast Florida Regional","Active","749000","749000","749000","","","","","","2026-07-22 18:52:29","521","9","1602","","3","2","0","1717 N Bayshore Dr #A-2548, MIAMI FL 33132","THE GRAND","Ok To Lease, Okay To Lease 1st Year","Furnished","Vacant","30","False","False","All Cash, Conventional","THE GRAND","33132","1986","1250","","True","42","25","","A-2548","Bay Front","Elevator, Exercise Room, Heated Pool, Marina, Other Amenities, Pool, Sauna, Spa/Hot Tub, Trash Chute","9417","False","As Is","Condo","Condo/Co-Op/Villa/Townhouse","Bay, Intracoastal View","1 Space, Assigned Parking, Covered Parking",""
"A12050357","Southeast Florida Regional","Active","749000","749000","749000","","","","","","2026-07-09 16:18:09","100","22","938","","1","1","1","900 Biscayne Blvd #3704, MIAMI FL 33132","900 Biscayne Bay","No Restrictions","Furnished","Vacant","360","True","False","All Cash, Conventional","900 Biscayne Bay","33132","2008","1250","","True","52","37","","3704","Bay Front","Clubhouse-Clubroom, Other Amenities, Pool, Spa/Hot Tub","10500","False","As Is","Condo","Condo/Co-Op/Villa/Townhouse","Bay","1 Space",""
"A12046450","Southeast Florida Regional","Active","749000","749000","749000","","","","","","2026-07-03 17:39:59","28","28","798","","1","1","1","2555 Collins Ave #1814, MIAMIBCH FL 33140","Club Atlantis Condo","No Daily Rentals, Ok To Lease, Okay To Lease 1st Year, Other Restrictions","Unfurnished","Owner Occupied","180","False","False","All Cash, Conventional","Club Atlantis Condo","33140","1982","1003","","True","26","18","","1814","Canal Front, Canal Width 121 Feet Or More, Fixed Bridge(S), Ocean Front","Bbq/Picnic Area, Bike Storage, Billiard Room, Business Center, Cabana, Clubhouse-Clubroom, Common Laundry, Community Room, Elevator, Exercise Room, Exterior Lighting, Pool, Sauna, Trash Chute","5016","False","As Is, Completely Renovated, Milestone Inspection Report","Condo","Condo/Co-Op/Villa/Townhouse","Intracoastal View, Ocean View, Direct Ocean","1 Space, Assigned Parking, Deeded Parking, Street Parking",""
"A12059387","Southeast Florida Regional","Active","749000","749000","749000","","","","","","2026-07-24 13:29:19","7","7","1224","","2","2","0","999 SW 1st Ave #3004, MIAMI FL 33130","NINE AT MARY BRICKELL VIL","Corporate Buyer OK, No Daily Rentals, Ok To Lease, Okay To Lease 1st Year","","Tenant Occupied","30","False","False","All Cash, Conventional","NINE AT MARY BRICKELL VIL","33130","2015","1408","","False","30","30","","3004","","Bbq/Picnic Area, Billiard Room, Business Center, Cabana, Child Play Area, Community Room, Elevator, Exercise Room, Exterior Lighting, Library, Other Amenities, Pool, Trash Chute","11135","False","As Is","Condo","Condo/Co-Op/Villa/Townhouse","Skyline View","1 Space, Assigned Parking, Covered Parking",""
"A12054043","Southeast Florida Regional","Active","744900","744900","744900","","","","","","2026-07-15 13:27:42","16","16","984","Entry Level","2","2","0","3900 Biscayne Blvd #S-216, MIAMI FL 33137","QUADRO CONDO","Ok To Lease, See Broker Remarks","Furnished","Call Listing Agent","3","False","False","All Cash, Conventional","QUADRO CONDO","33137","2019","1470","","False","12","2","","S-216","","Bbq/Picnic Area, Business Center, Cabana, Child Play Area, Clubhouse-Clubroom, Elevator, Exercise Room, Heated Pool, Other Amenities","10082","False","As Is","Condo","Condo/Co-Op/Villa/Townhouse","Bay, Other View","1 Space, Assigned Parking, Other Parking",""
"A12052849","Southeast Florida Regional","Active","740000","740000","740000","","","","","","2026-07-13 18:20:17","814","18","1290","","2","2","0","17375 Collins Ave #1703, SUNNYISL FL 33160","OCEAN POINT BEACH CLUB CO","Corporate Buyer OK, Ok To Lease, Okay To Lease 1st Year, Other Restrictions","","Vacant","90","False","False","All Cash, Conventional","OCEAN POINT BEACH CLUB CO","33160","2000","2103","","True","27","17","","1703","Ocean Access","Bar, Business Center, Elevator, Exercise Room, Heated Pool, Pool, Private Beach Pavilion, Private Pool, Sauna, Spa/Hot Tub","8965","False","None","Condo","Condo/Co-Op/Villa/Townhouse","Intracoastal View, Ocean View","Valet Parking",""
"A12059510","Southeast Florida Regional","Active","740000","740000","740000","","","","","","2026-07-24 15:27:47","7","7","1165","Entry Level","2","2","0","6580 Indian Creek Dr #510, MIAMIBCH FL 33141","REGATTA AT INDIAN CREEK","Daily Rentals Allowed","Unfurnished","Vacant","180","False","False","All Cash, Conventional","REGATTA AT INDIAN CREEK","33141","2006","1370","662","True","6","5","","510","Intracoastal Front","Community Room, Exercise Room, Heated Pool, Kitchen Facilities, Marina, Pool","7846","False","As Is","Condo","Condo/Co-Op/Villa/Townhouse","Other View, Skyline View","Covered Parking, Valet Parking",""
"A12054180","Southeast Florida Regional","Active","740000","740000","740000","","","","","","2026-07-15 15:57:32","17","17","898","","1","2","0","650 NE 32nd St #1507, MIAMI FL 33137","Paraiso Bay","Corporate Buyer OK, Okay To Lease 1st Year","","Call Listing Agent","90","False","False","All Cash, Conventional, Other Terms","Paraiso Bay","33137","2018","1200","","True","54","15","","1507","Bay Front","Bbq/Picnic Area, Bike Storage, Billiard Room, Business Center, Cabana, Clubhouse-Clubroom, Community Room, Elevator, Exercise Room, Kitchen Facilities, Pool, Sauna, Spa/Hot Tub, Tennis","10800","False","As Is","Condo","Condo/Co-Op/Villa/Townhouse","Bay, Ocean View, Skyline View","1 Space, Assigned Parking, Valet Parking",""
"A12047027","Southeast Florida Regional","Active","749000","739000","739000","","","","","","2026-07-02 09:32:09","237","29","1242","","3","2","0","3470 E Coast Ave #H0904, MIAMI FL 33137","TWO MIDTOWN MIAMI CONDO","No Daily Rentals","","Owner Occupied","180","False","False","All Cash, Conventional","TWO MIDTOWN MIAMI CONDO","33137","2007","1756","","False","29","9","","H0904","","Bbq/Picnic Area, Bike Storage, Child Play Area, Elevator, Exercise Room, Pool, Sauna, Spa/Hot Tub","11085","True","As Is","Condo","Condo/Co-Op/Villa/Townhouse","Bay, Skyline View","2 Or More Spaces",""
"A12053598","Southeast Florida Regional","Active","736000","736000","736000","","","","","","2026-07-15 09:40:18","16","16","1262","","2","2","0","6450 Collins Ave #1001, MIAMIBCH FL 33141","OCEAN PARK CONDO","Ok To Lease","","Call Listing Agent","365","False","False","All Cash, Conventional","OCEAN PARK CONDO","33141","1968","1520","","False","16","10","","1001","","Bbq/Picnic Area, Bike Storage, Common Laundry, Community Room, Exercise Room, Extra Storage, Heated Pool","5374","True","Completely Renovated","Condo","Condo/Co-Op/Villa/Townhouse","Intracoastal View, Ocean View, Skyline View","2 Or More Spaces",""
"A12048118","Southeast Florida Regional","Active","731000","731000","731000","","","","","","2026-07-04 15:50:42","27","27","929","","1","2","0","900 Biscayne Blvd #5505, MIAMI FL 33132","900 Biscayne","No Daily Rentals","","Tenant Occupied","180","False","False","All Cash, Conventional","900 Biscayne","33132","2008","1498","","True","63","55","","5505","Bay Front","Child Play Area, Community Room, Elevator, Exercise Room, Other Amenities","11276","False","As Is","Condo","Condo/Co-Op/Villa/Townhouse","Bay","1 Space",""
"A12052099","Southeast Florida Regional","Active","730000","730000","730000","","","","","","2026-07-13 15:36:23","18","18","2490","","3","2","1","10700 NW 66th St #407, DORAL FL 33178","DORAL ISLES","No Trucks/Rv'S","","Vacant","365","False","False","All Cash, Conventional","DORAL ISLES","33178","2002","1068","","True","5","4","","407","Lake Front","Basketball Courts, Bike/Jog Path, Child Play Area, Clubhouse-Clubroom, Exercise Room, Fishing Pier, Pool","8211","False","Wheelchair Designed","Condo, Homeowners","Condo/Co-Op/Villa/Townhouse","Lake","1 Space, Guest Parking",""
"A12058748","Southeast Florida Regional","Active","730000","730000","730000","","","","","","2026-07-23 14:21:44","11","11","1030","","2","2","0","540 Brickell Key Dr #719, MIAMI FL 33131","Brickell Key II","No Lease-1st Year Owned","","Call Listing Agent","365","False","False","All Cash, Conventional","Brickell Key II","33131","1991","1388","979","True","18","7","","719","Bay Front","Bbq/Picnic Area, Bike Storage, Bike/Jog Path, Billiard Room, Child Play Area, Community Room, Elevator, Exercise Room, Heated Pool, Kitchen Facilities, Spa/Hot Tub, Tennis, Trash Chute","7691","False","As Is, Completely Renovated","Condo","Condo/Co-Op/Villa/Townhouse","Bay, Garden View, Pool Area View","1 Space",""
"A12048238","Southeast Florida Regional","Active","729000","729000","729000","","","","","","2026-07-07 09:53:51","117","26","","","2","3","","1800 NE 114th #604, NMIAMI FL 33181","Cricket Club","Dock Restrictions, No Daily Rentals, Okay To Lease 1st Year","","Vacant","181","False","False","Cash Only","Cricket Club","33181","1975","2880","","True","23","6","","604","Bay Front, Canal Front, Intracoastal Front","Bar, Basketball Courts, Bbq/Picnic Area, Bike Storage, Clubhouse-Clubroom, Exercise Room, Library, Pickleball, Pool, Tennis, Trash Chute, Vehicle Wash Area","6634","True","As Is, Completely Renovated, Restriction On Pets","Condo","Condo/Co-Op/Villa/Townhouse","Bay, Canal, Intracoastal View","1 Space, Covered Parking, Parking-Under Building",""
"A12046015","Southeast Florida Regional","Active","728000","728000","728000","","","","","","2026-07-01 13:05:07","79","30","748","","1","1","1","1451 Brickell Ave #1404, MIAMI FL 33131","Echo Brickell","Ok To Lease","","Call Listing Agent","365","False","False","All Cash, Conventional","Echo Brickell","33131","2017","1780","","False","57","14","","1404","","Elevator, Exercise Room, Private Pool, Trash Chute","10395","False","As Is, None","Condo","Condo/Co-Op/Villa/Townhouse","Bay, Ocean View, Skyline View, Water View","1 Space, Valet Parking",""
"A12048217","Southeast Florida Regional","Active","720000","720000","720000","","","","","","2026-07-06 17:39:06","26","26","624","","1","1","0","2700 NW 2nd Ave #432, MIAMI FL 33127","NOMAD RESIDENCES WYNWOOD","Daily Rentals Allowed, Exterior Alterations, Ok To Lease","","Vacant","365","False","False","All Cash, Conventional","NOMAD RESIDENCES WYNWOOD","33127","2026","892","","False","8","4","","432","","Bbq/Picnic Area, Business Center, Elevator, Exercise Room, Exterior Lighting, Pool, Spa/Hot Tub","0","False","As Is","Condo","Condo/Co-Op/Villa/Townhouse","Other View","1 Space, Additional Spaces Available, Valet Parking",""
"A12053787","Southeast Florida Regional","Active","720000","720000","720000","","","","","","2026-07-14 19:45:26","17","17","1385","","3","2","0","350 S Miami Ave #2102, MIAMI FL 33130","WIND","Ok To Lease, See Broker Remarks","","Owner Occupied","365","False","False","All Cash, Conventional, FHA","WIND","33130","2008","1555","","True","41","21","","2102","Canal Front, Fixed Bridge(S), Other Waterfront, River Front","Child Play Area, Elevator, Exercise Room, Handball/Basketball, Heated Pool, Pool, Sauna, Spa/Hot Tub","6825","True","As Is","Condo","Condo/Co-Op/Villa/Townhouse","Bay, Skyline View, Water View","1 Space",""
"A12059740","Southeast Florida Regional","Active","719000","719000","719000","","","","","","2026-07-30 12:45:34","4","4","881","","1","1","1","6515 Collins Ave #710, MIAMIBCH FL 33141","BEL-AIRE ON THE OCEAN","Ok To Lease","Unfurnished","Vacant","6 mo","False","False","All Cash, Conventional","BEL-AIRE ON THE OCEAN","33141","2004","1532","","True","19","7","","710","Ocean Access, Ocean Front","Billiard Room, Business Center, Elevator, Exercise Room, Pool, Trash Chute","9146","True","Flood Zone","Condo","Condo/Co-Op/Villa/Townhouse","Ocean View","1 Space, Assigned Parking",""
"A12061023","Southeast Florida Regional","Active","719000","719000","719000","","","","","","2026-07-31 14:10:25","0","0","960","","1","2","1","140 Jefferson Ave #14005, MIAMIBCH FL 33139","THE COURTS AT SOUTH BEACH","Ok To Lease","","Call Listing Agent","180","False","False","All Cash, Conventional","THE COURTS AT SOUTH BEACH","33139","1996","1195","","False","4","4","","14005","","Bbq/Picnic Area, Community Room, Elevator","5000","","As Is","Homeowners","Condo/Co-Op/Villa/Townhouse","Garden View","1 Space, Additional Spaces Available",""
"A12056676","Southeast Florida Regional","Active","718000","718000","718000","","","","","","2026-07-20 14:41:36","361","11","896","","1","1","1","10275 Collins Ave #316, BALHARBR FL 33154","Harbour House","Okay To Lease 1st Year, Other Restrictions","","Call Listing Agent","180","False","False","All Cash, Conventional","Harbour House","33154","1964","1294","","True","16","3","","316","Ocean Access, Ocean Front","Community Room, Elevator, Exercise Room, Exterior Lighting, Other Amenities, Pool, Spa/Hot Tub, Trash Chute","9595","True","As Is","Condo","Condo/Co-Op/Villa/Townhouse","Ocean View, Pool Area View, Water View","1 Space, Covered Parking, Valet Parking",""
"A12048648","Southeast Florida Regional","Active","715000","715000","715000","","","","","","2026-07-16 21:21:09","398","25","1260","","1","2","0","5055 Collins Ave #14H, MIAMIBCH FL 33140","CRYSTAL HOUSE CONDO","No Restrictions","Unfurnished","Vacant","30","False","False","All Cash, Other Terms","CRYSTAL HOUSE CONDO","33140","1961","1424","145","True","14","14","","14H","Ocean Front","Bbq/Picnic Area, Bike Storage, Bike/Jog Path, Cabana, Clubhouse-Clubroom, Elevator, Exercise Room, Exterior Lighting, Kitchen Facilities, Pickleball, Pool, Trash Chute","8677","False","As Is, Flood Zone","Condo","Condo/Co-Op/Villa/Townhouse","Direct Ocean","1 Space, Additional Spaces Available, Covered Parking, Valet Parking",""
"A12058109","Southeast Florida Regional","Active","715000","715000","715000","","","","","","2026-07-23 10:26:16","9","9","877","","2","2","0","1100 S Miami Ave #2001, MIAMI FL 33130","MILLECENTO","No Restrictions","","Vacant","30","False","False","All Cash, Conventional","MILLECENTO","33130","2015","1170","","False","42","22","","2001","","Clubhouse-Clubroom, Elevator, Exercise Room, Sauna, Spa/Hot Tub","10334","False","As Is","Condo","Condo/Co-Op/Villa/Townhouse","Intracoastal View, Skyline View","1 Space, Assigned Parking, Covered Parking",""
"B26049326","Beaches MLS","Active","710000","710000","710000","","","","","","2026-07-06 21:58:18","24","24","888","","1","2","0","488 NE 18th Street #Apt 3508, Miami FL 33132","","Assoc Approval Required, Exterior Alterations, Ok To Lease With Res, No Daily Rentals, No Trucks/Rv'S","Furnished","Vacant","","False","","All Cash, Conventional","","33132","2018","996","","True","39","35","","Apt 3508","","Community Room, Community Pool, Elevator, Exercise Room, Pool, Private Pool, Sauna, Security Patrol, Spa/Hot Tub, Trash Chute","11000","False","As Is","Condo","Condo/Co-Op/Villa/Townhouse","","Assigned Parking, Limited # Of Vehicle",""
"A12062280","Southeast Florida Regional","Active","710000","710000","710000","","","","","","2026-07-30 04:35:44","1","1","1073","","2","2","0","460 NE 28th St #906, MIAMI FL 33137","ICON BAY CONDO","Ok To Lease","","Tenant Occupied","30","False","False","All Cash, Conventional","ICON BAY CONDO","33137","2015","1524","","True","43","9","","906","Bay Front","Other Amenities","10976","False","As Is","Condo","Condo/Co-Op/Villa/Townhouse","Bay","1 Space",""
"A12051818","Southeast Florida Regional","Active","710000","710000","710000","","","","","","2026-07-20 07:20:37","259","14","1101","","2","2","0","950 Brickell Bay Dr #1905, MIAMI FL 33131","The Plaza 851 Brickell","Ok To Lease, Okay To Lease 1st Year","","Vacant","30","False","False","All Cash, Conventional","The Plaza 851 Brickell","33131","2008","1210","","True","53","19","","1905","Bay Front","Bbq/Picnic Area, Business Center, Child Play Area, Clubhouse-Clubroom, Elevator, Exercise Room, Pool, Spa/Hot Tub, Trash Chute","9944","False","As Is","Condo, Homeowners","Condo/Co-Op/Villa/Townhouse","Bay, Skyline View, Water View","1 Space, Assigned Parking",""
"A12054142","Southeast Florida Regional","Active","700000","700000","700000","","","","","","2026-07-15 12:20:49","390","16","1870","","2","2","0","21205 Yacht Club Dr #2403, AVENTUR FL 33180","THE POINT NORTH TOWER","Corporate Buyer OK, Ok To Lease","Unfurnished","Call Listing Agent","180","False","False","All Cash, Conventional","THE POINT NORTH TOWER","33180","1997","2078","","True","30","24","","2403","Lake Front","Bike Storage, Clubhouse-Clubroom, Courtesy Bus, Exercise Room, Golf Equity Available, Heated Pool, Spa/Hot Tub, Tennis","6788","False","Documents Available","Condo","Condo/Co-Op/Villa/Townhouse","Intracoastal View, Lake","Assigned Parking, Covered Parking, Valet Parking",""
"A12051842","Southeast Florida Regional","Active","700000","700000","700000","","","","","","2026-07-10 18:23:38","24","24","1379","","3","3","0","5350 NW 84th Ave #1001, DORAL FL 33166","5350 PARK CONDO","Exterior Alterations","","Tenant Occupied","1","False","False","All Cash, Conventional","5350 PARK CONDO","33166","2019","1804","","False","19","10","","1001","","Bbq/Picnic Area, Business Center, Child Play Area, Clubhouse-Clubroom, Community Room, Exercise Room, Pool, Sauna, Spa/Hot Tub","11596","False","As Is","Homeowners","Condo/Co-Op/Villa/Townhouse","Other View","2 Or More Spaces",""
"A12050562","Southeast Florida Regional","Active","700000","700000","700000","","","","","","2026-07-08 20:02:14","113","23","1018","","1","2","0","851 NE 1st Ave #3000, MIAMI FL 33132","PARAMOUNT MIAMI WORLDCENT","Ok To Lease","","Tenant Occupied","30","False","False","All Cash, Conventional","PARAMOUNT MIAMI WORLDCENT","33132","2019","1930","","False","58","30","","3000","","Basketball Courts, Bbq/Picnic Area, Billiard Room, Business Center, Child Play Area, Community Room, Elevator, Exercise Room, Handball/Basketball, Library, Other Amenities, Pool, Sauna, Trash Chute","14860","False","As Is","Condo","Condo/Co-Op/Villa/Townhouse","Skyline View","1 Space, Assigned Parking",""
"A12061805","Southeast Florida Regional","Active","700000","700000","700000","","","","","","2026-07-29 13:08:14","94","2","1510","Entry Level","2","2","1","90 Edgewater Dr #501, CORALGBL FL 33133","Gables Waterway Towers","Other Restrictions","","Call Listing Agent","365","False","False","All Cash, Conventional","Gables Waterway Towers","33133","1969","1812","","True","13","5","","501","Canal Front","Boat Dock, Business Center, Common Laundry, Community Room, Elevator, Exercise Room, Heated Pool, Pool, Trash Chute","9817","False","As Is, Foreclosure","Other","Condo/Co-Op/Villa/Townhouse","Garden View","Other Parking",""
"A12054699","Southeast Florida Regional","Active","700000","700000","700000","","","","","","2026-07-23 13:55:25","8","8","357","Entry Level","0","1","0","398 NE 5th St #3013, MIAMI FL 33132","ELSER","Other Restrictions","Furnished","Tenant Occupied","30","False","False","All Cash, Conventional","ELSER","33132","2022","549","","True","49","30","","3013","Bay Front","Bar, Bbq/Picnic Area, Billiard Room, Business Center, Elevator, Pool","10091","False","As Is","Condo","Condo/Co-Op/Villa/Townhouse","Bay","1 Space",""
"A12045788","Southeast Florida Regional","Active","700000","700000","700000","","","","","","2026-07-01 09:18:00","211","30","910","","2","2","0","1100 S Miami Ave #1607, MIAMI FL 33130","1100 MILLECENTO RESIDENCE","Corporate Buyer OK","Furnished","Call Listing Agent","180","False","False","All Cash, Assumption","1100 MILLECENTO RESIDENCE","33130","2015","897","","False","43","16","","1607","","Billiard Room, Business Center, Clubhouse-Clubroom, Community Room, Elevator, Exercise Room, Heated Pool, Library","8414","False","As Is","Condo","Condo/Co-Op/Villa/Townhouse","Skyline View","1 Space, Other Parking",""
"A12055674","Southeast Florida Regional","Active","719000","699999","699999","","","","","","2026-07-18 11:20:59","13","13","1607","","2","2","0","3000 Island Blvd #505, AVENTUR FL 33160","Williams Island","See Broker Remarks","","Vacant","365","False","False","All Cash, Conventional, FHA, Va","Williams Island","33160","1988","3237","","True","32","5","Coming Soon","505","Bay Front, Ocean Access","Basketball Courts, Bbq/Picnic Area, Bike/Jog Path, Business Center, Cabana, Child Play Area, Clubhouse-Clubroom, Courtesy Bus, Exercise Room, Other Membership Available, Pickleball, Pool, Putting Green, Spa/Hot Tub","3330","False","As Is","Condo","Condo/Co-Op/Villa/Townhouse","Bay, Ocean View, Skyline View","2 Or More Spaces, Guest Parking, Valet Parking",""
"A12057893","Southeast Florida Regional","Active","699900","699900","699900","","","","","","2026-07-24 14:17:59","7","7","800","","1","1","1","1800 Sunset Harbour Dr #1109, MIAMIBCH FL 33139","SUNSET HARBOUR SOUTH","Other Restrictions","Unfurnished","Tenant Occupied","365","False","False","All Cash, Conventional","SUNSET HARBOUR SOUTH","33139","1998","1722","","False","25","7","","1109","Bay Front","Billiard Room, Exercise Room, Heated Pool, Marina, Other Amenities, Pool, Sauna","7205","False","As Is","Condo","Condo/Co-Op/Villa/Townhouse","Skyline View","1 Space, Assigned Parking",""
"A12047083","Southeast Florida Regional","Active","699000","699000","699000","","","","","","2026-07-06 17:25:05","29","29","1002","","2","2","0","9201 Collins Ave #521, SURFSIDE FL 33154","THE WAVERLY AT SURFSIDE","No Daily Rentals, Okay To Lease 1st Year","","Tenant Occupied","90","False","False","All Cash, Conventional","THE WAVERLY AT SURFSIDE","33154","2003","1273","","True","22","5","","521","Ocean Front","Bbq/Picnic Area, Bike Storage, Business Center, Elevator, Exercise Room, Pool, Private Pool","10775","False","None","Condo","Condo/Co-Op/Villa/Townhouse","Ocean View, Skyline View","1 Space",""
"A12057585","Southeast Florida Regional","Active","699000","699000","699000","","","","","","2026-07-21 16:55:37","10","10","1552","","3","2","0","7900 Harbor Island Dr #1126, NBAYVLGE FL 33141","360 CONDO A","Corporate Buyer OK, No Trucks/Rv'S, Renting Limited","","Vacant","120","False","False","All Cash, Conventional","360 CONDO A","33141","2007","1123","","True","16","11","","1126","Bay Front, Canal Front, No Fixed Bridges, Ocean Access","Bike Storage, Boat Dock, Clubhouse-Clubroom, Elevator, Exercise Room, Extra Storage, Heated Pool, Marina, Pool, Sauna, Spa/Hot Tub","10846","True","As Is, Flood Zone, Restriction On Pets","Condo","Condo/Co-Op/Villa/Townhouse","Bay, Intracoastal View, Ocean View","2 Or More Spaces, Assigned Parking, Covered Parking",""
"A12047632","Southeast Florida Regional","Active","699000","699000","699000","","","","","","2026-07-07 15:51:35","25","25","990","","2","2","0","3901 Indian Creek Dr #309, MIAMIBCH FL 33140","MASSADA","Ok To Lease","","Call Listing Agent","1","False","False","All Cash, Conventional","MASSADA","33140","1992","1450","","False","5","3","","309","","Elevator, Pool","6560","False","As Is","Condo, Homeowners","Condo/Co-Op/Villa/Townhouse","Canal, Intracoastal View","1 Space, Covered Parking",""
"A12047475","Southeast Florida Regional","Active","699000","699000","699000","","","","","","2026-07-08 16:31:14","29","29","1027","","1","1","1","11 Island Ave #1009, MIAMIBCH FL 33139","Costa Brava","Other Restrictions","","Call Listing Agent","180","False","False","All Cash, Conventional","Costa Brava","33139","1972","973","","True","22","10","","1009","Bay Front","Bike Storage, Billiard Room, Boat Dock","9073","False","As Is","Condo","Condo/Co-Op/Villa/Townhouse","Bay","1 Space",""
"A12058788","Southeast Florida Regional","Active","698500","698500","698500","","","","","","2026-07-27 11:04:27","4","4","1290","","2","2","1","185 SW 7th St #2503, MIAMI FL 33130","Latitude on The River","Ok To Lease, See Broker Remarks","","Tenant Occupied","90","False","False","All Cash, Conventional, Other Terms","Latitude on The River","33130","2007","1273","","True","44","25","","2503","River Front","Bike Storage, Business Center, Exercise Room, Other Amenities, Pool, Sauna, Spa/Hot Tub","8907","False","As Is","Condo","Condo/Co-Op/Villa/Townhouse","River","1 Space, Valet Parking",""
"A12046943","Southeast Florida Regional","Active","698000","698000","698000","","","","","","2026-07-31 12:50:47","20","20","1696","","3","2","1","1000 W Island Blvd #1206, AVENTUR FL 33160","Williams Island","Okay To Lease 1st Year","","Owner Occupied","180","False","False","All Cash, Conventional","Williams Island","33160","1990","2045","925","True","32","12","","1206","Bay Front","Bbq/Picnic Area, Bike Storage, Bike/Jog Path, Billiard Room, Clubhouse-Clubroom, Extra Storage, Heated Pool","0","","Completely Renovated","Homeowners","Condo/Co-Op/Villa/Townhouse","Bay, Intracoastal View, Ocean View","1 Space",""
"A12051469","Southeast Florida Regional","Active","698000","698000","698000","","","","","","2026-07-28 12:41:30","402","3","1417","","2","3","","60 SW 13th St #4205, MIAMI FL 33130","INFINITY AT BRICKELL","Other Restrictions","","Tenant Occupied","30","False","False","All Cash, Conventional","INFINITY AT BRICKELL","33130","2008","1797","","False","52","42","","4205","","Billiard Room, Clubhouse-Clubroom, Elevator, Exercise Room, Heated Pool, Kitchen Facilities, Pool, Sauna, Spa/Hot Tub","12432","False","As Is","Condo","Condo/Co-Op/Villa/Townhouse","Skyline View","1 Space, Assigned Parking",""
"A12062771","Southeast Florida Regional","Active","695000","695000","695000","","","","","","2026-07-30 17:07:58","1","1","1522","","2","2","0","19707 Turnberry Way #24B, AVENTUR FL 33180","TURNBERRY ISLE NORTH","Okay To Lease 1st Year","Unfurnished","Call Listing Agent","181","False","False","All Cash, Conventional","TURNBERRY ISLE NORTH","33180","1979","1595","","True","24","28","","24B","Canal Front","Billiard Room, Business Center, Child Play Area, Clubhouse-Clubroom, Exercise Room","7900","True","As Is","Condo","Condo/Co-Op/Villa/Townhouse","Intracoastal View, Ocean View, Pool Area View, Tennis Court View, Water View","1 Space, Covered Parking",""
"A12046263","Southeast Florida Regional","Active","695000","695000","695000","","","","","","2026-07-01 11:10:26","30","30","1640","","3","2","0","3700 Island Blvd #C307, AVENTUR FL 33160","Mediterranean Village","No Lease-1st Year Owned","Part Furn","Vacant","180","False","False","All Cash, Conventional","Mediterranean Village","33160","1989","2504","950","False","5","3","","C307","Lagoon Front","Pool, Spa/Hot Tub, Tennis","8912","True","As Is, Completely Renovated","Condo","Condo/Co-Op/Villa/Townhouse","Lagoon, Pool Area View","1 Space",""
"A12055772","Southeast Florida Regional","Active","690000","690000","690000","","","","","","2026-07-20 11:36:49","11","11","","","0","1","0","2700 NW 2nd Ave #533, MIAMI FL 33127","NoMad Residences Wynwood","Ok To Lease","Furnished","Call Listing Agent","1","False","False","All Cash, Conventional","NoMad Residences Wynwood","33127","2026","751","","False","0","5","","533","","Kitchen Facilities","0","False","As Is","Condo","Condo/Co-Op/Villa/Townhouse","Skyline View","Covered Parking, Valet Parking",""
"A12047436","Southeast Florida Regional","Active","690000","690000","690000","","","","","","2026-07-02 17:46:17","29","29","890","Entry Level","2","2","0","2555 Collins Ave #706, MIAMIBCH FL 33140","CLUB ATLANTIS","Corporate Buyer OK, Exterior Alterations, Ok To Lease","","Call Listing Agent","90","False","False","All Cash, Conventional","CLUB ATLANTIS","33140","1982","0","1203","False","26","7","","706","Bay Front, Creek Front, Ocean Access","Bbq/Picnic Area, Bike Storage, Billiard Room, Common Laundry, Community Room, Elevator, Exercise Room, Exterior Lighting, Extra Storage, Heated Pool, Pool, Sauna, Trash Chute, Vehicle Wash Area","8350","True","Completely Renovated","Condo","Condo/Co-Op/Villa/Townhouse","Bay, Golf View, Water View","1 Space, Covered Parking, Guest Parking",""
"A12054191","Southeast Florida Regional","Active","690000","690000","690000","","","","","","2026-07-15 12:48:05","16","16","732","","1","1","0","495 BRICKELL AV #4208, MIAMI FL 33131","ICON BRICKELL","Ok To Lease","Unfurnished","Tenant Occupied","365","False","False","All Cash, Conventional","ICON BRICKELL","33131","2008","343","683","True","57","42","","4208","Bay Front","Bar, Bike Storage, Business Center, Community Room, Elevator, Exercise Room, Pool","8753","False","As Is","Condo","Condo/Co-Op/Villa/Townhouse","Bay","1 Space",""
"A12053628","Southeast Florida Regional","Active","690000","690000","690000","","","","","","2026-07-14 16:10:48","126","17","511","","1","1","","501 NE 1ST ST #1006, MIAMIBCH FL 33132","501 RESIDENCES CONDO","Corporate Buyer OK, Ok To Lease, Okay To Lease 1st Year","","Vacant","7","False","False","All Cash, Conventional","501 RESIDENCES CONDO","33132","2025","807","807","False","40","10","","1006","","Business Center, Cabana, Clubhouse-Clubroom, Community Room, Elevator, Exercise Room, Heated Pool, Kitchen Facilities, Library, Pool, Private Pool, Spa/Hot Tub, Trash Chute","0","False","As Is","Condo","Condo/Co-Op/Villa/Townhouse","Garden View","1 Space, Assigned Parking, Guest Parking",""
"A12050897","Southeast Florida Regional","Active","690000","690000","690000","","","","","","2026-07-09 13:10:40","547","22","838","","1","2","","801 S Miami Ave #3903, MIAMI FL 33130","SLS LUX","Ok To Lease","","Call Listing Agent","30","False","False","All Cash, Conventional","SLS LUX","33130","2018","1383","","False","0","39","","3903","","Basketball Courts, Bbq/Picnic Area, Bike Storage, Bike/Jog Path, Business Center, Community Room, Elevator, Exercise Room, Heated Pool, Pool, Sauna, Spa/Hot Tub","9636","False","None","Condo","Condo/Co-Op/Villa/Townhouse","Bay, Other View","1 Space, Valet Parking",""
"A12052852","Southeast Florida Regional","Active","689000","689000","689000","","","","","","2026-07-20 09:40:20","11","11","1046","","1","1","1","2001 Meridian Ave #308, MIAMIBCH FL 33139","THE MERIDIAN CONDO","Ok To Lease","","Owner Occupied","90","False","False","All Cash, Conventional, Cryptocurrency, Other Terms","THE MERIDIAN CONDO","33139","2005","1568","","False","6","3","","308","","Elevator, Exercise Room, Extra Storage, Other Amenities, Pool, Spa/Hot Tub, Trash Chute","5644","False","As Is","Condo","Condo/Co-Op/Villa/Townhouse","Garden View, Other View","2 Or More Spaces, Assigned Parking, Covered Parking",""
"B26057227","Beaches MLS","Active","685000","685000","685000","","","","","","2026-07-28 00:10:12","4","4","1541","","2","2","0","19400 Turnberry Way #921, Aventura FL 33180","","No Trucks/Rv'S","Furn For Sale","Call Listing Agent","","False","","All Cash, Conventional","","33180","2005","1590","","False","24","9","","921","","Bar, Billiard Room, Card/Electric Gate, Courtesy Bus, Exercise Room, Heated Pool, Maintained Community, Pool Table, Spa/Hot Tub","5004","False","","Condo","Condo/Co-Op/Villa/Townhouse","","2 Or More Spaces, Awning, Covered Parking, Detached, Guest Parking, Loading Spaces, Parking Garage, Valet Parking",""
"A12059605","Southeast Florida Regional","Active","685000","685000","685000","","","","","","2026-07-24 16:44:27","7","7","1007","","2","2","0","17315 Collins Ave #1803, SUNNYISL FL 33160","SOLE ON THE OCEAN","Corporate Buyer OK, Daily Rentals Allowed, Ok To Lease, Okay To Lease 1st Year","Furnished","Call Listing Agent","1","False","False","All Cash, Conventional","SOLE ON THE OCEAN","33160","2007","2455","","True","25","18","","1803","Ocean Access, Ocean Front","Bar, Business Center, Elevator, Exercise Room, Other Amenities, Pool, Private Pool, Sauna","8066","False","As Is","Condo","Condo/Co-Op/Villa/Townhouse","Ocean View, Water View","1 Space, Covered Parking, Valet Parking",""
"A12058732","Southeast Florida Regional","Active","685000","685000","685000","","","","","","2026-07-23 13:34:09","8","8","898","","1","1","0","485 Brickell Ave #3401, MIAMI FL 33131","ICON BRICKELL CONDO NO 3","Other Restrictions","","Call Listing Agent","365","False","False","All Cash","ICON BRICKELL CONDO NO 3","33131","2009","1515","","False","0","34","","3401","Bay Front","Bbq/Picnic Area, Billiard Room, Elevator, Exercise Room, Other Amenities, Pool, Spa/Hot Tub","0","False","As Is","Condo","Condo/Co-Op/Villa/Townhouse","Bay, Canal","1 Space",""
"A12057872","Southeast Florida Regional","Active","685000","685000","685000","","","","","","2026-07-22 09:33:08","9","9","984","","1","1","0","495 Brickell Ave #5007, MIAMI FL 33131","ICON BRICKELL","No Daily Rentals, Okay To Lease 1st Year","","Call Listing Agent","365","False","False","All Cash, Conventional","ICON BRICKELL","33131","2009","1013","","True","57","50","","5007","Bay Front, Canal Front, Intracoastal Front","Bike Storage, Bike/Jog Path, Business Center, Clubhouse-Clubroom, Community Room, Elevator, Exercise Room, Heated Pool, Other Amenities, Pool, Sauna, Spa/Hot Tub","9708","False","As Is, None","Condo","Condo/Co-Op/Villa/Townhouse","Intracoastal View, Ocean View, Skyline View","1 Space, Assigned Parking, Valet Parking",""
"A12052801","Southeast Florida Regional","Active","685000","685000","685000","","","","","","2026-07-15 20:03:27","21","21","1256","Entry Level","2","2","0","50 Biscayne Blvd #1701, MIAMI FL 33132","50 Biscayne","Corporate Buyer OK, No Daily Rentals, Ok To Lease, Okay To Lease 1st Year, Other Restrictions","Unfurnished","Call Listing Agent","180","False","False","All Cash, Conventional","50 Biscayne","33132","2007","1146","","False","54","1701","","1701","Bay Front","Bike Storage, Billiard Room, Business Center, Cabana, Clubhouse-Clubroom, Exercise Room, Exterior Lighting, Heated Pool, Kitchen Facilities, Pool, Sauna, Trash Chute","8992","False","As Is","Condo","Condo/Co-Op/Villa/Townhouse","Bay, Pool Area View","1 Space, Assigned Parking, Covered Parking, Parking-Under Building",""
"A12049307","Southeast Florida Regional","Active","684500","684500","684500","","","","","","2026-07-08 09:12:17","24","24","1665","","2","2","0","19370 Collins Ave #416, SUNNYISL FL 33160","Ocean Reserve","No Restrictions","Furnished","Tenant Occupied","365","False","False","All Cash, Conventional, Other Terms","Ocean Reserve","33160","1972","1877","","False","17","4","","416","","Bbq/Picnic Area, Billiard Room, Business Center, Cabana, Clubhouse-Clubroom, Community Room, Exercise Room, Pool, Tennis","7979","True","Documents Available","Homeowners","Condo/Co-Op/Villa/Townhouse","Club Area View, Pool Area View, Tennis Court View","1 Space, Assigned Parking, Valet Parking",""
"A12050741","Southeast Florida Regional","Active","680000","680000","680000","","","","","","2026-07-09 10:20:10","447","22","1580","","3","3","0","20000 E Country Club Dr #405, AVENTUR FL 33180","TURNBERRY VILLAGE","Ok To Lease, Other Restrictions","Unfurnished","Vacant","180","False","False","All Cash, Conventional","TURNBERRY VILLAGE","33180","2006","1793","1793","False","14","4","","405","","Bbq/Picnic Area, Billiard Room, Business Center, Clubhouse-Clubroom, Elevator, Exercise Room, Heated Pool, Library, Pool, Sauna, Spa/Hot Tub","7842","False","As Is","Condo","Condo/Co-Op/Villa/Townhouse","Garden View","1 Space, Valet Parking",""
"A12062050","Southeast Florida Regional","Active","680000","680000","680000","","","","","","2026-07-29 16:49:49","107","2","1257","","2","2","1","701 Brickell Key Blvd #610, MIAMI FL 33131","COURVOISIER COURTS","Other Restrictions","","Owner Occupied","0","False","False","All Cash, Conventional","COURVOISIER COURTS","33131","1997","1676","","False","28","6","","610","","Business Center, Child Play Area, Exercise Room, Exterior Lighting, Handball/Basketball, Other Amenities, Private Pool, Sauna, Spa/Hot Tub","11543","False","As Is, Corporation Owned Property, Deed Restrictions","Condo","Condo/Co-Op/Villa/Townhouse","Other View","1 Space",""
"A12051222","Southeast Florida Regional","Active","679900","679900","679900","","","","","","2026-07-10 15:11:49","165","21","","","3","2","1","10700 NW 66th Street #508, DORAL FL 33178","CAPRI","Ok To Lease","Unfurnished","Call Listing Agent","365","False","False","All Cash, Conventional","CAPRI","33178","2002","568","500","False","5","5","","508","","Clubhouse-Clubroom, Community Room, Exercise Room, Pool, Sauna, Tennis","4840","False","None","Condo","Condo/Co-Op/Villa/Townhouse","Lake","1 Space, Additional Spaces Available",""
"A12057377","Southeast Florida Regional","Active","679000","679000","679000","","","","","","2026-07-22 01:20:21","9","9","1504","Entry Level","2","2","1","3000 NE 188th St #PH 709, AVENTUR FL 33180","Eastside at aventura","No Daily Rentals, Ok To Lease, Okay To Lease 1st Year","Unfurnished","Vacant","365","False","False","All Cash, Conventional","Eastside at aventura","33180","2007","1302","","True","7","7","","PH 709","Canal Front","Bike Storage, Community Room, Elevator, Exercise Room, Exterior Lighting, Pool, Sauna, Trash Chute","8152","False","As Is, Flood Zone, Restriction On Pets, Structural Integrity Reserve Study","Condo","Condo/Co-Op/Villa/Townhouse","Canal, Skyline View","2 Or More Spaces, Assigned Parking, Covered Parking",""
"A12046585","Southeast Florida Regional","Active","684900","679000","679000","","","","","","2026-07-01 14:41:36","411","30","1006","","2","2","0","300 S Biscayne Blvd #T-2612, MIAMI FL 33131","MET 1","No Restrictions","","Owner Occupied","365","False","False","All Cash, Conventional","MET 1","33131","2008","1100","","True","40","26","","T-2612","Bay Front","Cabana, Clubhouse-Clubroom, Common Laundry, Community Room, Elevator, Exercise Room, Exterior Lighting, Extra Storage, Other Amenities, Pool, Private Pool, Sauna, Spa/Hot Tub, Trash Chute","8347","False","As Is","Condo","Condo/Co-Op/Villa/Townhouse","Bay, Skyline View, Water View","2 Or More Spaces, Covered Parking",""
"A12046930","Southeast Florida Regional","Active","675000","675000","675000","","","","","","2026-07-01 23:00:08","30","30","1450","","3","3","0","20515 E Country Club Dr #2147, AVENTUR FL 33180","Waterview","Exterior Alterations, Ok To Lease, Other Restrictions","Unfurnished","Tenant Occupied","180","False","False","All Cash, Conventional","Waterview","33180","1982","1649","1649","True","25","21","","2147","Intracoastal Front, Ocean Front","Business Center, Elevator, Exercise Room, Exterior Lighting, Extra Storage, Heated Pool, Other Membership Available, Pool","7139","True","As Is, Completely Renovated","Condo","Condo/Co-Op/Villa/Townhouse","Intracoastal View, Ocean View, Water View","1 Space, Valet Parking",""
"A12061116","Southeast Florida Regional","Active","675000","675000","675000","","","","","","2026-07-29 17:23:46","3","3","825","","2","2","0","11 NE 6th St #809, MIAMI FL 33132","Crosby","Daily Rentals Allowed, Ok To Lease, Okay To Lease 1st Year","Furnished","Vacant","1","False","False","All Cash, Conventional","Crosby","33132","2025","1149","","False","34","8","","809","","Bbq/Picnic Area, Billiard Room, Business Center, Cabana, Clubhouse-Clubroom, Exercise Room, Heated Pool, Kitchen Facilities, Private Pool, Sauna, Spa/Hot Tub, Trash Chute","0","False","As Is","Condo","Condo/Co-Op/Villa/Townhouse","Skyline View","1 Space, Valet Parking",""
"A12057137","Southeast Florida Regional","Active","675000","675000","675000","","","","","","2026-07-21 09:41:35","53","10","490","","0","1","","20 NE 11TH ST #3705, MIAMI FL 33132","E11even hotel and Residen","No Restrictions","","Vacant","1","False","False","All Cash","E11even hotel and Residen","33132","2025","882","","False","65","37","","3705","","Bar, Billiard Room, Elevator, Pool, Spa/Hot Tub","12400","False","Disclosure, Documents Available","Condo","Condo/Co-Op/Villa/Townhouse","Intracoastal View, Skyline View","1 Space, Valet Parking",""
"A12052682","Southeast Florida Regional","Active","675000","675000","675000","","","","","","2026-07-15 08:01:59","16","16","1123","","2","2","0","55 SE 6th St #3802, MIAMI FL 33131","500 Brickell","No Daily Rentals","Unfurnished","Owner Occupied","1","False","False","All Cash, Conventional","500 Brickell","33131","2008","1464","","False","43","38","","3802","","Bike Storage, Business Center, Clubhouse-Clubroom, Elevator, Exercise Room, Pool, Sauna, Spa/Hot Tub, Trash Chute","8365","False","As Is","Condo","Condo/Co-Op/Villa/Townhouse","Bay, River, Skyline View","1 Space, Assigned Parking, Electric Vehicle Charging Station",""
"A12054945","Southeast Florida Regional","Active","670000","670000","670000","","","","","","2026-07-16 14:37:07","433","15","1700","","3","2","0","21205 Yacht Club Dr #701, AVENTUR FL 33180","The Point","Ok To Lease","","Call Listing Agent","180","False","False","Conventional","The Point","33180","1997","2011","2011","True","29","7","","701","Intersecting Canals, Other Waterfront","Bar, Bbq/Picnic Area, Child Play Area, Elevator, Exercise Room, Exterior Lighting, Pool, Sauna, Spa/Hot Tub, Tennis","8840","True","As Is","Condo","Condo/Co-Op/Villa/Townhouse","Garden View, Pool Area View, Water View","1 Space",""
"A12051286","Southeast Florida Regional","Active","670000","670000","670000","","","","","","2026-07-09 22:36:02","384","22","1331","","2","2","0","100 Bayview Dr #2014, SUNNYISL FL 33160","Arlen House East","Min.Down Payment Req.","Furnished","Tenant Occupied","260","False","False","All Cash, Conventional, Va","Arlen House East","33160","1975","1452","","True","22","20","","2014","Ocean Front","Exercise Room, Other Amenities, Pool, Sauna, Spa/Hot Tub","6665","True","Foreign Seller","Condo","Condo/Co-Op/Villa/Townhouse","Ocean View, Direct Ocean, Water View","1 Space, Assigned Parking, Covered Parking",""
"A12052479","Southeast Florida Regional","Active","670000","670000","670000","","","","","","2026-07-13 10:40:24","524","18","1805","","2","2","0","6423 Collins Ave #809, MIAMIBCH FL 33141","MAR DEL PLATA CONDO","Auto Parking On","","Call Listing Agent","120","False","False","All Cash, Conventional","MAR DEL PLATA CONDO","33141","1976","1784","","True","18","8","","809","Ocean Front","Elevator, Exercise Room, Pool, Sauna, Trash Chute","11256","True","As Is, None","Condo","Condo/Co-Op/Villa/Townhouse","Ocean View","1 Space, Assigned Parking, Covered Parking, Valet Parking",""
"A12048995","Southeast Florida Regional","Active","670","670000","670000","","","","","","2026-07-13 14:06:31","25","25","1218","","2","2","0","600 NE 36th St #2018, MIAMI FL 33137","Charter Club  Condo","No Daily Rentals, Ok To Lease, Okay To Lease 1st Year","","Tenant Occupied","90","False","False","All Cash, Conventional, FHA","Charter Club  Condo","33137","1973","2190","","True","23","20","","2018","Bay Front","Bbq/Picnic Area, Cabana, Clubhouse-Clubroom, Elevator, Exercise Room, Exterior Lighting, Pool, Sauna, Spa/Hot Tub, Tennis","9552","True","As Is","Condo","Condo/Co-Op/Villa/Townhouse","Bay","1 Space",""
"A12048416","Southeast Florida Regional","Active","670000","670000","670000","","","","","","2026-07-09 08:12:14","23","23","930","","1","1","1","5601 Collins Ave #722, MIAMIBCH FL 33140","THE PAVILION CONDO","Corporate Buyer OK, Ok To Lease, Okay To Lease 1st Year","","Call Listing Agent","7","False","False","All Cash, Conventional","THE PAVILION CONDO","33140","1968","1167","","True","18","7","","722","Ocean Access, Ocean Front","Clubhouse-Clubroom, Common Laundry, Exercise Room, Other Amenities, Pool, Trash Chute","6894","True","As Is","Condo","Condo/Co-Op/Villa/Townhouse","Intracoastal View, Skyline View","1 Space, Assigned Parking, Valet Parking",""
"A12048414","Southeast Florida Regional","Active","670000","670000","670000","","","","","","2026-07-09 08:52:29","22","22","930","","1","1","1","5601 Collins Ave #823, MIAMIBCH FL 33140","THE PAVILION CONDO","Corporate Buyer OK, Ok To Lease, Okay To Lease 1st Year","","Call Listing Agent","7","False","False","All Cash, Conventional","THE PAVILION CONDO","33140","1968","1171","","True","18","8","","823","Ocean Access, Ocean Front","Clubhouse-Clubroom, Common Laundry, Elevator, Exercise Room, Other Amenities, Pool, Trash Chute","7254","True","As Is","Condo","Condo/Co-Op/Villa/Townhouse","Intracoastal View, Skyline View","1 Space, Covered Parking, Valet Parking",""
"A12062306","Southeast Florida Regional","Active","670000","670000","670000","","","","","","2026-07-31 14:45:09","78","1","1110","","2","2","0","31 SE 5 #3002, MIAMI FL 33131","Brickell on the River N","Ok To Lease","","Vacant","181","False","False","All Cash, Conventional","Brickell on the River N","33131","2006","1276","","True","43","30","","3002","River Front","Exercise Room, Sauna","9474","False","As Is","Condo","Condo/Co-Op/Villa/Townhouse","Bay, River, Skyline View","1 Space",""
"A12050445","Southeast Florida Regional","Active","670000","670000","670000","","","","","","2026-07-08 17:55:46","23","23","1114","","2","2","0","90 SW 3rd St #3703, MIAMI FL 33130","IVY CONDO","Ok To Lease, Okay To Lease 1st Year","","Vacant","180","False","False","All Cash, Conventional, Lease Option, Va","IVY CONDO","33130","2008","1300","","True","45","37","","3703","River Front","Business Center, Clubhouse-Clubroom, Elevator, Exercise Room, Heated Pool, Sauna","8568","False","As Is","Condo","Condo/Co-Op/Villa/Townhouse","Other View, River","1 Space, Additional Spaces Available, Assigned Parking, Valet Parking",""
"A12047542","Southeast Florida Regional","Active","669000","669000","669000","","","","","","2026-07-03 01:24:54","176","28","1320","","2","2","0","5701 Collins Ave #1415, MIAMIBCH FL 33140","ARLEN BEACH CONDO","Corporate Buyer OK, No Daily Rentals, Okay To Lease 1st Year","","Tenant Occupied","365","False","False","All Cash, Conventional","ARLEN BEACH CONDO","33140","1969","1822","","True","18","14","","1415","Ocean Front","Bbq/Picnic Area, Billiard Room, Business Center, Clubhouse-Clubroom, Common Laundry, Elevator, Exercise Room, Library, Pool, Sauna, Trash Chute","11193","False","As Is","Condo","Condo/Co-Op/Villa/Townhouse","Intracoastal View, Other View","Assigned Parking, Covered Parking, Valet Parking",""
"A12048933","Southeast Florida Regional","Active","665000","665000","665000","","","","","","2026-07-06 16:01:43","25","25","1357","Entry Level","2","2","0","100 Bayview Dr #1208, SUNNYISL FL 33160","Arlen House East","Corporate Buyer OK, Ok To Lease, Okay To Lease 1st Year","Unfurnished","Tenant Occupied","30","False","False","All Cash, Conventional","Arlen House East","33160","1975","1153","1153","True","22","12","","1208","Bay Front","Bike Storage, Common Laundry, Community Room, Elevator, Exercise Room, Extra Storage, Heated Pool, Marina, Pool, Sauna, Tennis, Trash Chute","6434","True","As Is, Corporation Owned Property, Documents Available","Condo","Condo/Co-Op/Villa/Townhouse","Direct Ocean","1 Space, Assigned Parking, Covered Parking",""
"A12058569","Southeast Florida Regional","Active","665000","665000","665000","","","","","","2026-07-23 10:42:07","8","8","921","","2","2","0","1100 S Miami Ave #2904, MIAMI FL 33130","Millecento","No Daily Rentals","Unfurnished","Tenant Occupied","90","False","False","All Cash, Conventional, FHA, Lease Purchase","Millecento","33130","2015","897","","True","47","29","","2904","Ocean Front, Other Waterfront","Bike Storage, Billiard Room, Business Center, Child Play Area, Elevator, Exercise Room, Extra Storage, Heated Pool, Library, Sauna, Trash Chute","9716","False","As Is","Condo, Homeowners","Condo/Co-Op/Villa/Townhouse","Ocean View","1 Space, Assigned Parking",""
"A12054781","Southeast Florida Regional","Active","661000","661000","661000","","","","","","2026-07-16 16:03:31","15","15","545","","1","2","1","121 NE 5th St #3710, MIAMI FL 33132","501 First Residences","No Restrictions","","Call Listing Agent","0","False","False","All Cash","501 First Residences","33132","2025","567","","False","40","37","","3710","","Bike Storage, Business Center, Clubhouse-Clubroom, Elevator, Extra Storage, Spa/Hot Tub","0","False","As Is","Condo","Condo/Co-Op/Villa/Townhouse","Other View, Skyline View, Water View","Other Parking",""
"A12059521","Southeast Florida Regional","Active","660000","660000","660000","","","","","","2026-07-24 15:49:52","7","7","1400","","3","2","0","625 Biltmore Way #501, CORALGBL FL 33134","GABLES PLAZA CONDO","No Trucks/Rv'S","","Vacant","0","False","False","All Cash, Conventional","GABLES PLAZA CONDO","33134","1969","1922","","False","14","5","","501","","Pool","5648","False","As Is","Condo","Condo/Co-Op/Villa/Townhouse","Other View","1 Space, Covered Parking, Guest Parking, Street Parking",""
"A12051439","Southeast Florida Regional","Active","659000","659000","659000","","","","","","2026-07-10 11:22:18","364","21","1353","","3","2","0","17150 N Bay Rd #2814, SUNNYISL FL 33160","Porto Bellagio","Corporate Buyer OK, Ok To Lease, Okay To Lease 1st Year","Unfurnished","Tenant Occupied","120","False","False","All Cash, Conventional, Cryptocurrency","Porto Bellagio","33160","2003","1235","","True","9","8","","2814","Canal Front","Child Play Area, Elevator, Exercise Room, Heated Pool, Other Amenities, Pool","8571","False","None","Condo","Condo/Co-Op/Villa/Townhouse","Bay, Canal, Water View","2 Or More Spaces",""
"A12052893","Southeast Florida Regional","Active","659000","659000","659000","","","","","","2026-07-13 16:35:12","655","18","1220","","1","2","0","888 Biscayne Blvd #509, MIAMI FL 33132","MARINABLUE CONDO","Corporate Buyer OK, Ok To Lease, Okay To Lease 1st Year","","Tenant Occupied","90","False","False","All Cash, Conventional","MARINABLUE CONDO","33132","2008","1312","","False","57","5","","509","","Bbq/Picnic Area, Clubhouse-Clubroom, Community Room, Elevator, Exercise Room, Heated Pool, Other Amenities","9914","False","As Is","Condo","Condo/Co-Op/Villa/Townhouse","Bay, Ocean View, Skyline View","1 Space, Assigned Parking, Covered Parking",""
"A12052880","Southeast Florida Regional","Active","659000","659000","659000","","","","","","2026-07-13 16:23:08","655","18","1220","","1","2","0","888 Biscayne Blvd #309, MIAMI FL 33132","MARINABLUE CONDO","Corporate Buyer OK, Ok To Lease, Okay To Lease 1st Year","","Tenant Occupied","90","False","False","All Cash, Conventional","MARINABLUE CONDO","33132","2008","1312","","False","57","3","","309","","Business Center, Community Room, Elevator, Exercise Room, Heated Pool","9720","False","As Is","Condo","Condo/Co-Op/Villa/Townhouse","Bay, Ocean View, Skyline View","1 Space, Assigned Parking, Covered Parking",""
"A12057503","Southeast Florida Regional","Active","659000","659000","659000","","","","","","2026-07-23 18:26:17","8","8","679","","1","2","0","2889 Mcfarlane Rd #912, MIAMI FL 33133","Hotel Arya","Daily Rentals Allowed","","Tenant Occupied","1","False","False","All Cash","Hotel Arya","33133","2001","4052","","False","21","9","","912","","Business Center, Common Laundry, Elevator, Exercise Room, Heated Pool, Sauna, Spa/Hot Tub, Trash Chute","8282","","As Is","Homeowners","Condo/Co-Op/Villa/Townhouse","Bay, Garden View","1 Space, Additional Spaces Available",""
"A12049623","Southeast Florida Regional","Active","659000","659000","659000","","","","","","2026-07-07 15:42:53","24","24","597","","1","2","0","121 NE 5th St #3703, MIAMI FL 33132","501 First Residences","Other Restrictions","","Call Listing Agent","0","False","False","All Cash, Conventional, FHA, Other Terms","501 First Residences","33132","2025","892","","False","40","37","","3703","","Bbq/Picnic Area, Business Center, Clubhouse-Clubroom, Community Room, Exercise Room, Other Amenities, Pool","0","False","Other Special Info","Condo","Condo/Co-Op/Villa/Townhouse","Other View","Other Parking, Valet Parking",""
"A12052686","Southeast Florida Regional","Active","650000","650000","650000","","","","","","2026-07-13 14:04:14","18","18","859","","1","2","0","2960 NE 207th St #811, AVENTUR FL 33180","Aventura Parksquare","No Daily Rentals, Ok To Lease","","Vacant","90","False","False","All Cash, Conventional","Aventura Parksquare","33180","2018","1004","","False","12","8","","811","","Bbq/Picnic Area, Business Center, Community Room, Elevator, Exercise Room, Heated Pool, Kitchen Facilities, Other Amenities, Pool, Sauna, Spa/Hot Tub","7762","False","Title Insurance Policy Available","Condo","Condo/Co-Op/Villa/Townhouse","Other View","Additional Spaces Available, Assigned Parking, Covered Parking",""
"A12061284","Southeast Florida Regional","Active","650000","650000","650000","","","","","","2026-07-29 10:18:01","551","3","1122","","2","2","0","16385 Biscayne Blvd #2904, NMIAMIBC FL 33160","THE HARBOUR NORTH CONDO","No Daily Rentals, Ok To Lease, Okay To Lease 1st Year","","Vacant","180","False","False","All Cash, Conventional","THE HARBOUR NORTH CONDO","33160","2018","1251","","True","31","29","","2904","Lake Access, Navigable, Ocean Access","Basketball Courts, Bbq/Picnic Area, Child Play Area, Elevator, Exercise Room, Heated Pool, Library, Pool, Sauna, Spa/Hot Tub, Tennis, Trash Chute","11468","False","As Is","Condo","Condo/Co-Op/Villa/Townhouse","Bay, Canal, Intracoastal View","1 Space, Assigned Parking, Guest Parking, Valet Parking",""
"A12061254","Southeast Florida Regional","Active","650000","650000","650000","","","","","","2026-07-31 12:06:29","3","3","1650","","2","3","0","3340 NE 190th St #1304, AVENTUR FL 33180","Aventura Marina","Corporate Buyer OK, No Daily Rentals, No Trucks/Rv'S, Okay To Lease 1st Year","Unfurnished","Vacant","180","False","False","All Cash, Conventional, FHA","Aventura Marina","33180","2005","1705","","True","32","13","","1304","Bay Front, Ocean Access","Bbq/Picnic Area, Bike Storage, Child Play Area, Clubhouse-Clubroom, Community Room, Elevator, Exercise Room, Exterior Lighting, Fishing Pier, Marina, Trash Chute","8742","False","Corporation Owned Property, Foreign Seller","Condo","Condo/Co-Op/Villa/Townhouse","Bay, Intracoastal View, Ocean View","Additional Spaces Available",""
"A12055038","Southeast Florida Regional","Active","650000","650000","650000","","","","","","2026-07-29 13:45:56","15","15","1361","","2","2","0","3530 Mystic Pointe Dr #1606, AVENTUR FL 33180","MYSTIC POINTE TOWER 500 C","Ok To Lease","","Vacant","365","False","False","All Cash, Conventional","MYSTIC POINTE TOWER 500 C","33180","1991","585","1423","True","16","33","","1606","Intracoastal Front, Ocean Front","Bike Storage, Billiard Room, Child Play Area, Exercise Room, Library, Pickleball, Sauna, Spa/Hot Tub, Tennis","3276","False","As Is","Condo","Condo/Co-Op/Villa/Townhouse","Bay","1 Space, Assigned Parking",""
"A12063234","Southeast Florida Regional","Active","650000","650000","650000","","","","","","2026-07-31 13:52:39","0","0","1185","","1","2","0","851 NE 1st Ave #3510, MIAMI FL 33132","Paramount Miami","Ok To Lease","","Tenant Occupied","0","False","False","All Cash, Conventional, FHA, Other Terms","Paramount Miami","33132","2019","2089","","False","58","35","","3510","","Bbq/Picnic Area, Billiard Room, Business Center, Cabana, Child Play Area, Clubhouse-Clubroom, Exercise Room, Handball/Basketball, Pool, Spa/Hot Tub, Trash Chute","13847","False","None","Homeowners","Condo/Co-Op/Villa/Townhouse","Other View","1 Space",""
"A12061318","Southeast Florida Regional","Active","650000","650000","650000","","","","","","2026-07-28 19:37:59","47","3","1550","","2","2","0","5401 Collins Ave #334, MIAMIBCH FL 33140","THE CARRIAGE HOUSE CONDO","Okay To Lease 1st Year","","Call Listing Agent","180","True","False","Conventional","THE CARRIAGE HOUSE CONDO","33140","1967","1750","","True","17","3","","334","Ocean Front","Basketball Courts, Boat Dock, Cabana, Elevator, Exercise Room, Handball/Basketball, Pool, Tennis, Trash Chute","8191","False","As Is","Condo","Condo/Co-Op/Villa/Townhouse","Direct Ocean, Water View","1 Space",""
"A12058316","Southeast Florida Regional","Active","650000","650000","650000","","","","","","2026-07-22 16:48:18","9","9","1218","","2","2","0","600 NE 36th St #T1, MIAMI FL 33137","CHARTER CLUB CONDO","Ok To Lease","Part Furn","Tenant Occupied","365","False","False","All Cash, Conventional","CHARTER CLUB CONDO","33137","1973","1027","","True","22","21","","T1","Bay Front","Clubhouse-Clubroom, Exercise Room, Other Amenities, Pool, Trash Chute","7978","False","As Is","Condo","Condo/Co-Op/Villa/Townhouse","Bay","1 Space, Additional Spaces Available, Guest Parking",""
"A12055966","Southeast Florida Regional","Active","650000","650000","650000","","","","","","2026-07-20 13:27:07","11","11","442","","0","1","0","398 NE 5th St #2007, MIAMI FL 33132","The Elser","Daily Rentals Allowed, Ok To Lease, See Broker Remarks","","Call Listing Agent","1","False","False","All Cash, Conventional","The Elser","33132","2022","600","","False","49","20","","2007","","Bar, Bbq/Picnic Area, Business Center, Child Play Area, Clubhouse-Clubroom, Elevator, Exercise Room, Heated Pool, Pool, Private Beach Pavilion, Sauna, Spa/Hot Tub","9430","False","As Is","Condo","Condo/Co-Op/Villa/Townhouse","Bay","Valet Parking",""
"A12051711","Southeast Florida Regional","Active","650000","650000","650000","","","","","","2026-07-24 14:56:08","7","7","1190","","2","2","0","5600 Collins Ave #7J, MIAMIBCH FL 33140","5600 Condominium","Ok To Lease","Unfurnished","Vacant","30","False","False","All Cash, Conventional","5600 Condominium","33140","1967","1422","","True","18","7","","7J","Bay Front, Canal Front, Intracoastal Front","Bike Storage, Billiard Room, Boat Dock, Clubhouse-Clubroom, Elevator, Exercise Room, Heated Pool, Marina, Pool","8660","True","As Is","Condo","Condo/Co-Op/Villa/Townhouse","Bay, Intracoastal View, Skyline View","1 Space, Assigned Parking, Valet Parking",""
"A12059589","Southeast Florida Regional","Active","650000","650000","650000","","","","","","2026-07-30 15:22:41","1","1","806","","1","1","0","500 Brickell Ave #1100, MIAMI FL 33131","500 BRICKELL EAST CONDO","Ok To Lease","","Call Listing Agent","181","False","False","All Cash, Conventional","500 BRICKELL EAST CONDO","33131","2008","1030","","False","42","11","","1100","","Business Center, Exercise Room, Other Amenities, Pool, Sauna, Spa/Hot Tub","6914","False","As Is","Condo","Condo/Co-Op/Villa/Townhouse","Bay, Water View","1 Space, Assigned Parking, Valet Parking",""
"A12051982","Southeast Florida Regional","Active","650000","650000","650000","","","","","","2026-07-11 12:32:03","20","20","1099","","2","2","0","92 SW 3rd St #5012, MIAMI FL 33130","Mint Condo","Corporate Buyer OK, No Daily Rentals, Ok To Lease","","Tenant Occupied","365","False","False","All Cash, Conventional","Mint Condo","33130","2010","1265","","True","52","50","","5012","River Front","Child Play Area, Exercise Room, Pool, Sauna","10485","False","As Is","Condo, Homeowners","Condo/Co-Op/Villa/Townhouse","Skyline View, Water View","1 Space, Assigned Parking, Covered Parking",""
"A12050511","Southeast Florida Regional","Active","650000","650000","650000","","","","","","2026-07-08 18:08:20","23","23","935","","2","2","0","350 S Miami Ave #2314, MIAMI FL 33130","Wind by Neo","Corporate Buyer OK, No Daily Rentals, Okay To Lease 1st Year","","Tenant Occupied","180","False","False","All Cash, Conventional, Exchange, No Terms","Wind by Neo","33130","2008","1068","","True","41","23","","2314","Canal Front, River Front","Bike/Jog Path, Boat Dock, Business Center, Clubhouse-Clubroom, Elevator, Exercise Room, Exterior Lighting, Hobby Room, Pickleball, Pool, Sauna, Spa/Hot Tub, Trash Chute","8326","False","As Is, Completely Renovated","Condo","Condo/Co-Op/Villa/Townhouse","Canal","1 Space, Additional Spaces Available, Valet Parking",""
"A12050198","Southeast Florida Regional","Active","650000","650000","650000","","","","","","2026-07-11 13:14:35","20","20","910","","2","2","0","1100 S Miami Ave #3707, MIAMI FL 33130","Millcento","Ok To Lease","","Vacant","30","False","False","All Cash, Conventional, FHA, Va","Millcento","33130","2015","912","","False","43","3707","","3707","","Billiard Room, Business Center, Elevator, Exercise Room","10374","False","None, Restriction On Pets","Condo","Condo/Co-Op/Villa/Townhouse","Other View, Skyline View","1 Space, Assigned Parking, Covered Parking",""
"A12047899","Southeast Florida Regional","Active","650000","650000","650000","","","","","","2026-07-03 15:20:50","379","28","891","","1","1","1","300 S Biscayne Blvd #L-814, MIAMI FL 33131","MET 1 Condo","Ok To Lease, Okay To Lease 1st Year","Furnished","Vacant","30","False","False","All Cash, Cryptocurrency, FHA, Lease Purchase","MET 1 Condo","33131","2008","1313","","True","40","8","","L-814","Bay Front, Ocean Front, Other Waterfront, River Front","Bike Storage, Billiard Room, Business Center, Child Play Area, Exercise Room, Heated Pool, Kitchen Facilities","8285","False","As Is","Condo","Condo/Co-Op/Villa/Townhouse","Bay, Ocean View, Direct Ocean, Skyline View, Water View","1 Space, Covered Parking",""
"A12063171","Southeast Florida Regional","Active","649000","649000","649000","","","","","","2026-07-31 12:51:53","364","0","1320","","2","2","0","19900 E Country Club Dr #TS16, AVENTUR FL 33180","Turnberry Village","No Daily Rentals, No Trucks/Rv'S, Ok To Lease","Unfurnished","Owner Occupied","180","False","False","All Cash, Conventional","Turnberry Village","33180","2007","1632","1632","False","14","14","","TS16","Lake Front","Bbq/Picnic Area, Bike Storage, Billiard Room, Business Center, Clubhouse-Clubroom, Community Room, Elevator, Exercise Room, Library, Pool, Sauna, Spa/Hot Tub, Vehicle Wash Area","4495","False","As Is","Condo, Homeowners","Condo/Co-Op/Villa/Townhouse","Lake, Water View","2 Or More Spaces, Assigned Parking, Covered Parking, Electric Vehicle Charging Station, Valet Parking",""
"A12055538","Southeast Florida Regional","Active","649000","649000","649000","","","","","","2026-07-17 14:41:01","16","16","1119","","2","2","0","16385 Biscayne Blvd #1103, NMIAMIBC FL 33160","THE HARBOUR","Exterior Alterations, No Daily Rentals, No Trucks/Rv'S, Ok To Lease","Unfurnished","Vacant","180","False","False","All Cash, Conventional","THE HARBOUR","33160","2018","1303","","True","33","11","","1103","Bay Front","Basketball Courts, Bbq/Picnic Area, Bike Storage, Billiard Room, Business Center, Cabana, Child Play Area, Clubhouse-Clubroom, Elevator, Exercise Room, Pool, Private Beach Pavilion, Sauna, Tennis","9944","False","As Is","Condo","Condo/Co-Op/Villa/Townhouse","Bay","1 Space, Assigned Parking, Covered Parking, Valet Parking",""
"A12059796","Southeast Florida Regional","Active","649000","649000","649000","","","","","","2026-07-25 14:13:52","6","6","682","","1","1","1","1300 S Miami Ave #UPH5, MIAMI FL 33130","1300 S Miami Ave","Ok To Lease, Okay To Lease 1st Year","","Owner Occupied","30","False","False","All Cash, Conventional","1300 S Miami Ave","33130","2016","975","","False","53","53","","UPH5","","Business Center, Cabana, Clubhouse-Clubroom, Community Room, Exercise Room, Pool, Private Pool, Sauna, Spa/Hot Tub, Trash Chute","8971","","As Is","Homeowners","Condo/Co-Op/Villa/Townhouse","Ocean View, Skyline View, Water View","2 Or More Spaces, Assigned Parking, Covered Parking",""
"A12056931","Southeast Florida Regional","Active","649000","649000","649000","","","","","","2026-07-20 19:04:01","11","11","","","1","1","","1611 SW 2nd avenue #604, MIAMI FL 33129","Domus Flats","No Restrictions, Ok To Lease","","Call Listing Agent","1","False","False","All Cash, Conventional","Domus Flats","33129","2025","590","","False","171","6","","604","","Bar, Elevator, Exercise Room, Other Amenities","0","False","As Is","Condo","Condo/Co-Op/Villa/Townhouse","Other View","1 Space",""
"A12050301","Southeast Florida Regional","Active","645900","645900","645900","","","","","","2026-07-15 10:34:45","16","16","430","","1","1","","152 SW 9th Street #2005, MIAMI FL 33130","House of Wellness","Other Restrictions","","Call Listing Agent","15","False","False","All Cash, Conventional","House of Wellness","33130","2029","0","","False","34","20","","2005","","Bar, Clubhouse-Clubroom, Exercise Room, Other Amenities, Pool, Sauna","0","False","Other Special Info","Condo","Condo/Co-Op/Villa/Townhouse","Other View","Other Parking",""
"A12048761","Southeast Florida Regional","Active","645000","645000","645000","","","","","","2026-07-06 13:59:43","25","25","744","","1","1","0","3900 Biscayne Blvd #S-1118, MIAMI FL 33137","QUADRO CONDO","Ok To Lease","Unfurnished","Vacant","365","False","False","All Cash, Conventional","QUADRO CONDO","33137","2019","1239","","True","18","11","","S-1118","Intracoastal Front","Other Amenities","0","False","As Is","Condo","Condo/Co-Op/Villa/Townhouse","Intracoastal View, Other View, Water View","1 Space, Valet Parking",""
"A12061833","Southeast Florida Regional","Active","640000","640000","640000","","","","","","2026-07-29 12:58:25","2","2","1544","","2","3","0","19400 Turnberry Way #1831, AVENTUR FL 33180","THE PARC AT TURNBERRY","Other Restrictions","Unfurnished","Call Listing Agent","90","False","False","All Cash, Conventional","THE PARC AT TURNBERRY","33180","2005","1740","","True","22","18","","1831","Intracoastal Front","Other Amenities","8694","False","As Is","Condo","Condo/Co-Op/Villa/Townhouse","Intracoastal View, Ocean View","1 Space",""
"A12056205","Southeast Florida Regional","Active","640000","640000","640000","","","","","","2026-07-20 13:10:57","297","11","1432","","2","2","1","3131 NE 188th St #2-705, AVENTUR FL 33180","THE ATRIUM","No Restrictions","Unfurnished","Owner Occupied","180","False","False","All Cash, Conventional","THE ATRIUM","33180","2007","1379","","True","12","7","","2-705","Canal Front","Bbq/Picnic Area, Boat Dock, Clubhouse-Clubroom, Exercise Room, Marina, Pool","8252","False","As Is","Condo","Condo/Co-Op/Villa/Townhouse","Canal, Pool Area View, Skyline View","1 Space, Assigned Parking, Deeded Parking",""
"A12054376","Southeast Florida Regional","Active","640000","640000","640000","","","","","","2026-07-15 16:07:42","18","18","479","","0","1","","90 NE 32nd Ave. #PH17, MIAMI FL 33137","THE STANDARD MIDTOWN","Ok To Lease","Unfurnished","Vacant","30","False","False","All Cash, Conventional","THE STANDARD MIDTOWN","33137","2026","647","","False","12","11","","PH17","","Billiard Room, Business Center, Clubhouse-Clubroom, Elevator, Exercise Room, Heated Pool, Pickleball, Pool, Sauna, Spa/Hot Tub, Trash Chute","0","False","As Is","Condo","Condo/Co-Op/Villa/Townhouse","None","1 Space, Valet Parking",""
"A12056607","Southeast Florida Regional","Active","640000","640000","640000","","","","","","2026-07-23 12:40:18","8","8","1400","","2","2","0","625 Biltmore Way #1201, CORALGBL FL 33134","GABLES PLAZA CONDO","Exterior Alterations","","Call Listing Agent","365","False","False","All Cash, Conventional","GABLES PLAZA CONDO","33134","1969","1828","","False","12","12","","1201","","Elevator, Exterior Lighting, Pool","8829","False","As Is","Condo","Condo/Co-Op/Villa/Townhouse","Other View","2 Or More Spaces, Covered Parking",""
"A12053170","Southeast Florida Regional","Active","640000","640000","640000","","","","","","2026-07-14 06:45:45","81","17","1389","","2","2","1","92 SW 3rd St #2510, MIAMI FL 33130","MINT CONDOMINIUM","Ok To Lease","","Call Listing Agent","180","False","False","All Cash, Conventional","MINT CONDOMINIUM","33130","2010","1500","","False","56","25","","2510","","Billiard Room, Exercise Room, Heated Pool, Sauna","10172","False","None","Condo","Condo/Co-Op/Villa/Townhouse","River, Skyline View","1 Space, Assigned Parking, Covered Parking",""
"A12058676","Southeast Florida Regional","Active","640000","640000","640000","","","","","","2026-07-24 18:09:08","90","8","1105","","2","2","0","325 S Biscayne Blvd #3314, MIAMI FL 33131","ONE MIAMI WEST CONDO","Other Restrictions","Part Furn","Call Listing Agent","365","False","False","All Cash, Conventional","ONE MIAMI WEST CONDO","33131","2005","1142","","True","45","33","","3314","Bay Front","Other Amenities","9462","True","As Is","Condo","Condo/Co-Op/Villa/Townhouse","Bay, Other View","1 Space",""
"A12050282","Southeast Florida Regional","Active","639900","639900","639900","","","","","","2026-07-13 14:38:20","18","18","505","","1","1","","152 SW 9th st #810, MIAMI FL 33130","House Of Wellness","Other Restrictions","","Call Listing Agent","30","False","False","All Cash, Conventional","House Of Wellness","33130","2029","0","","False","34","8","","810","","Bar, Clubhouse-Clubroom, Exercise Room, Other Amenities, Pool, Sauna","0","False","As Is","Condo","Condo/Co-Op/Villa/Townhouse","Other View","Other Parking",""
"A12049319","Southeast Florida Regional","Active","635900","635900","635900","","","","","","2026-07-18 11:05:52","24","24","1320","","3","2","0","19555 E Country Club Dr #8602, AVENTUR FL 33180","THE YACHT CLUB AT AVENTUR","Auto Parking On, Ok To Lease, See Broker Remarks","","Tenant Occupied","7","False","False","All Cash, Conventional","THE YACHT CLUB AT AVENTUR","33180","1994","874","","True","6","6","","8602","Other Waterfront","Business Center, Child Play Area, Clubhouse-Clubroom, Elevator, Exercise Room, Exterior Lighting, Pickleball, Pool, Spa/Hot Tub, Tennis, Trash Chute","7925","","As Is","Homeowners","Condo/Co-Op/Villa/Townhouse","Garden View, Intracoastal View","1 Space, Additional Spaces Available, Detached",""
"A12060747","Southeast Florida Regional","Active","634900","634900","634900","","","","","","2026-07-27 17:40:22","4","4","557","Entry Level","1","1","","1715 Douglas Rd #305, CORALGBL FL 33134","17Gables Condo","Other Restrictions","","Call Listing Agent","365","False","False","All Cash","17Gables Condo","33134","2028","839","","False","8","2","","305","","Other Amenities","0","False","As Is","Condo","Condo/Co-Op/Villa/Townhouse","Skyline View","1 Space",""
"A12050010","Southeast Florida Regional","Active","630000","630000","630000","","","","","","2026-07-08 14:37:53","208","23","949","","2","2","0","4301 Collins Ave #403, MIAMIBCH FL 33140","vendome palace condo","Ok To Lease","","Call Listing Agent","180","False","False","All Cash, Conventional","vendome palace condo","33140","1981","1612","","True","10","4","","403","Ocean Access, Ocean Front","Child Play Area, Exercise Room, Pool, Sauna, Trash Chute","7419","False","Other Special Info","Condo","Condo/Co-Op/Villa/Townhouse","Ocean View, Skyline View, Water View","1 Space, Assigned Parking, Covered Parking",""
"A12050319","Southeast Florida Regional","Active","630000","630000","630000","","","","","","2026-07-08 17:21:31","385","23","1274","","2","2","1","90 SW 3rd St #2113, MIAMI FL 33130","IVY CONDO","Other Restrictions","Unfurnished","Call Listing Agent","365","False","False","All Cash, Conventional","IVY CONDO","33130","2008","1495","","True","46","21","","2113","Canal Front, River Front","Exercise Room","9546","True","As Is","Condo","Condo/Co-Op/Villa/Townhouse","Other View","1 Space",""
"A12058692","Southeast Florida Regional","Active","629000","629000","629000","","","","","","2026-07-23 12:23:42","68","8","1197","","2","2","0","500 Brickell Ave #1407, MIAMI FL 33131","500 BRICKELL","Corporate Buyer OK, No Daily Rentals, See Broker Remarks","Unfurnished","Vacant","30","False","False","All Cash, Conventional","500 BRICKELL","33131","2008","1522","","True","42","14","","1407","Canal Front, Ocean Front, River Front","Bike Storage, Community Room, Elevator, Exercise Room, Pool, Sauna, Spa/Hot Tub, Trash Chute","9555","False","As Is","Condo, Homeowners","Condo/Co-Op/Villa/Townhouse","Bay, Ocean View, River","1 Space",""
"A12055893","Southeast Florida Regional","Active","629000","629000","629000","","","","","","2026-07-18 07:13:07","13","13","2385","","3","3","1","14951 Royal Oaks Ln #409, NMIAMI FL 33181","151 at Biscayne","Corporate Buyer OK, Ok To Lease","Furnished","Owner Occupied","365","False","False","All Cash, Conventional","151 at Biscayne","33181","2007","1950","0","False","26","4","","409","","Bike Storage, Elevator, Heated Pool, Other Amenities, Pool, Tennis","9559","False","As Is","Condo","Condo/Co-Op/Villa/Townhouse","Garden View, Intracoastal View, Skyline View, Tennis Court View","1 Space, 2 Or More Spaces, Assigned Parking, Covered Parking, Guest Parking, Other Parking, Valet Parking",""
"A12062757","Southeast Florida Regional","Active","629000","629000","629000","","","","","","2026-07-30 16:57:14","878","1","944","Entry Level","2","2","0","501 NE 31st St #2109, MIAMI FL 33137","PARAISO BAYVIEWS","Corporate Buyer OK, No Daily Rentals, Okay To Lease 1st Year","Furnished","Tenant Occupied","30","False","False","All Cash, Conventional","PARAISO BAYVIEWS","33137","2018","1310","1310","False","46","21","","2109","","Bbq/Picnic Area, Billiard Room, Cabana, Child Play Area, Community Room, Elevator, Exercise Room, Heated Pool, Other Amenities, Pool, Sauna, Spa/Hot Tub, Tennis","10442","False","As Is","Condo","Condo/Co-Op/Villa/Townhouse","Other View, Skyline View","1 Space, Valet Parking",""
"A12058137","Southeast Florida Regional","Active","626000","626000","626000","","","","","","2026-07-22 16:00:45","9","9","1521","","2","2","0","100 Bayview Dr #317, SUNNYISL FL 33160","Arlen House East Condo","No Trucks/Rv'S","Unfurnished","Vacant","181","False","False","All Cash, Conventional","Arlen House East Condo","33160","2026","1227","","False","20","3","","317","Intracoastal Front","Billiard Room, Common Laundry, Pool, Sauna, Spa/Hot Tub","4326","True","As Is","Condo, Homeowners","Condo/Co-Op/Villa/Townhouse","Garden View","2 Or More Spaces, Assigned Parking, Covered Parking",""
"A12061683","Southeast Florida Regional","Active","626000","626000","626000","","","","","","2026-07-29 09:58:52","101","2","699","","1","1","0","1300 S MIAMI AVENUE #2704, MIAMI FL 33130","SLS BRICKELL","Corporate Buyer OK","","Call Listing Agent","180","False","False","All Cash, Conventional","SLS BRICKELL","33130","2016","1021","","True","54","27","","2704","Bay Front, Intracoastal Front","Bar, Bbq/Picnic Area, Business Center, Exercise Room, Heated Pool, Pool, Private Pool, Sauna, Spa/Hot Tub, Vehicle Wash Area","8686","","As Is","Homeowners","Condo/Co-Op/Villa/Townhouse","Intracoastal View","1 Space",""
"B26051125","Beaches MLS","Active","625000","625000","625000","","","","","","2026-07-10 21:59:42","44","20","993","","2","2","1","5750 Turin Street #206, Coral Gables FL 33146","","Ok To Lease With Res, No Daily Rentals","Unfurnished","","","False","","All Cash, Conventional","","33146","1988","495","","False","2","1","","206","","Other Amenities","7036","False","","Condo","Condo/Co-Op/Villa/Townhouse","","1 Space, Street Parking",""
"A12060512","Southeast Florida Regional","Active","625000","625000","625000","","","","","","2026-07-28 13:29:50","4","4","927","Entry Level","2","2","0","4747 Collins Ave #201, MIAMIBCH FL 33140","MIMOSA CONDO","No Daily Rentals, Ok To Lease","Furnished","Owner Occupied","120","False","False","All Cash, Conventional","MIMOSA CONDO","33140","1962","1114","","True","15","2","","201","Bay Front","Basketball Courts, Child Play Area, Clubhouse-Clubroom, Elevator, Exercise Room, Heated Pool, Other Amenities","6002","False","As Is","Condo","Condo/Co-Op/Villa/Townhouse","Bay, Water View","1 Space, Assigned Parking, Valet Parking",""
"A12058267","Southeast Florida Regional","Active","625000","625000","625000","","","","","","2026-07-22 16:38:49","9","9","1298","","2","2","1","218 SE 14th St #1203, MIAMI FL 33131","Emerald at Brickell","Ok To Lease","","Tenant Occupied","180","False","False","All Cash, Conventional","Emerald at Brickell","33131","2006","1689","","False","27","12","","1203","","Elevator, Pool, Trash Chute","9438","False","As Is","Condo","Condo/Co-Op/Villa/Townhouse","Bay","1 Space, Covered Parking",""
"A12053399","Southeast Florida Regional","Active","625000","625000","625000","","","","","","2026-07-15 12:27:43","17","17","881","","1","2","0","801 S Miami Ave #3006, MIAMI FL 33130","SLS LUX","Ok To Lease","","Vacant","30","False","False","All Cash, Conventional","SLS LUX","33130","2018","1380","","True","57","30","","3006","Bay Front","Bike Storage, Child Play Area, Community Room, Exterior Lighting, Other Amenities, Private Pool","10240","False","As Is","Condo","Condo/Co-Op/Villa/Townhouse","Bay","1 Space",""
"A12038436","Southeast Florida Regional","Active","625000","625000","625000","","","","","","2026-07-01 17:02:43","30","30","474","","0","1","","20 NE 11th St #3105, MIAMI FL 33132","E11even Club Hotel & Resi","Daily Rentals Allowed, No Restrictions, See Broker Remarks","Furnished","Call Listing Agent","1","False","False","All Cash, Conventional, Other Terms","E11even Club Hotel & Resi","33132","2026","703","","False","65","31","","3105","","Bar, Elevator, Exercise Room, Heated Pool, Other Amenities, Pool, Private Beach Pavilion","8000","False","As Is","Condo, Other","Condo/Co-Op/Villa/Townhouse","Ocean View, Water View","Valet Parking",""
"A12048436","Southeast Florida Regional","Active","624900","624900","624900","","","","","","2026-07-06 09:47:20","673","25","1500","","2","2","0","20191 E Country Club Dr #802, AVENTUR FL 33180","Terraces of Turnberry","See Broker Remarks","","Call Listing Agent","365","False","False","All Cash","Terraces of Turnberry","33180","1983","1350","","True","29","8","","802","Intracoastal Front, Seawall","Basketball Courts, Bbq/Picnic Area, Bike Storage, Child Play Area, Clubhouse-Clubroom, Community Room, Exercise Room, Extra Storage, Heated Pool, Pool, Spa/Hot Tub, Tennis","6500","True","Documents Available","Condo","Condo/Co-Op/Villa/Townhouse","Golf View, Intracoastal View, Ocean View","1 Space, Covered Parking, Deeded Parking",""
"A12050342","Southeast Florida Regional","Active","622000","622000","622000","","","","","","2026-07-08 15:37:16","23","23","1035","","1","1","0","495 Brickell Ave #5309, MIAMI FL 33131","ICON BRICKELL II","Corporate Buyer OK, No Restrictions, Ok To Lease","","Vacant","180","False","False","All Cash, Conventional, FHA","ICON BRICKELL II","33131","2009","902","474","True","57","53","","5309","Bay Front","Bike Storage, Business Center, Community Room, Elevator, Exercise Room, Heated Pool, Pool","10263","False","As Is","Condo","Condo/Co-Op/Villa/Townhouse","Bay","1 Space, Assigned Parking, Valet Parking",""
"B26058198","Beaches MLS","Active","620000","620000","620000","","","","","","2026-07-30 14:29:51","1","1","670","Entry Level","1","1","0","2951 S Bayshore Drive #805, Miami FL 33133","","No Restrictions","Furnished","Call Listing Agent","","False","","All Cash, Conventional","","33133","1998","951","","True","12","8","","805","","Bar, Card/Electric Gate, Community Pool, Exercise Room, Extra Storage, Maintained Community, Pool, Private Pool, Spa/Hot Tub","7422","False","","Condo","Condo/Co-Op/Villa/Townhouse","","1 Space, Detached, Parking Garage, Valet Parking",""
"A12062356","Southeast Florida Regional","Active","620000","620000","620000","","","","","","2026-07-30 10:23:34","1","1","1115","","2","2","0","16385 Biscayne Blvd #305, NMIAMIBC FL 33160","THE HARBOUR NORTH CONDO","Corporate Buyer OK, Ok To Lease, Okay To Lease 1st Year","","Vacant","180","False","False","All Cash, Conventional, FHA","THE HARBOUR NORTH CONDO","33160","2018","1275","1275","False","20","3","","305","","Other Amenities","9779","False","As Is","Condo","Condo/Co-Op/Villa/Townhouse","Intracoastal View, Other View","1 Space",""
"A12061511","Southeast Florida Regional","Active","620000","620000","620000","","","","","","2026-07-28 19:17:32","3","3","1197","","2","2","0","500 Brickell Ave #2407, MIAMI FL 33131","500 BRICKELL EAST CONDO","No Daily Rentals, Ok To Lease","","Tenant Occupied","30","False","False","All Cash, Conventional","500 BRICKELL EAST CONDO","33131","2008","1517","","False","43","24","","2407","","Community Room, Exercise Room, Pool, Sauna, Spa/Hot Tub, Trash Chute","10483","","As Is","Homeowners","Condo/Co-Op/Villa/Townhouse","Other View","1 Space",""
"A12058154","Southeast Florida Regional","Active","620000","620000","620000","","","","","","2026-07-24 17:45:03","7","7","713","","1","1","0","301 Altara Ave #418, CORALGBL FL 33146","MERRICK MANOR","No Daily Rentals","","Owner Occupied","365","True","False","All Cash, Conventional","MERRICK MANOR","33146","2019","900","","False","10","4","","418","","Bbq/Picnic Area, Bike Storage, Business Center, Exercise Room, Kitchen Facilities, Pool, Trash Chute","7037","False","As Is","Condo","Condo/Co-Op/Villa/Townhouse","Other View, Skyline View","1 Space, Assigned Parking, Covered Parking",""
"A12051537","Southeast Florida Regional","Active","620000","620000","620000","","","","","","2026-07-10 12:47:02","21","21","505","","1","1","0","159 NE 6th St #2807, MIAMI FL 33132","NATIIVO","Ok To Lease","","Call Listing Agent","1","False","False","All Cash, Conventional, FHA","NATIIVO","33132","2024","1300","","False","50","28","","2807","","Pool","6574","False","As Is","Condo","Condo/Co-Op/Villa/Townhouse","Skyline View","Valet Parking",""
"A12052550","Southeast Florida Regional","Active","620000","620000","620000","","","","","","2026-07-13 14:16:30","18","18","950","","2","2","0","540 BRICKELL KEY DR #1511, MIAMI FL 33131","BRICKELL KEY II","No Lease-1st Year Owned, Other Restrictions","Unfurnished","Call Listing Agent","365","False","False","All Cash, Conventional","BRICKELL KEY II","33131","1991","2044","125","True","18","15","","1511","Bay Front, Other Waterfront","Child Play Area, Exercise Room, Sauna","9400","True","As Is","Condo","Condo/Co-Op/Villa/Townhouse","Skyline View","1 Space, Assigned Parking",""
"A12063062","Southeast Florida Regional","Active","619000","619000","619000","","","","","","2026-07-31 11:14:50","175","0","1215","","2","2","0","3250 NE 1st Ave #917, MIAMI FL 33137","MIDBLOCK","Corporate Buyer OK, Daily Rentals Allowed, Ok To Lease","","Tenant Occupied","1","False","False","All Cash, Conventional","MIDBLOCK","33137","2007","1800","","False","11","9","","917","","Exercise Room, Pool, Putting Green","10848","False","As Is","Condo","Condo/Co-Op/Villa/Townhouse","Bay","1 Space",""
"A12059195","Southeast Florida Regional","Active","618000","618000","618000","","","","","","2026-07-24 10:19:19","248","7","1203","","2","2","0","253 NE 2nd St #3302, MIAMI FL 33132","Vizcayne South Tower","Exterior Alterations","Furnished","Tenant Occupied","30","False","False","All Cash, Conventional","Vizcayne South Tower","33132","2008","1508","","False","49","33","","3302","","Bar, Elevator, Exercise Room, Other Amenities, Sauna, Spa/Hot Tub","9546","False","As Is","Condo","Condo/Co-Op/Villa/Townhouse","Other View, Water View","1 Space, Assigned Parking, Covered Parking",""
"B26048449","Beaches MLS","Active","615000","615000","615000","","","","","","2026-07-03 17:53:15","368","27","598","","1","1","0","159 NE 6th Street #4813, Miami FL 33132","","Ok To Lease With Res, No Daily Rentals","Furnished","","","False","","All Cash, Conventional","","33132","2024","1297","","False","52","48","","4813","","Basketball Courts, Bike Storage, Business Center, Clubhouse, Clubhouse-Clubroom, Community Room, Community Pool, Courtesy Bus, Elevator, Exercise Room, Management On Site, Pool, Private Pool, Putting Green, Sauna, Spa/Hot Tub","8700","False","","Condo","Condo/Co-Op/Villa/Townhouse","","1 Space, Detached, Parking Garage",""
"A12037336","Southeast Florida Regional","Active","615000","615000","615000","","","","","","2026-07-15 13:26:37","469","16","2182","","2","2","1","8390 SW 72 #106, MIAMI FL 33143","COLONNADE AT DADELAND","No Daily Rentals","","Tenant Occupied","90","False","False","All Cash, Conventional, FHA, Other Terms","COLONNADE AT DADELAND","33143","2007","2194","","False","9","1","","106","","Elevator, Exercise Room, Pool, Trash Chute","9773","False","As Is","Condo","Condo/Co-Op/Villa/Townhouse","Canal","2 Or More Spaces, Assigned Parking, Covered Parking, Guest Parking",""
"A12055533","Southeast Florida Regional","Active","615000","615000","615000","","","","","","2026-07-24 08:57:36","9","9","748","","1","1","0","1080 Brickell Ave #1803, MIAMI FL 33131","The Bond on Brickell","Ok To Lease","Unfurnished","Owner Occupied","30","False","False","All Cash, Conventional","The Bond on Brickell","33131","2016","1242","","False","44","18","","1803","","Bike Storage, Business Center, Cabana, Child Play Area, Clubhouse-Clubroom, Elevator, Exercise Room, Other Amenities, Sauna, Spa/Hot Tub","7792","True","As Is","Condo","Condo/Co-Op/Villa/Townhouse","Other View, Skyline View","1 Space, Assigned Parking, Covered Parking, Guest Parking, Valet Parking",""
"A12053109","Southeast Florida Regional","Active","615000","615000","615000","","","","","","2026-07-20 22:57:26","18","18","905","","2","1","1","1080 Brickell Ave #1602, MIAMI FL 33131","The Bond on Brickell","No Daily Rentals, Ok To Lease","","Owner Occupied","180","False","False","All Cash, Conventional, FHA","The Bond on Brickell","33131","2016","1482","","False","44","16","","1602","","Bbq/Picnic Area, Bike Storage, Billiard Room, Business Center, Cabana, Child Play Area, Community Room, Elevator, Exercise Room, Exterior Lighting, Private Pool, Sauna, Trash Chute, Vehicle Wash Area","8251","False","As Is","Condo","Condo/Co-Op/Villa/Townhouse","Ocean View, Pool Area View, Skyline View","1 Space, Covered Parking, Electric Vehicle Charging Station",""
"A12060056","Southeast Florida Regional","Active","610000","610000","610000","","","","","","2026-07-28 19:29:29","558","5","688","","1","1","0","18683 Collins Ave #2006, SUNNYISL FL 33160","Marenas Resort Condo","No Restrictions","","Vacant","1","False","False","All Cash, Conventional","Marenas Resort Condo","33160","2005","1387","","True","27","20","","2006","Ocean Front","Bar, Cabana, Heated Pool","7000","","As Is","Homeowners","Condo/Co-Op/Villa/Townhouse","Ocean View, Skyline View","Valet Parking",""
"A12056050","Southeast Florida Regional","Active","610000","610000","610000","","","","","","2026-07-18 16:46:09","13","13","1107","","2","2","0","16385 Biscayne Blvd #316, NMIAMIBC FL 33160","THE HARBOUR SOUTH CONDO","Corporate Buyer OK","","Tenant Occupied","90","False","False","All Cash, Conventional","THE HARBOUR SOUTH CONDO","33160","2018","1254","","True","0","3","","316","Intracoastal Front","Elevator, Heated Pool, Pool, Private Pool, Sauna, Spa/Hot Tub, Tennis, Trash Chute","0","False","As Is","Condo","Condo/Co-Op/Villa/Townhouse","Intracoastal View","1 Space",""
"A12041242","Southeast Florida Regional","Active","610000","610000","610000","","","","","","2026-07-01 14:26:19","30","30","1078","","2","2","0","7800 Collins Ave #407, MIAMIBCH FL 33141","ROND POINT CONDO","No Daily Rentals, Ok To Lease","","Vacant","365","False","False","All Cash, Conventional, Other Terms","ROND POINT CONDO","33141","1999","1126","","False","5","4","","407","","Bike Storage, Elevator, Pool","7079","True","As Is","Condo","Condo/Co-Op/Villa/Townhouse","Other View","1 Space",""
"A12048981","Southeast Florida Regional","Active","610000","610000","610000","","","","","","2026-07-06 16:39:03","25","25","883","Entry Level","1","1","1","88 SW 7th St #808, MIAMI FL 33130","RISE CONDO","No Daily Rentals","Furnished","Tenant Occupied","180","False","False","All Cash, Conventional","RISE CONDO","33130","2016","1499","","False","43","8","","808","","Business Center, Exercise Room, Heated Pool, Pool, Spa/Hot Tub","9205","False","Disclosure","Condo","Condo/Co-Op/Villa/Townhouse","Other View","1 Space",""
"A12050437","Southeast Florida Regional","Active","605000","605000","605000","","","","","","2026-07-08 16:48:34","23","23","561","","1","1","1","121 NE 5th St #3706, MIAMI FL 33132","501 First Residences","Other Restrictions","","Call Listing Agent","0","False","False","All Cash, Conventional, FHA, Other Terms","501 First Residences","33132","2025","827","","False","40","37","","3706","","Bbq/Picnic Area, Business Center, Clubhouse-Clubroom, Community Room, Exercise Room, Other Amenities, Pool","0","False","Other Special Info","Condo","Condo/Co-Op/Villa/Townhouse","Other View","Other Parking, Valet Parking",""
"B26051112","Beaches MLS","Active","600000","600000","600000","","","","","","2026-07-10 21:30:29","20","20","610","","1","1","1","501 NE 31st Street #3804, Miami FL 33137","","No Trucks/Rv'S, Other Restrictions","Unfurnished","Call Listing Agent","","False","","All Cash, Conventional","","33137","2018","150","","True","44","38","","3804","","Community Pool, Elevator, Pool, Private Pool, Sauna, Tennis","8019","False","","Condo","Condo/Co-Op/Villa/Townhouse","","1 Space, Limited # Of Vehicle, No Boats, Parking Garage",""
"A12059303","Southeast Florida Regional","Active","600000","600000","600000","","","","","","2026-07-25 10:36:39","7","7","","","0","1","","1611 SW 2nd Ave #713, MIAMI FL 33129","Domus Brickell Park","Daily Rentals Allowed, Ok To Lease","","Vacant","0","False","False","All Cash, Conventional","Domus Brickell Park","33129","2025","600","","False","7","12","","713","","Bbq/Picnic Area, Bike/Jog Path, Community Room, Elevator, Exercise Room, Pool","0","False","As Is","Condo","Condo/Co-Op/Villa/Townhouse","None","Valet Parking",""
"A12056409","Southeast Florida Regional","Active","600000","600000","600000","","","","","","2026-07-20 10:42:36","70","11","1218","","2","2","0","6815 Edgewater Dr #201, CORALGBL FL 33133","ADMIRAL FARRAGUT CONDO","No Daily Rentals, Ok To Lease, Okay To Lease 1st Year","","Vacant","365","False","False","All Cash, Conventional","ADMIRAL FARRAGUT CONDO","33133","1968","802","","True","3","2","","201","Canal Front, Canal Width 81-120 Feet, Intersecting Canals, Ocean Access","Bike Storage, Boat Dock, Common Laundry, Elevator, Exterior Lighting, Extra Storage, Fishing Pier, Other Amenities, Pool","6595","True","As Is","Condo","Condo/Co-Op/Villa/Townhouse","Garden View","1 Space, Covered Parking, Parking-Under Building",""
"A12054253","Southeast Florida Regional","Active","600000","600000","600000","","","","","","2026-07-16 12:58:41","15","15","748","","1","1","0","1080 Brickell Ave #1607, MIAMI FL 33131","THE BOND","Corporate Buyer OK, Exterior Alterations, Ok To Lease","","Tenant Occupied","182","False","False","All Cash, Conventional","THE BOND","33131","2016","1243","","False","46","16","","1607","","Bbq/Picnic Area, Business Center, Cabana, Child Play Area, Clubhouse-Clubroom, Community Room, Elevator, Exercise Room, Library, Pool, Private Pool, Sauna, Trash Chute","7332","True","As Is","Condo","Condo/Co-Op/Villa/Townhouse","Skyline View","1 Space, Assigned Parking, Valet Parking",""
"B26049218","Beaches MLS","Active","599999","599999","599999","","","","","","2026-07-06 19:06:28","24","24","688","Entry Level","1","1","0","18683 Collins Avenue #1403, Sunny Isles Beach FL 33160","","No Restrictions","","Call Listing Agent","","False","","All Cash, Conventional","","33160","2005","1245","","True","25","14","","1403","Ocean Access","Bar, Business Center, Community Pool, Elevator, Exercise Room, Heated Pool, Maintained Community, Pool, Private Pool, Spa/Hot Tub","6485","False","As Is","Condo","Condo/Co-Op/Villa/Townhouse","","1 Space, Parking Garage, Valet Parking",""
"A12053042","Southeast Florida Regional","Active","599999","599999","599999","","","","","","2026-07-13 23:46:39","19","19","461","","0","1","","90 NE 32 ST #613, MIAMI FL 33137","THE STANDARD MIDTOWN","No Daily Rentals, Ok To Lease, Okay To Lease 1st Year","Furnished","Vacant","30","False","False","All Cash, Conventional, Cryptocurrency, Lease Purchase","THE STANDARD MIDTOWN","33137","2026","600","","False","12","6","","613","","Billiard Room, Business Center, Cabana, Exercise Room, Heated Pool, Library, Pickleball, Pool, Sauna","0","False","Completely Renovated, Corporation Owned Property, Documents Available","Condo","Condo/Co-Op/Villa/Townhouse","Skyline View","1 Space, Additional Spaces Available, Covered Parking",""
"A12047140","Southeast Florida Regional","Active","599900","599900","599900","","","","","","2026-07-27 09:57:10","10","10","335","","1","1","","152 SW 9th Street #2216, MIAMI FL 33130","House of Wellness","Other Restrictions","","Call Listing Agent","15","False","False","All Cash, Conventional","House of Wellness","33130","2029","0","","False","34","22","Temp Off Market","2216","","Bar, Clubhouse-Clubroom, Exercise Room, Other Amenities, Pool, Sauna","0","False","As Is","Condo","Condo/Co-Op/Villa/Townhouse","Other View","Other Parking",""
"A12050315","Southeast Florida Regional","Active","599900","599900","599900","","","","","","2026-07-14 09:04:53","23","23","321","","0","1","0","11 NE 6th St #1106, MIAMI FL 33132","The Crosby Miami","Auto Parking On","","Call Listing Agent","1","False","False","Conventional","The Crosby Miami","33132","2025","433","433","False","33","11","","1106","","Business Center, Cabana, Clubhouse-Clubroom, Exercise Room, Kitchen Facilities, Pool, Sauna","0","False","As Is","Condo","Condo/Co-Op/Villa/Townhouse","Other View","1 Space, Valet Parking",""
"B26058199","Beaches MLS","Active","599000","599000","599000","","","","","","2026-07-30 14:30:07","1","1","645","","1","1","0","465 OCEAN Drive #320, Miami Beach FL 33139","","No Restrictions","","","","False","","All Cash, Conventional, FHA, FHA 203K, Va","","33139","1971","700","","True","14","3","","320","Other Waterfront","Common Laundry, Community Pool, Exercise Room, Laundry Facility, Maintained Community, Management On Site, Pool, Private Pool, Sauna","9000","False","","Condo","Condo/Co-Op/Villa/Townhouse","","1 Space, Assigned Parking, Deeded Parking, Parking Garage",""
"A12056978","Southeast Florida Regional","Active","599000","599000","599000","","","","","","2026-07-24 00:12:32","11","11","1326","","2","2","0","5825 Collins Ave #7B, MIAMIBCH FL 33140","CORINTHIAN","No Daily Rentals","","Call Listing Agent","180","False","False","All Cash","CORINTHIAN","33140","1967","1225","","True","16","7","","7B","Ocean Access, Ocean Front","Elevator, Exercise Room, Extra Storage, Pool, Trash Chute","7055","True","As Is","Condo","Condo/Co-Op/Villa/Townhouse","Intracoastal View","1 Space, Assigned Parking, Covered Parking",""
"A12055305","Southeast Florida Regional","Active","599000","599000","599000","","","","","","2026-07-17 00:06:17","14","14","700","Entry Level","1","1","0","100 Lincoln Rd #634, MIAMIBCH FL 33139","Decoplage Condominium","Corporate Buyer OK, No Trucks/Rv'S, Ok To Lease, Okay To Lease 1st Year, See Broker Remarks","Furnished","Call Listing Agent","30","False","False","All Cash, Other Terms","Decoplage Condominium","33139","1965","1102","","True","16","6","","634","No Fixed Bridges, Ocean Access, Ocean Front","Bike Storage, Billiard Room, Business Center, Child Play Area, Common Laundry, Community Room, Elevator, Exercise Room, Exterior Lighting, Extra Storage, Heated Pool, Library, Other Amenities, Trash Chute","7956","False","As Is, Flood Zone, Restriction On Pets","Condo","Condo/Co-Op/Villa/Townhouse","Ocean View, Direct Ocean, Pool Area View","1 Space, Assigned Parking, Valet Parking",""
"A12055078","Southeast Florida Regional","Active","599000","599000","599000","","","","","","2026-07-31 00:15:09","9","9","713","","1","1","0","121 NE 34th St #2506A, MIAMI FL 33137","Hyde","Ok To Lease","","Call Listing Agent","30","False","False","Conventional, FHA","Hyde","33137","2018","1046","","False","31","25","Temp Off Market","2506A","","Business Center, Clubhouse-Clubroom, Community Room, Exterior Lighting","9198","False","As Is","Condo","Condo/Co-Op/Villa/Townhouse","None","1 Space",""
"A12047920","Southeast Florida Regional","Active","596000","596000","596000","","","","","","2026-07-13 15:40:52","21","21","2132","","2","3","0","2851 NE 183rd St #1811-15 E, AVENTUR FL 33160","Admirals Port Condo","Other Restrictions","","Owner Occupied","365","False","False","All Cash, Conventional","Admirals Port Condo","33160","1974","1261","","True","22","18","","1811-15 E","Other Waterfront","Bar, Basketball Courts, Clubhouse-Clubroom, Elevator, Exercise Room, Library, Tennis, Trash Chute","2409","True","As Is, Disclosure, Home Warranty, Restriction On Pets","Condo","Condo/Co-Op/Villa/Townhouse","Intracoastal View, Other View, Water View","Assigned Parking",""
"A12050649","Southeast Florida Regional","Active","595000","595000","595000","","","","","","2026-07-08 23:39:28","23","23","1021","","1","1","0","18001 Collins Ave #1814, SUNNYISL FL 33160","TRUMP INTERNATIONAL","No Restrictions","","Call Listing Agent","1","False","False","All Cash, Conventional","TRUMP INTERNATIONAL","33160","2003","2484","","True","31","18","","1814","Ocean Access, Ocean Front","Bar, Basketball Courts, Business Center, Cabana, Child Play Area, Exercise Room, Heated Pool, Other Amenities, Pool, Sauna, Spa/Hot Tub, Tennis","11151","","As Is","Homeowners","Condo/Co-Op/Villa/Townhouse","Intracoastal View, Ocean View, Skyline View","Valet Parking",""
"A12054074","Southeast Florida Regional","Active","595000","595000","595000","","","","","","2026-07-15 12:14:14","16","16","","","0","1","","90 NE 32nd St #722, MIAMI FL 33137","The Standard Residences","No Daily Rentals, Ok To Lease, See Broker Remarks","","Vacant","30","False","False","All Cash, Conventional","The Standard Residences","33137","2026","750","","False","12","7","","722","","Billiard Room, Business Center, Cabana, Clubhouse-Clubroom, Exercise Room, Heated Pool, Pickleball, Sauna, Spa/Hot Tub","569","False","As Is","Condo","Condo/Co-Op/Villa/Townhouse","Skyline View","Other Parking",""
"A12047030","Southeast Florida Regional","Active","595000","595000","595000","","","","","","2026-07-02 11:48:21","200","29","650","","1","1","0","11 NE 6th St #2903, MIAMI FL 33132","The Crosby","Daily Rentals Allowed","Furnished","Call Listing Agent","1","False","False","All Cash, Conventional","The Crosby","33132","2025","846","","False","34","19","","2903","","Bar, Elevator, Exercise Room, Heated Pool, Sauna, Spa/Hot Tub","0","False","As Is","Condo, Homeowners","Condo/Co-Op/Villa/Townhouse","Skyline View","1 Space, Valet Parking",""
"A12049993","Southeast Florida Regional","Active","645000","595000","595000","","","","","","2026-07-09 14:43:09","23","23","1065","","2","2","0","770 Claughton Island Dr #602, MIAMI FL 33131","ISOLA CONDO","Ok To Lease","Furnished","Tenant Occupied","180","False","False","All Cash, Conventional","ISOLA CONDO","33131","1990","1925","","True","23","6","","602","Bay Front","Elevator, Exercise Room, Pool","8450","False","As Is","Condo","Condo/Co-Op/Villa/Townhouse","Ocean View","1 Space, Assigned Parking",""
"A12048284","Southeast Florida Regional","Active","590000","590000","590000","","","","","","2026-07-13 15:39:56","25","25","537","","0","1","","90 NE 32 #514, MIAMI FL 33127","The Standard Residences","Ok To Lease","","Vacant","30","False","False","All Cash, Conventional","The Standard Residences","33127","2026","800","","False","12","5","","514","","Bar, Billiard Room, Business Center, Cabana, Clubhouse-Clubroom, Community Room, Elevator, Exercise Room, Kitchen Facilities, Library, Pickleball, Pool, Sauna, Spa/Hot Tub","0","False","None","Condo","Condo/Co-Op/Villa/Townhouse","Other View","Other Parking",""
"A12047777","Southeast Florida Regional","Active","590000","590000","590000","","","","","","2026-07-03 11:43:18","887","28","1205","","2","2","0","3250 NE 1st Ave #901, MIAMI FL 33137","MIDBLOCK MIAMI CONDO","Other Restrictions","Furnished","Call Listing Agent","1","False","False","All Cash, Conventional","MIDBLOCK MIAMI CONDO","33137","2007","1253","","False","0","9","","901","","Bike Storage, Elevator, Exercise Room, Extra Storage, Pool, Putting Green, Trash Chute","7571","False","As Is","Condo","Condo/Co-Op/Villa/Townhouse","Other View","1 Space, Assigned Parking",""
"A12055775","Southeast Florida Regional","Active","590000","590000","590000","","","","","","2026-07-20 19:24:15","11","11","1300","","2","2","1","185 SW 7th St #1412, MIAMI FL 33130","LATITUDE ON THE RIVER","Ok To Lease","","Tenant Occupied","181","False","False","All Cash, Conventional","LATITUDE ON THE RIVER","33130","2007","1284","","False","44","14","","1412","","Clubhouse-Clubroom, Exercise Room, Pool","7899","False","As Is","Condo","Condo/Co-Op/Villa/Townhouse","Skyline View","1 Space, Assigned Parking",""
"A12047046","Southeast Florida Regional","Active","610000","590000","590000","","","","","","2026-07-02 17:13:49","29","29","1402","","2","2","0","41 SE 5th St #908, MIAMI FL 33131","Bors","Other Restrictions","Furnished","Call Listing Agent","30","False","False","All Cash","Bors","33131","2006","1276","","True","24","9","","908","Bay Front, River Front","Elevator, Exercise Room, Pool, Sauna, Spa/Hot Tub","8749","False","As Is","Homeowners","Condo/Co-Op/Villa/Townhouse","Bay, River, None","1 Space",""
"A12056370","Southeast Florida Regional","Active","589000","589000","589000","","","","","","2026-07-20 09:47:32","11","11","1810","","3","3","0","18808 W Lake Dr, HIALEAH FL 33015","COUNTRY CLUB OF MIAMI FAI","Ok To Lease","","Call Listing Agent","365","False","False","All Cash, Conventional, FHA, Va","COUNTRY CLUB OF MIAMI FAI","33015","1974","161","","True","1","1","","","Pond Front","No Amenities","3538","","As Is, None","Homeowners","Condo/Co-Op/Villa/Townhouse","Garden View, Golf View, Water View","2 Or More Spaces, Additional Spaces Available",""
"A12049521","Southeast Florida Regional","Active","587000","587000","587000","","","","","","2026-07-10 09:31:56","152","21","930","","1","1","1","2333 Brickell Ave #1909, MIAMI FL 33129","BRICKELL BAY CLUB CONDO","Renting Limited","","Call Listing Agent","180","False","False","All Cash, Conventional","BRICKELL BAY CLUB CONDO","33129","1974","813","","True","31","19","","1909","Bay Front","Bbq/Picnic Area, Child Play Area, Clubhouse-Clubroom, Elevator, Exercise Room, Pool, Tennis, Trash Chute","6837","False","As Is","Condo","Condo/Co-Op/Villa/Townhouse","Bay, Skyline View","1 Space",""
"A12050140","Southeast Florida Regional","Active","585000","585000","585000","","","","","","2026-07-20 11:21:18","11","11","688","","1","1","0","18683 Collins Ave #1406, SUNNYISL FL 33160","Marenas Resort","Corporate Buyer OK, Daily Rentals Allowed, Ok To Lease, Okay To Lease 1st Year","Furnished","Call Listing Agent","1","False","False","All Cash, Conventional","Marenas Resort","33160","2005","1245","","True","26","14","","1406","Ocean Access, Ocean Front","Bar, Business Center, Community Room, Elevator, Exercise Room, Heated Pool, Hobby Room, Sauna","7748","False","As Is","Condo","Condo/Co-Op/Villa/Townhouse","Ocean View","1 Space, Valet Parking",""
"A12053561","Southeast Florida Regional","Active","585000","585000","585000","","","","","","2026-07-15 11:13:39","16","16","","","0","1","","90 NE 32 St #720, MIAMI FL 33127","The Standard Residences","Ok To Lease","","Vacant","30","False","False","All Cash, Conventional","The Standard Residences","33127","2026","575","","False","12","7","","720","","Other Amenities","0","False","As Is","Condo","Condo/Co-Op/Villa/Townhouse","Other View","None",""
"A12051725","Southeast Florida Regional","Active","585000","585000","585000","","","","","","2026-07-13 11:03:27","18","18","845","","1","1","1","888 Biscayne Blvd #3611, MIAMI FL 33132","MARINABLUE CONDO","Other Restrictions","Unfurnished","Vacant","120","False","False","All Cash, Conventional","MARINABLUE CONDO","33132","2008","867","","True","57","36","","3611","Bay Front","Elevator, Exercise Room, Other Amenities, Sauna","9139","False","As Is","Condo","Condo/Co-Op/Villa/Townhouse","Bay, Water View","1 Space, Assigned Parking, Covered Parking",""
"A12054785","Southeast Florida Regional","Active","585000","585000","585000","","","","","","2026-07-17 13:51:03","169","15","1441","","2","2","0","41 SE 5th St #510, MIAMI FL 33131","Bors","Ok To Lease","","Call Listing Agent","30","False","False","All Cash, Conventional","Bors","33131","2006","1533","","False","24","5","","510","","Elevator, Exercise Room, Pool, Sauna, Spa/Hot Tub","8877","False","As Is","Condo","Condo/Co-Op/Villa/Townhouse","Other View","1 Space",""
"A12052360","Southeast Florida Regional","Active","585000","585000","585000","","","","","","2026-07-12 20:27:05","19","19","463","","1","1","0","159 NE 6th St #5103, MIAMI FL 33132","GALE RESIDENCES","Daily Rentals Allowed","Furnished","Tenant Occupied","1","False","False","Conventional, Exchange","GALE RESIDENCES","33132","2024","1104","","False","51","51","","5103","","Bar, Business Center, Child Play Area, Clubhouse-Clubroom, Community Room, Elevator, Exercise Room, Heated Pool","8400","False","As Is","Condo, Homeowners","Condo/Co-Op/Villa/Townhouse","Skyline View","Other Parking",""
"A12053741","Southeast Florida Regional","Active","581000","581000","581000","","","","","","2026-07-14 17:57:59","195","17","1455","","2","2","0","7135 Collins Ave #435, MIAMIBCH FL 33141","BURLEIGH HOUSE","No Daily Rentals","","Call Listing Agent","365","False","False","All Cash, Conventional, Cryptocurrency","BURLEIGH HOUSE","33141","1970","960","","False","20","4","","435","","Private Pool","2093","False","None","Condo","Condo/Co-Op/Villa/Townhouse","Skyline View","Covered Parking",""
"B26052874","Beaches MLS","Active","580000","580000","580000","","","","","","2026-07-16 00:55:55","15","15","1362","","2","2","0","3029 NE 188th Street #805, Aventura FL 33180","","Assoc Approval Required, Ok To Lease With Res, No Daily Rentals","Unfurnished","Vacant","","False","","All Cash, Conventional","","33180","2006","1511","","True","11","8","","805","Intracoastal Front","Basketball Courts, Boat Dock, Business Center, Cabana, Community Pool, Elevator, Exercise Room, Marina, Pool, Private Pool, Security Patrol, Tennis","6303","False","","Condo","Condo/Co-Op/Villa/Townhouse","","1 Space, Guest Parking, Parking Garage, Valet Parking",""
"A12047230","Southeast Florida Regional","Active","580000","580000","580000","","","","","","2026-07-02 14:30:44","360","29","1100","","2","2","0","18000 N Bay Rd #603, SUNNYISL FL 33160","Le Montcalm Condominium","No Daily Rentals, Okay To Lease 1st Year","","Owner Occupied","30","False","False","All Cash, Conventional","Le Montcalm Condominium","33160","1993","3211","","True","9","6","","603","Intracoastal Front","Bbq/Picnic Area, Boat Dock, Community Room, Elevator, Exercise Room, Exterior Lighting, Extra Storage, Heated Pool, Kitchen Facilities, Library, Marina, Pool, Trash Chute, Vehicle Wash Area","6031","False","Documents Available, Flood Zone, Milestone Inspection Report, Structural Integrity Reserve Study","Condo","Condo/Co-Op/Villa/Townhouse","Intracoastal View","1 Space, Assigned Parking, Covered Parking",""
"A12054571","Southeast Florida Regional","Active","580000","580000","580000","","","","","","2026-07-15 22:25:53","16","16","1048","","2","2","0","1750 N Bayshore Dr #4201, MIAMI FL 33132","Opera Tower","No Daily Rentals","","Owner Occupied","30","False","False","All Cash, Conventional","Opera Tower","33132","2008","1268","","True","56","42","","4201","Bay Front","Exercise Room, Pool","9123","False","As Is, Flood Zone","Condo","Condo/Co-Op/Villa/Townhouse","Bay, Direct Ocean, Water View","1 Space",""
"A12061314","Southeast Florida Regional","Active","579000","579000","579000","","","","","","2026-07-28 15:25:53","130","3","1552","","3","2","0","7910 Harbor Island #510, NBAYVLGE FL 33141","360 B CONDOMINIUM","Auto Parking On, No Daily Rentals, Okay To Lease 1st Year","","Vacant","180","False","False","All Cash, Conventional","360 B CONDOMINIUM","33141","2007","1492","","True","12","5","","510","Bay Front","Bbq/Picnic Area, Elevator, Exercise Room, Exterior Lighting, Marina, Pool","9510","True","As Is","Condo","Condo/Co-Op/Villa/Townhouse","Bay","1 Space, Assigned Parking, Deeded Parking",""
"A12053240","Southeast Florida Regional","Active","578000","578000","578000","","","","","","2026-07-14 11:33:29","17","17","1689","","4","2","1","10265 NW 63rd Ter #204, DORAL FL 33178","Landmark at Doral","No Restrictions","Unfurnished","Owner Occupied","365","True","False","All Cash, Conventional, FHA","Landmark at Doral","33178","2015","600","","False","3","204","","204","","Business Center, Cabana, Child Play Area, Clubhouse-Clubroom, Exercise Room, Pool, Sauna, Tennis","8631","False","As Is","Homeowners","Condo/Co-Op/Villa/Townhouse","Other View","2 Or More Spaces",""
"A12057313","Southeast Florida Regional","Active","578000","578000","578000","","","","","","2026-07-21 12:11:47","10","10","627","","1","1","0","801 S Miami Ave #409, MIAMI FL 33130","SLS Lux","Exterior Alterations","","Call Listing Agent","1","False","False","All Cash, Conventional","SLS Lux","33130","2018","584","929","False","58","4","","409","","Basketball Courts, Bbq/Picnic Area, Billiard Room, Child Play Area, Community Room, Elevator, Exercise Room, Heated Pool, Other Amenities, Spa/Hot Tub, Tennis","8200","False","As Is","Condo","Condo/Co-Op/Villa/Townhouse","Other View, Skyline View","1 Space",""
"A12057259","Southeast Florida Regional","Active","578000","578000","578000","","","","","","2026-07-21 11:35:47","10","10","626","","1","1","0","801 S Miami Ave #408, MIAMI FL 33130","SLS LUX","Exterior Alterations","","Owner Occupied","1","False","False","All Cash, Conventional","SLS LUX","33130","2018","549","979","False","58","4","","408","","Basketball Courts, Bbq/Picnic Area, Billiard Room, Business Center, Cabana, Child Play Area, Community Room, Exercise Room, Heated Pool, Other Amenities, Spa/Hot Tub, Tennis","8200","False","As Is","Condo","Condo/Co-Op/Villa/Townhouse","Other View, Skyline View","1 Space",""
"A12059020","Southeast Florida Regional","Active","575000","575000","575000","","","","","","2026-07-23 18:52:26","8","8","1068","","2","2","0","3701 N Country Club Dr #1209, AVENTUR FL 33180","FLAMENCO","No Lease First 2 years","","Owner Occupied","365","False","False","All Cash, Conventional","FLAMENCO","33180","1980","975","475","True","23","12","","1209","Canal Front, Intersecting Canals","Elevator, Exercise Room, Pool","3759","False","As Is","Condo, Homeowners","Condo/Co-Op/Villa/Townhouse","Canal","1 Space",""
"A12051992","Southeast Florida Regional","Active","575000","575000","575000","","","","","","2026-07-11 10:11:44","539","20","1214","","1","2","0","2950 NE 188th St #406, AVENTUR FL 33180","ARTECH RESIDENCES","Ok To Lease","","Call Listing Agent","180","False","False","All Cash, Conventional","ARTECH RESIDENCES","33180","2008","1450","1450","True","5","4","","406","Canal Front","Bike Storage, Bike/Jog Path, Clubhouse-Clubroom, Community Room, Courtesy Bus, Elevator, Exercise Room, Heated Pool, Marina, Pool, Tennis","6855","False","As Is","Condo","Condo/Co-Op/Villa/Townhouse","Canal","1 Space",""
"A12047229","Southeast Florida Regional","Active","575000","575000","575000","","","","","","2026-07-03 09:21:07","511","28","1024","","2","2","0","5350 NW 84th Ave #507, DORAL FL 33166","5350 PARK","Other Restrictions","","Call Listing Agent","7","False","False","All Cash, Conventional","5350 PARK","33166","2019","1121","","False","20","5","","507","","Elevator, Exercise Room","8235","","As Is","Homeowners","Condo/Co-Op/Villa/Townhouse","Garden View","1 Space",""
"A12056412","Southeast Florida Regional","Active","570000","570000","570000","","","","","","2026-07-21 16:24:34","181","10","1300","","2","2","0","10101 E Bay Harbor Dr #504, BAYHARIS FL 33154","THE BELMONT CONDO","Ok To Lease","","Call Listing Agent","365","False","False","All Cash, Conventional","THE BELMONT CONDO","33154","1967","1640","","True","7","5","","504","Canal Front, Canal Width 121 Feet Or More","Bike Storage, Extra Storage, Pool, Trash Chute","7966","False","As Is","Condo","Condo/Co-Op/Villa/Townhouse","Canal, Water View","1 Space, Assigned Parking",""
"A12050674","Southeast Florida Regional","Active","570000","570000","570000","","","","","","2026-07-09 01:48:44","22","22","737","","1","1","0","121 NE 34th St #912, MIAMI FL 33137","Hyde at Midtown","No Daily Rentals","","Tenant Occupied","30","False","False","All Cash, Conventional","Hyde at Midtown","33137","2018","1109","","False","31","9","","912","","Elevator, Exercise Room, Exterior Lighting, Heated Pool, Other Amenities, Pool","6917","False","As Is","Condo","Condo/Co-Op/Villa/Townhouse","Other View","1 Space, Additional Spaces Available, Covered Parking",""
"A12059946","Southeast Florida Regional","Active","570000","570000","570000","","","","","","2026-07-26 08:35:35","5","5","1334","","2","2","0","7929 West Dr #802, NBAYVLGE FL 33141","Blue Bay Tower","Dock Restrictions, Ok To Lease","","Tenant Occupied","180","False","False","Cash Only","Blue Bay Tower","33141","2005","933","","True","16","8","","802","Bay Front, Intracoastal Front","Elevator, Exercise Room, Pool, Sauna","8812","False","As Is","Condo","Condo/Co-Op/Villa/Townhouse","Bay, Canal, Intracoastal View","Detached",""
"A12050236","Southeast Florida Regional","Active","570000","570000","570000","","","","","","2026-07-10 16:14:41","21","21","1030","","1","1","1","2401 Collins Ave #1612, MIAMIBCH FL 33140","The Riviera","Renting Limited","","Tenant Occupied","90","False","False","All Cash, Conventional","The Riviera","33140","1980","1115","","True","19","16","Coming Soon","1612","Intersecting Canals, Ocean Access, Ocean Front","Bike/Jog Path, Billiard Room, Cabana, Common Laundry, Library","7195","True","As Is","Condo","Condo/Co-Op/Villa/Townhouse","Intracoastal View, Ocean View","1 Space, Assigned Parking",""
"A12047371","Southeast Florida Regional","Active","565000","565000","565000","","","","","","2026-07-02 16:41:34","29","29","1522","","2","2","0","19707 Turnberry Way #16G, AVENTUR FL 33180","TURNBERRY ISLE CONDO","Ok To Lease, Okay To Lease 1st Year","","Vacant","120","False","False","All Cash, Conventional","TURNBERRY ISLE CONDO","33180","1979","1606","","True","30","16","","16G","Intracoastal Front","Clubhouse-Clubroom, Common Laundry, Exercise Room, Pool, Tennis","3400","False","As Is","Condo","Condo/Co-Op/Villa/Townhouse","Intracoastal View, Ocean View, Skyline View","Covered Parking, Valet Parking",""
"A12047180","Southeast Florida Regional","Active","565000","565000","565000","","","","","","2026-07-12 13:56:42","19","19","960","Entry Level","1","1","0","17375 Collins Ave #1206, SUNNYISL FL 33160","DoubleTree","Exterior Alterations, No Trucks/Rv'S, Ok To Lease","Furnished","Vacant","120","False","False","All Cash, Conventional","DoubleTree","33160","2000","4720","","True","22","12","Coming Soon","1206","Ocean Front","Bar, Bbq/Picnic Area, Bike/Jog Path, Business Center, Cabana, Common Laundry, Elevator, Exercise Room, Exterior Lighting, Pool, Spa/Hot Tub","5829","False","As Is","Condo","Condo/Co-Op/Villa/Townhouse","Skyline View, Water View","1 Space, Guest Parking, Valet Parking",""
"A12053557","Southeast Florida Regional","Active","565000","565000","565000","","","","","","2026-07-15 11:15:29","16","16","","","0","1","","90 NE 32 St #715, MIAMI FL 33127","The Standard Residences","No Daily Rentals","","Vacant","30","False","False","All Cash, Conventional","The Standard Residences","33127","2026","575","","False","12","7","","715","","Bar, Bike Storage, Billiard Room, Cabana, Elevator, Exercise Room, Hobby Room, Kitchen Facilities, Library, Other Amenities, Pickleball, Pool, Sauna, Spa/Hot Tub","0","False","As Is","Condo","Condo/Co-Op/Villa/Townhouse","Other View","None",""
"A12052818","Southeast Florida Regional","Active","565000","565000","565000","","","","","","2026-07-14 16:50:47","17","17","539","","1","1","0","11 NE 6th St #2204, MIAMI FL 33132","The Crosby","Ok To Lease, Okay To Lease 1st Year","","Vacant","1","False","False","All Cash, Conventional","The Crosby","33132","2025","830","","False","33","22","","2204","","Clubhouse-Clubroom, Elevator, Exterior Lighting, Other Amenities, Pool, Sauna, Spa/Hot Tub, Trash Chute","0","False","As Is","Condo","Condo/Co-Op/Villa/Townhouse","Other View","Valet Parking",""
"A12050297","Southeast Florida Regional","Active","565000","565000","565000","","","","","","2026-07-08 15:07:33","125","23","600","","1","1","","11 NE 6th St #2605, MIAMI FL 33132","THE CROSBY","Other Restrictions","","Call Listing Agent","365","False","False","All Cash, Conventional","THE CROSBY","33132","2026","830","","False","34","26","","2605","","Community Room, Heated Pool, Other Amenities","0","False","As Is","Condo","Condo/Co-Op/Villa/Townhouse","Skyline View","1 Space, Valet Parking",""
"A12048913","Southeast Florida Regional","Active","565000","565000","565000","","","","","","2026-07-06 16:01:23","25","25","1079","","2","2","0","90 SW 3rd St #2609, MIAMI FL 33130","The Ivy Condominium","Ok To Lease, Other Restrictions","","Vacant","90","False","False","All Cash, Conventional","The Ivy Condominium","33130","2008","1205","","False","45","26","","2609","","Bbq/Picnic Area, Child Play Area, Elevator, Exercise Room, Other Amenities, Pool, Sauna, Spa/Hot Tub","7131","False","As Is","Condo","Condo/Co-Op/Villa/Townhouse","Other View, Skyline View","1 Space",""
"A12054937","Southeast Florida Regional","Active","560000","560000","560000","","","","","","2026-07-16 14:32:46","23","15","1400","","2","2","0","1075 92nd St #201, BAYHARIS FL 33154","BERKSHIRE HOUSE CONDO","No Daily Rentals, No Lease-1st Year Owned","","Vacant","360","False","False","All Cash, Conventional","BERKSHIRE HOUSE CONDO","33154","1965","968","","False","5","2","","201","","Business Center, Clubhouse-Clubroom, Common Laundry, Community Room, Elevator, Pool","5386","True","As Is","Condo","Condo/Co-Op/Villa/Townhouse","Garden View","1 Space",""
"A12051853","Southeast Florida Regional","Active","560000","560000","560000","","","","","","2026-07-10 18:38:34","21","21","1106","","2","2","0","5350 NW 84th Ave #706, DORAL FL 33166","5350 PARK CONDO","Corporate Buyer OK","","Tenant Occupied","1","False","False","All Cash, Conventional","5350 PARK CONDO","33166","2019","1578","","False","228","7","","706","","Billiard Room, Child Play Area, Clubhouse-Clubroom, Community Room, Elevator, Exercise Room, Exterior Lighting, Pool","8690","False","As Is","Homeowners","Condo/Co-Op/Villa/Townhouse","Other View","2 Or More Spaces",""
"A12046829","Southeast Florida Regional","Active","560000","560000","560000","","","","","","2026-07-16 17:57:58","30","30","1129","","3","2","0","4636 NW 84th Ave #22, DORAL FL 33166","URBANA","Other Restrictions","","Tenant Occupied","365","False","False","All Cash, Conventional, Other Terms","URBANA","33166","2019","540","","False","4","2","","22","","Basketball Courts, Billiard Room, Business Center, Cabana, Child Play Area, Clubhouse-Clubroom, Community Room, Exercise Room, Other Amenities, Pool","10011","False","As Is","Condo, Homeowners","Condo/Co-Op/Villa/Townhouse","Garden View, Lake, Other View","2 Or More Spaces, Additional Spaces Available, Assigned Parking, Guest Parking",""
"A12061388","Southeast Florida Regional","Active","560000","560000","560000","","","","","","2026-07-30 09:38:53","1","1","799","","1","1","1","200 Biscayne Boulevard Way #4409, MIAMI FL 33131","EPIC WEST CONDO","Ok To Lease, Other Restrictions","Unfurnished","Vacant","30","False","False","All Cash, Conventional","EPIC WEST CONDO","33131","2008","1223","","True","55","44","","4409","Canal Front","Cabana, Clubhouse-Clubroom, Exercise Room, Marina, No Amenities, Pool, Private Pool, Spa/Hot Tub","8056","False","As Is","Condo","Condo/Co-Op/Villa/Townhouse","Canal","1 Space, Assigned Parking, Covered Parking, Valet Parking",""
"A12056966","Southeast Florida Regional","Active","560000","560000","560000","","","","","","2026-07-22 11:15:01","10","10","1048","","2","2","0","1750 N Bayshore Dr #2914, MIAMI FL 33132","OPERA TOWER CONDO","Ok To Lease","","Call Listing Agent","30","False","False","All Cash, Conventional","OPERA TOWER CONDO","33132","2007","1225","","True","56","2914","","2914","Bay Front","Bbq/Picnic Area, Clubhouse-Clubroom, Exercise Room, Pool","6557","False","None","Condo","Condo/Co-Op/Villa/Townhouse","Bay","Assigned Parking, Covered Parking",""
"A12051509","Southeast Florida Regional","Active","560000","560000","560000","","","","","","2026-07-10 12:30:34","1052","22","951","Entry Level","2","2","0","4250 Biscayne Blvd #1018, MIAMI FL 33137","Baltus House","Ok To Lease","Unfurnished","Tenant Occupied","365","False","False","All Cash, Conventional","Baltus House","33137","2015","1702","0","False","20","10","","1018","","Business Center, Child Play Area, Clubhouse-Clubroom, Elevator, Exercise Room, Exterior Lighting, Heated Pool, Kitchen Facilities, Pool, Spa/Hot Tub","8807","False","As Is","Condo","Condo/Co-Op/Villa/Townhouse","Bay, Skyline View, Water View","1 Space, Assigned Parking, Covered Parking",""
"B26058189","Beaches MLS","Active","555000","555000","555000","","","","","","2026-07-30 14:11:29","1","1","1362","Entry Level","3","2","0","3029 NE 188th Street #914, Aventura FL 33180","","Assoc Approval Required","Unfurnished","Tenant Occupied","","False","","All Cash, Conventional, FHA, FHA 203K","","33180","2006","1500","","True","11","9","","914","Canal Front, Canal Width 1-80 Feet, Intersecting Canals, Intracoastal Front, Other Waterfront","Basketball Courts, Business Center, Card/Electric Gate, Community Room, Community Pool, Elevator, Exercise Room, Extra Storage, Heated Pool, Maintained Community, Management On Site, Pool, Private Pool, Security Patrol, Spa/Hot Tub, Tennis, Trash Chute","8000","True","","Condo","Condo/Co-Op/Villa/Townhouse","","1 Space, Awning, Covered Parking, Parking Garage, Valet Parking",""
"A12049647","Southeast Florida Regional","Active","555000","555000","555000","","","","","","2026-07-07 16:10:51","126","24","600","","1","1","","11 NE 6th St #2004, MIAMI FL 33132","THE CROSBY","Other Restrictions","","Call Listing Agent","365","False","False","All Cash, Conventional","THE CROSBY","33132","2026","830","","False","34","26","","2004","","Community Room, Heated Pool, Other Amenities","0","False","As Is","Condo","Condo/Co-Op/Villa/Townhouse","Skyline View","1 Space, Valet Parking",""
"B26048498","Beaches MLS","Active","55000","550000","550000","","","","","","2026-07-03 19:16:36","655","27","411","","1","1","0","601 NE 1st Avenue #4712, Miami FL 33132","","Ok To Lease With Res, No Daily Rentals, See Broker Remarks","Furnished","","","False","","All Cash, Conventional","","33132","2024","796","","True","51","47","","4712","Intracoastal Front","Basketball Courts, Bike Storage, Business Center, Clubhouse, Clubhouse-Clubroom, Community Room, Community Pool, Courtesy Bus, Elevator, Exercise Room, Management On Site, Pool, Private Pool, Putting Green, Sauna, Spa/Hot Tub","6500","False","","Condo","Condo/Co-Op/Villa/Townhouse","","1 Space, Detached, Parking Garage",""
"A12059193","Southeast Florida Regional","Active","550000","550000","550000","","","","","","2026-07-24 09:31:55","317","7","848","","1","2","0","9273 Collins Ave #1101, SURFSIDE FL 33154","MANATEE CONDO","Ok To Lease","","Vacant","180","False","False","All Cash, Conventional","MANATEE CONDO","33154","1974","801","","True","11","11","","1101","Ocean Access, Ocean Front","Community Room, Elevator, Exercise Room, Pool, Sauna, Trash Chute","6343","True","As Is","Condo","Condo/Co-Op/Villa/Townhouse","Ocean View, Pool Area View, Water View","1 Space, Assigned Parking",""
"A12050593","Southeast Florida Regional","Active","550000","550000","550000","","","","","","2026-07-09 09:46:59","23","23","4650","","2","3","1","11111 Biscayne Blvd #PH AFG, MIAMI FL 33181","Jockey Club 2","Auto Parking On, Corporate Buyer OK","Furnished","Call Listing Agent","365","False","False","All Cash","Jockey Club 2","33181","1972","5400","","False","13","13","","PH AFG","","Clubhouse-Clubroom, Common Laundry, Elevator, Exercise Room, Other Amenities, Pool, Tennis","14274","True","As Is","Condo","Condo/Co-Op/Villa/Townhouse","Club Area View, Garden View, Pool Area View, Tennis Court View","Assigned Parking, Guest Parking",""
"A12061718","Southeast Florida Regional","Active","550000","550000","550000","","","","","","2026-07-30 14:40:36","1","1","960","","1","1","1","5601 Collins Ave #1515, MIAMIBCH FL 33140","THE PAVILION CONDO","Renting Limited","","Call Listing Agent","0","False","False","All Cash, Conventional","THE PAVILION CONDO","33140","1968","0","","False","18","15","","1515","","Bbq/Picnic Area, Bike Storage, Business Center, Common Laundry, Exercise Room, Heated Pool, Other Amenities, Pool, Trash Chute","7244","False","As Is","Condo","Condo/Co-Op/Villa/Townhouse","Bay, Canal","Valet Parking",""
"A12059237","Southeast Florida Regional","Active","550000","550000","550000","","","","","","2026-07-29 08:29:38","2","2","960","","2","2","0","5225 Collins Ave #1110, MIAMIBCH FL 33140","The Alexander Condo","Daily Rentals Allowed, Ok To Lease","","Vacant","1","False","False","All Cash, Conventional","The Alexander Condo","33140","1962","1807","","True","17","11","","1110","Ocean Front","Bar, Bike/Jog Path, Business Center, Common Laundry, Elevator, Exercise Room, Heated Pool, Pool, Private Beach Pavilion, Spa/Hot Tub, Trash Chute","8548","True","As Is","Condo","Condo/Co-Op/Villa/Townhouse","Intracoastal View, Ocean View","1 Space, Covered Parking, Valet Parking",""
"A12056919","Southeast Florida Regional","Active","550000","550000","550000","","","","","","2026-07-20 17:53:34","11","11","1251","","2","2","0","7900 Harbor Island Dr #705, NBAYVLGE FL 33141","360 CONDO A","No Daily Rentals, Okay To Lease 1st Year","","Owner Occupied","90","False","False","All Cash, Conventional","360 CONDO A","33141","2007","893","","True","15","7","","705","Bay Front","Bike Storage, Clubhouse-Clubroom, Marina, Pool, Sauna, Trash Chute","8320","False","As Is","Condo, Homeowners","Condo/Co-Op/Villa/Townhouse","Bay","2 Or More Spaces, Additional Spaces Available",""
"A12047263","Southeast Florida Regional","Active","550000","550000","550000","","","","","","2026-07-09 13:17:03","22","22","1174","","2","2","1","601 NE 36th St #2203, MIAMI FL 33137","BLUE CONDO","Other Restrictions","","Vacant","365","False","False","All Cash, Conventional","BLUE CONDO","33137","2005","1668","","False","32","22","","2203","","Bbq/Picnic Area, Billiard Room, Business Center, Child Play Area, Elevator, Exercise Room, Pool","10507","False","As Is","Condo","Condo/Co-Op/Villa/Townhouse","Bay","1 Space, Additional Spaces Available, Valet Parking",""
"A12055531","Southeast Florida Regional","Active","550000","550000","550000","","","","","","2026-07-21 10:30:09","11","11","842","","1","1","0","485 Brickell Ave #2306, MIAMI FL 33131","ICON BRICKELL 3","Daily Rentals Allowed, Okay To Lease 1st Year","Furnished","Tenant Occupied","1","False","False","All Cash, Conventional","ICON BRICKELL 3","33131","2009","1927","","True","55","23","","2306","Bay Front, Canal Front","Bar, Elevator, Exercise Room, Sauna, Spa/Hot Tub","8880","False","As Is","Condo","Condo/Co-Op/Villa/Townhouse","Bay, Canal, Water View","1 Space, Assigned Parking, Valet Parking",""
"A12058648","Southeast Florida Regional","Active","550000","550000","550000","","","","","","2026-07-28 13:25:33","3","3","696","","1","1","1","1300 Brickell Bay Dr #2005, MIAMI FL 33131","BRICKELL HOUSE","No Daily Rentals, Ok To Lease, Okay To Lease 1st Year","Unfurnished","Vacant","30","False","False","All Cash, Conventional","BRICKELL HOUSE","33131","2014","748","","True","45","20","","2005","Bay Front","Business Center, Clubhouse-Clubroom, Community Room, Elevator, Exercise Room, Heated Pool, Pool","7576","False","As Is","Condo","Condo/Co-Op/Villa/Townhouse","Ocean View, Water View","1 Space",""
"A12049374","Southeast Florida Regional","Active","550000","550000","550000","","","","","","2026-07-08 14:25:46","24","24","850","","1","1","0","800 West Ave #631, MIAMIBCH FL 33139","South Bay Club","See Broker Remarks","Unfurnished","Call Listing Agent","180","False","False","All Cash, Conventional","South Bay Club","33139","1966","1150","","True","10","6","","631","Bay Front","Bbq/Picnic Area, Bike Storage, Billiard Room, Boat Dock, Common Laundry, Elevator, Exercise Room, Heated Pool, Pool, Spa/Hot Tub, Trash Chute","7604","False","As Is","Condo","Condo/Co-Op/Villa/Townhouse","Bay","1 Space, Assigned Parking",""
"A12051275","Southeast Florida Regional","Active","549999","549997","549997","","","","","","2026-07-09 22:08:51","283","22","816","","1","1","0","475 Brickell Ave #3111, MIAMI FL 33131","Icon Brickell","Ok To Lease","Unfurnished","Owner Occupied","180","False","False","All Cash, Conventional, FHA, Va","Icon Brickell","33131","2008","1208","","True","57","27","","3111","Bay Front","Bike/Jog Path, Billiard Room, Business Center, Cabana, Elevator, Exercise Room, Heated Pool","5099","False","None","Condo","Condo/Co-Op/Villa/Townhouse","Bay, Pool Area View","1 Space",""
"A12054441","Southeast Florida Regional","Active","574900","549900","549900","","","","","","2026-07-15 17:26:56","16","16","799","","2","2","0","1600 SW 1st Ave #812, MIAMI FL 33129","Le Parc At Beickell","Ok To Lease, Okay To Lease 1st Year","Furnished","Vacant","180","False","False","All Cash, Conventional","Le Parc At Beickell","33129","2016","1060","","False","12","8","","812","","Bike Storage, Bike/Jog Path, Business Center, Child Play Area, Community Room, Elevator, Exercise Room, Other Membership Available, Pool, Trash Chute","4211","False","As Is","Condo","Condo/Co-Op/Villa/Townhouse","Pool Area View","Other Parking, Parking-Under Building",""
"A12060235","Southeast Florida Regional","Active","549000","549000","549000","","","","","","2026-07-29 18:11:39","2","2","1181","","2","2","0","3530 Mystic Pointe Dr #1004, AVENTUR FL 33180","MYSTIC POINTE","Ok To Lease, Okay To Lease 1st Year","","Call Listing Agent","180","False","False","All Cash, Conventional, Other Terms","MYSTIC POINTE","33180","1991","1268","","True","34","10","","1004","Intracoastal Front","Basketball Courts, Bike Storage, Child Play Area, Community Room, Elevator, Exercise Room, Extra Storage, Hobby Room, Pickleball, Pool, Sauna, Spa/Hot Tub, Tennis, Trash Chute","5965","False","As Is","Condo","Condo/Co-Op/Villa/Townhouse","Intracoastal View, Water View","1 Space, Assigned Parking, Covered Parking",""
"A12061890","Southeast Florida Regional","Active","549000","549000","549000","","","","","","2026-07-30 09:23:25","1","1","367","","0","1","0","697 N Miami Ave #509, MIAMI FL 33136","Flow House","Other Restrictions","","Call Listing Agent","0","False","False","All Cash, Conventional","Flow House","33136","2025","439","","False","0","0","","509","","Other Amenities","0","False","As Is","Condo","Condo/Co-Op/Villa/Townhouse","Other View","Other Parking",""
"A12053023","Southeast Florida Regional","Active","549000","549000","549000","","","","","","2026-07-17 10:32:01","111","15","824","Entry Level","2","2","0","5701 Collins Ave #1707, MIAMIBCH FL 33140","Arlene Beach","Ok To Lease, Okay To Lease 1st Year","Furn For Sale","Vacant","120","False","False","All Cash, Conventional","Arlene Beach","33140","1969","1250","","True","18","17","","1707","Ocean Front","Bbq/Picnic Area, Bike Storage, Business Center, Community Room, Elevator, Exercise Room, Pool","6287","False","As Is, Completely Renovated","Condo","Condo/Co-Op/Villa/Townhouse","Intracoastal View, Other View, Water View","1 Space, Assigned Parking, Covered Parking, Valet Parking",""
"A12060271","Southeast Florida Regional","Active","549000","549000","549000","","","","","","2026-07-29 14:39:06","3","3","960","","1","1","1","100 Jefferson Ave #10004, MIAMIBCH FL 33139","THE COURTS","Ok To Lease","","Call Listing Agent","180","False","False","All Cash, Conventional","THE COURTS","33139","1996","1195","","False","4","2","","10004","","Bbq/Picnic Area, Clubhouse-Clubroom, Elevator, Exercise Room, Extra Storage, Pool","10931","","As Is","Homeowners","Condo/Co-Op/Villa/Townhouse","Garden View","1 Space, Assigned Parking, Covered Parking",""
"A12052598","Southeast Florida Regional","Active","548000","545000","545000","","","","","","2026-07-13 12:35:55","18","18","1429","","3","2","1","10407 NW 82nd St #12, DORAL FL 33178","High land at Central Park","Ok To Lease","","Vacant","360","False","False","All Cash, Conventional","High land at Central Park","33178","2019","790","","False","2","1","","12","","Basketball Courts, Business Center, Cabana, Child Play Area, Clubhouse-Clubroom, Elevator, Exercise Room, Exterior Lighting, Pool, Tennis, Trash Chute","8716","False","As Is","Condo","Condo/Co-Op/Villa/Townhouse","Other View","2 Or More Spaces",""
"A12053173","Southeast Florida Regional","Active","545000","545000","545000","","","","","","2026-07-14 07:41:16","17","17","1018","","2","2","0","1600 NE 1st Ave #2216, MIAMI FL 33132","CANVAS","No Trucks/Rv'S, Okay To Lease 1st Year, Renting Limited","Furnished","Tenant Occupied","30","False","False","All Cash, Conventional, FHA","CANVAS","33132","2018","1005","","False","38","21","","2216","","Billiard Room, Business Center, Clubhouse-Clubroom, Elevator, Exercise Room, Sauna, Spa/Hot Tub","8666","False","As Is","Condo","Condo/Co-Op/Villa/Townhouse","Other View","2 Or More Spaces, Additional Spaces Available, Valet Parking",""
"A12063090","Southeast Florida Regional","Active","545000","545000","545000","","","","","","2026-07-31 12:43:21","320","0","701","Entry Level","1","1","","1300 Brickell Bay Dr #903, MIAMI FL 33131","BRICKELL HOUSE","Corporate Buyer OK, Ok To Lease, Okay To Lease 1st Year","Furn For Sale","Vacant","30","False","False","All Cash, Conventional, FHA","BRICKELL HOUSE","33131","2014","700","","False","41","9","","903","","Business Center, Child Play Area, Community Room, Elevator, Exercise Room, Pool, Sauna","9196","False","As Is, Corporation Owned Property","Condo","Condo/Co-Op/Villa/Townhouse","Direct Ocean","1 Space, Valet Parking",""
"A12054708","Southeast Florida Regional","Active","545000","545000","545000","","","","","","2026-07-20 11:04:00","11","11","806","","1","1","0","500 Brickell Ave #2200, MIAMI FL 33131","500 BRICKELL EAST","Ok To Lease","Unfurnished","Tenant Occupied","30","False","False","All Cash, Conventional","500 BRICKELL EAST","33131","2008","1022","","False","42","22","","2200","","Billiard Room, Business Center, Clubhouse-Clubroom, Community Room, Elevator, Exercise Room, Extra Storage, Heated Pool, Other Amenities, Sauna, Trash Chute","7623","False","As Is","Condo","Condo/Co-Op/Villa/Townhouse","Bay","Valet Parking",""
"A12049528","Southeast Florida Regional","Active","559000","545000","545000","","","","","","2026-07-08 08:58:45","23","23","1115","","1","1","1","55 Merrick Way #744, CORALGBL FL 33134","55 MERRICK WAY","Ok To Lease, Renting Limited","","Call Listing Agent","365","False","False","All Cash, Conventional","55 MERRICK WAY","33134","2008","1297","","False","9","7","","744","","Business Center, Community Room, Elevator, Exercise Room, Other Amenities, Pool","7432","False","As Is","Condo","Condo/Co-Op/Villa/Townhouse","Other View, Skyline View","2 Or More Spaces, Assigned Parking, Covered Parking",""
"A12045606","Southeast Florida Regional","Active","545000","545000","545000","","","","","","2026-07-03 13:32:41","29","29","874","","1","1","0","900 Lenox Ave #3, MIAMIBCH FL 33139","Lenox Flats","No Daily Rentals, Okay To Lease 1st Year","","Owner Occupied","182","False","False","All Cash, Conventional","Lenox Flats","33139","1947","800","","False","2","2","","3","","Bbq/Picnic Area, Common Laundry, Exterior Lighting","1409","False","As Is","Condo","Condo/Co-Op/Villa/Townhouse","Garden View","Street Parking",""
"A12051879","Southeast Florida Regional","Active","544900","544900","544900","","","","","","2026-07-11 13:33:28","440","20","1013","","2","2","0","1111 SW 1st Ave #2223-N, MIAMI FL 33130","The Axis on Brickell","Ok To Lease, Okay To Lease 1st Year, Other Restrictions","","Vacant","30","False","False","All Cash, Conventional","The Axis on Brickell","33130","2008","1190","","False","40","31","","2223-N","","Business Center","7765","False","As Is","Condo","Condo/Co-Op/Villa/Townhouse","Skyline View","1 Space",""
"A12050311","Southeast Florida Regional","Active","540000","540000","540000","","","","","","2026-07-08 20:23:55","23","23","857","","1","2","0","9273 Collins Ave #1010, SURFSIDE FL 33154","Manatee condominium","Corporate Buyer OK, Ok To Lease","","Vacant","90","False","False","All Cash, Conventional","Manatee condominium","33154","1974","3190","","True","11","10","","1010","Ocean Front","Heated Pool, Pool, Sauna, Trash Chute","6712","False","As Is, Corporation Owned Property","Condo, Other","Condo/Co-Op/Villa/Townhouse","Ocean View, Direct Ocean, Pool Area View","1 Space, Assigned Parking, Parking-Under Building",""
"A12054926","Southeast Florida Regional","Active","588000","540000","540000","","","","","","2026-07-16 14:05:41","15","15","489","","1","1","0","121 NE 5th St #3405, MIAMI FL 33132","501 First Residence","Corporate Buyer OK, Daily Rentals Allowed","","Tenant Occupied","1","False","False","All Cash, Conventional, Cryptocurrency","501 First Residence","33132","2025","802","","False","40","34","","3405","","Exercise Room","0","False","As Is","Condo","Condo/Co-Op/Villa/Townhouse","Bay","Valet Parking",""
"A12056723","Southeast Florida Regional","Active","540000","540000","540000","","","","","","2026-07-22 10:52:08","9","9","720","","1","1","0","6801 Collins Ave #1015, MIAMIBCH FL 33141","CARILLON CONDO","Ok To Lease","Furnished","Call Listing Agent","1","False","False","Cash Only","CARILLON CONDO","33141","2008","0","2954","True","17","10","","1015","Ocean Front","Exercise Room, Heated Pool, Other Amenities, Pool, Sauna, Spa/Hot Tub, Trash Chute","7516","False","As Is","Condo","Condo/Co-Op/Villa/Townhouse","Ocean View, Water View","1 Space, Valet Parking",""
"A12057034","Southeast Florida Regional","Active","540000","540000","540000","","","","","","2026-07-20 22:16:15","11","11","1007","Entry Level","2","2","1","5555 Ludlam Rd #41, SMIAMI FL 33155","Miller Sixty-Seven","Exterior Alterations, No Lease-1st Year Owned","Unfurnished","Owner Occupied","365","False","False","All Cash, Conventional, Va","Miller Sixty-Seven","33155","1974","430","","False","1","1","","41","","Pool","2365","","As Is","Homeowners","Condo/Co-Op/Villa/Townhouse","None","1 Space, Guest Parking",""
"A12050686","Southeast Florida Regional","Active","535000","535000","535000","","","","","","2026-07-10 14:22:38","105","21","1251","","2","2","0","7900 Harbor Island Dr #610, NBAYVLGE FL 33141","360 Condominium","Exterior Alterations, Ok To Lease, Okay To Lease 1st Year","Unfurnished","Owner Occupied","180","True","False","All Cash, Conventional","360 Condominium","33141","2007","798","","True","12","6","","610","Bay Front, Other Waterfront","Bike Storage, Boat Dock, Business Center, Child Play Area, Clubhouse-Clubroom, Community Room, Elevator, Exercise Room, Exterior Lighting, Extra Storage, Heated Pool, Marina, Pool, Trash Chute","9033","True","As Is","Condo","Condo/Co-Op/Villa/Townhouse","Intracoastal View, Other View, Skyline View","1 Space, Assigned Parking, Covered Parking",""
"A12056486","Southeast Florida Regional","Active","535000","535000","535000","","","","","","2026-07-20 12:19:33","11","11","790","","1","1","1","300 S Biscayne Blvd #T-3301, MIAMI FL 33131","MET1 CONDOMINIUM","Exterior Alterations","","Tenant Occupied","180","False","False","All Cash, Conventional","MET1 CONDOMINIUM","33131","2008","0","","False","42","33","","T-3301","","Billiard Room, Business Center, Clubhouse-Clubroom, Exercise Room, Kitchen Facilities, Other Amenities, Pool, Sauna, Trash Chute","6996","True","As Is","Condo","Condo/Co-Op/Villa/Townhouse","Other View","1 Space",""
"A12055395","Southeast Florida Regional","Active","535000","535000","535000","","","","","","2026-07-17 10:54:32","14","14","850","","1","1","0","800 West Ave #523, MIAMIBCH FL 33139","SOUTH BAY CLUB CONDO","Okay To Lease 1st Year","","Vacant","180","False","False","All Cash, Conventional","SOUTH BAY CLUB CONDO","33139","1966","1150","","True","10","5","","523","Bay Front","Bbq/Picnic Area, Bike Storage, Common Laundry, Community Room, Elevator, Exercise Room, Pool, Spa/Hot Tub, Trash Chute, Vehicle Wash Area","7179","True","None","Condo","Condo/Co-Op/Villa/Townhouse","Bay","1 Space",""
"A12058758","Southeast Florida Regional","Active","530000","530000","530000","","","","","","2026-07-23 13:34:50","8","8","1429","","3","2","1","10455 NW 82nd St #10, DORAL FL 33178","Highland at Park Central","No Daily Rentals, No Trucks/Rv'S, Okay To Lease 1st Year","","Vacant","360","False","False","All Cash, Conventional","Highland at Park Central","33178","2018","822","","False","3","1","","10","","Basketball Courts, Clubhouse-Clubroom, Exercise Room, Kitchen Facilities, Pool, Sauna, Tennis","8716","False","As Is","Condo","Condo/Co-Op/Villa/Townhouse","Other View","2 Or More Spaces, Assigned Parking, Guest Parking",""
"A12060320","Southeast Florida Regional","Active","530000","530000","530000","","","","","","2026-07-27 11:34:15","4","4","1350","","2","2","0","500 Bayview Dr #2121, SUNNYISL FL 33160","ARLEN HOUSE WEST CONDO","No Lease First 2 years, Ok To Lease","","Vacant","180","False","False","All Cash, Conventional, FHA-Va Approved","ARLEN HOUSE WEST CONDO","33160","1969","1195","","True","22","21","","2121","Bay Front, Canal Front, Ocean Front","Boat Dock, Business Center, Clubhouse-Clubroom, Common Laundry, Elevator, Exercise Room, Other Amenities, Pool, Tennis","5910","True","As Is","Condo","Condo/Co-Op/Villa/Townhouse","Bay, Canal, Intracoastal View, Ocean View, Pool Area View, Water View","1 Space",""
"B26050104","Beaches MLS","Active","549000","529000","529000","","","","","","2026-07-08 17:52:14","23","23","799","Entry Level","1","1","1","200 Biscayne Blvd Way #3909, Miami FL 33131","","Assoc Approval Required, Ok To Lease With Res, No Daily Rentals, Other Restrictions","","Owner Occupied","","False","","All Cash, Conventional","","33131","2008","4081","","True","54","39","","3909","Other Waterfront, River Front","Business Center, Cabana, Community Pool, Exercise Room, Pool, Private Pool, Security Patrol","8294","False","","Condo","Condo/Co-Op/Villa/Townhouse","","1 Space, Assigned Parking, Awning, Covered Parking, Parking Garage, Valet Parking",""
"A12056969","Southeast Florida Regional","Active","529000","529000","529000","","","","","","2026-07-20 19:31:25","11","11","1507","","4","3","0","10720 NW 82nd Ter #1-8, DORAL FL 33178","Leeward","Ok To Lease","","Tenant Occupied","265","False","False","All Cash, Conventional, FHA","Leeward","33178","2005","320","","False","2","1","","1-8","","Clubhouse-Clubroom","8121","True","As Is","Condo","Condo/Co-Op/Villa/Townhouse","Other View","2 Or More Spaces",""
"A12056952","Southeast Florida Regional","Active","529000","529000","529000","","","","","","2026-07-20 19:04:56","11","11","1507","","4","3","0","8242 NW 107th Ct #8-12, DORAL FL 33178","LEEWARD","Ok To Lease","","Tenant Occupied","365","False","False","All Cash, Conventional, FHA","LEEWARD","33178","2005","320","","False","2","1","","8-12","","Basketball Courts, Bbq/Picnic Area, Clubhouse-Clubroom, Exercise Room, Other Amenities, Pool, Tennis","7460","True","As Is","Condo","Condo/Co-Op/Villa/Townhouse","Other View","2 Or More Spaces",""
"A12052032","Southeast Florida Regional","Active","529000","529000","529000","","","","","","2026-07-15 21:01:33","23","23","702","","1","1","0","951 Brickell Ave #2803, MIAMI FL 33131","The Plaza 901 Condo","Ok To Lease, Okay To Lease 1st Year","","Tenant Occupied","30","False","False","All Cash, Conventional","The Plaza 901 Condo","33131","2008","836","","False","43","28","","2803","","Clubhouse-Clubroom, Community Room, Elevator, Exercise Room, Other Amenities, Pool","6140","False","As Is, Foreign Seller","Condo","Condo/Co-Op/Villa/Townhouse","Skyline View","1 Space, Assigned Parking, Covered Parking",""
"B26050248","Beaches MLS","Active","539900","528900","528900","","","","","","2026-07-08 22:14:38","673","22","820","","1","1","0","6899 Collins Avenue #1409, Miami Beach FL 33141","","Ok To Lease With Res, No Daily Rentals","Furnished","Vacant","","False","","All Cash, Conventional, Exchange, FHA, FHA 203K","","33141","2008","3168","","False","35","14","","1409","Ocean Access","Card/Electric Gate, Community Pool, Elevator, Exercise Room, Guard At Gate, Heated Pool, Management On Site, Pool, Private Pool, Sauna, Security Patrol, Spa/Hot Tub, Trash Chute","9798","False","","Condo","Condo/Co-Op/Villa/Townhouse","","1 Space, Awning, Circular Drive, Covered Parking, Limited # Of Vehicle, Parking Garage",""
"B26051289","Beaches MLS","Active","525000","525000","525000","","","","","","2026-07-11 16:45:29","20","20","925","Entry Level","2","2","0","1045 Lenox Avenue #6, Miami Beach FL 33139","","Other Restrictions","Unfurnished","Owner Occupied","","False","","All Cash, Conventional, FHA, FHA 203K, Lease Option, Va, Will Rent","","33139","1949","379","","False","1","1","","6","","Other Amenities","5333","True","Homestead Exemption","Condo","Condo/Co-Op/Villa/Townhouse","","Street Parking",""
"A12051211","Southeast Florida Regional","Active","525000","525000","525000","","","","","","2026-07-27 00:40:59","4","4","1074","","2","2","0","18800 NE 29th Ave #517 (Fully Renovated), AVENTUR FL 33180","VENTURE AT AVENTURA","Ok To Lease, Okay To Lease 1st Year","Furnished","Vacant","180","False","False","All Cash, Conventional","VENTURE AT AVENTURA","33180","2005","866","","False","11","5","Coming Soon","517 (Fully Renovated)","","Business Center, Child Play Area, Clubhouse-Clubroom, Exercise Room, Pool","5908","False","Completely Renovated","Condo","Condo/Co-Op/Villa/Townhouse","Pool Area View","2 Or More Spaces, Assigned Parking",""
"A12061436","Southeast Florida Regional","Active","525000","525000","525000","","","","","","2026-07-28 18:12:30","3","3","745","","1","1","1","488 NE 18th St #3104, MIAMI FL 33132","ARIA ON THE BAY","Ok To Lease, Okay To Lease 1st Year","Unfurnished","Tenant Occupied","90","False","False","All Cash, Conventional","ARIA ON THE BAY","33132","2018","782","","True","53","31","","3104","Bay Front","Bbq/Picnic Area, Business Center, Child Play Area, Clubhouse-Clubroom, Elevator, Exercise Room, Exterior Lighting, Pool, Spa/Hot Tub","7614","False","As Is","Condo","Condo/Co-Op/Villa/Townhouse","Bay, Skyline View","1 Space, Street Parking, Valet Parking",""
"A12057506","Southeast Florida Regional","Active","525000","525000","525000","","","","","","2026-07-22 15:54:00","10","10","774","","1","1","1","488 NE 18th St #203, MIAMI FL 33132","ARIA ON THE BAY","Ok To Lease","","Tenant Occupied","180","False","False","All Cash, Conventional","ARIA ON THE BAY","33132","2018","873","","False","53","2","","203","","Child Play Area, Clubhouse-Clubroom, Elevator, Exercise Room, Pool, Sauna, Spa/Hot Tub","5717","False","As Is, Corporation Owned Property","Condo","Condo/Co-Op/Villa/Townhouse","None","1 Space",""
"A12043385","Southeast Florida Regional","Active","525000","525000","525000","","","","","","2026-07-23 10:11:10","8","8","667","","1","1","0","401 Ocean Dr #1001, MIAMIBCH FL 33139","The Presidential Condo","No Daily Rentals","","Tenant Occupied","90","True","False","All Cash, Conventional, FHA, FHA-Va Approved","The Presidential Condo","33139","1970","1163","","True","11","10","","1001","Ocean Front","Exercise Room, Heated Pool, Trash Chute","6478","False","As Is","Condo","Condo/Co-Op/Villa/Townhouse","Bay, Intracoastal View","1 Space",""
"A12050763","Southeast Florida Regional","Active","525000","525000","525000","","","","","","2026-07-13 09:58:59","18","18","1235","","2","2","0","10873 NW 1st Ln #10873, MIAMI FL 33172","WEST FLAGLER ESTS","No Restrictions","","Vacant","365","False","False","All Cash, Conventional","WEST FLAGLER ESTS","33172","1977","","","False","1","1","","10873","","No Amenities","5733","False","As Is","None","Condo/Co-Op/Villa/Townhouse","None","2 Or More Spaces, Open Space Parking",""
"A12058111","Southeast Florida Regional","Active","525000","525000","525000","","","","","","2026-07-22 13:54:51","692","9","504","","1","1","0","159 NE 6th St #5008, MIAMI FL 33132","Gale Residences","Daily Rentals Allowed, No Restrictions, Ok To Lease","","Owner Occupied","0","False","False","All Cash, Conventional, Cryptocurrency","Gale Residences","33132","2024","1293","","False","51","51","","5008","","Business Center, Clubhouse-Clubroom, Exercise Room, Pool, Spa/Hot Tub","8721","False","None","Condo","Condo/Co-Op/Villa/Townhouse","Bay, Skyline View, Water View","Valet Parking",""
"A12047563","Southeast Florida Regional","Active","525000","525000","525000","","","","","","2026-07-03 12:07:51","28","28","644","Entry Level","1","1","","1300 Brickell Bay Dr #1110, MIAMI FL 33131","BRICKELL HOUSE","Okay To Lease 1st Year","Unfurnished","Tenant Occupied","30","False","False","All Cash, Conventional","BRICKELL HOUSE","33131","2014","626","","False","46","11","","1110","","Elevator, Exercise Room, Private Pool","6171","False","As Is","Condo","Condo/Co-Op/Villa/Townhouse","Bay, Skyline View, Water View","1 Space",""
"A12055385","Southeast Florida Regional","Active","520000","520000","520000","","","","","","2026-07-25 11:00:34","6","6","660","Entry Level","0","1","0","2301 Collins Ave #522, MIAMIBCH FL 33139","RONEY PALACE","Ok To Lease, Other Restrictions","Unfurnished","Tenant Occupied","30","False","False","All Cash, Conventional","RONEY PALACE","33139","1926","1559","","True","18","5","","522","Ocean Front","Bar, Elevator, Exercise Room, Exterior Lighting, Heated Pool, Other Amenities, Pool, Spa/Hot Tub, Trash Chute","8044","True","As Is","Condo","Condo/Co-Op/Villa/Townhouse","Other View","Valet Parking",""
"A12055105","Southeast Florida Regional","Active","520000","520000","520000","","","","","","2026-07-16 16:39:29","15","15","773","","1","1","1","601 NE 36th St #1311, MIAMI FL 33137","BLUE CONDO","Ok To Lease","","Tenant Occupied","365","False","False","All Cash, Conventional","BLUE CONDO","33137","2005","1101","","False","0","13","","1311","","Pool","6559","False","As Is","Condo","Condo/Co-Op/Villa/Townhouse","Water View","1 Space, Other Parking",""
"A12053963","Southeast Florida Regional","Active","520000","520000","520000","","","","","","2026-07-15 08:20:18","16","16","942","","2","2","0","170 SE 14th St #2604, MIAMI FL 33131","THE SAIL CONDO","Corporate Buyer OK","","Tenant Occupied","30","False","False","All Cash, Conventional","THE SAIL CONDO","33131","2006","900","","True","30","26","","2604","Bay Front","Bike Storage, Clubhouse-Clubroom, Elevator, Exercise Room, Exterior Lighting, Sauna","6000","","As Is","Homeowners","Condo/Co-Op/Villa/Townhouse","Bay","1 Space",""
"A12039315","Southeast Florida Regional","Active","545000","520000","520000","","","","","","2026-07-09 13:45:06","206","25","842","","1","1","0","485 Brickell Ave #3707, MIAMI FL 33131","Icon Brickell","Daily Rentals Allowed, Ok To Lease, Okay To Lease 1st Year","Furnished","Owner Occupied","1","False","False","All Cash, Conventional","Icon Brickell","33131","2009","1926","","True","50","37","","3707","River Front, Seawall","Pool, Sauna, Spa/Hot Tub, Trash Chute","9817","False","As Is","Condo","Condo/Co-Op/Villa/Townhouse","River, Skyline View","Valet Parking",""
"A12060838","Southeast Florida Regional","Active","519990","519990","519990","","","","","","2026-07-27 22:22:55","4","4","1124","","3","2","0","8301 NW 41st St #B-107, DORAL FL 33166","Urbana At Residences Cond","No Daily Rentals, Ok To Lease","Unfurnished","Vacant","365","True","False","All Cash, Conventional","Urbana At Residences Cond","33166","2021","607","214","False","4","1","","B-107","","Basketball Courts, Bbq/Picnic Area, Child Play Area, Clubhouse-Clubroom, Exercise Room, Heated Pool, Hobby Room, Other Amenities, Pool","9711","False","As Is, None","Condo","Condo/Co-Op/Villa/Townhouse","Other View","Assigned Parking, Guest Parking, Street Parking",""
"A12059546","Southeast Florida Regional","Active","519900","519900","519900","","","","","","2026-07-24 15:45:23","7","7","1087","","2","2","1","338 Majorca Ave #207, CORALGBL FL 33134","The Majorca Condo","No Restrictions","","Vacant","0","False","False","All Cash, Conventional","The Majorca Condo","33134","1981","600","","False","0","2","","207","","Pool","5500","False","As Is","Condo","Condo/Co-Op/Villa/Townhouse","Pool Area View","1 Space, Detached",""
"A12060537","Southeast Florida Regional","Active","519900","519900","519900","","","","","","2026-07-27 15:26:55","4","4","806","","1","1","1","701 Brickell Key Blvd #1808, MIAMI FL 33131","CURVOISIER COURTS","Other Restrictions","Unfurnished","Vacant","365","False","False","All Cash, Conventional","CURVOISIER COURTS","33131","1997","966","88","True","27","18","","1808","Bay Front, River Front","Elevator, Exercise Room","7816","False","As Is","Condo","Condo/Co-Op/Villa/Townhouse","Bay, River","1 Space, Assigned Parking, Valet Parking",""
"A12060229","Southeast Florida Regional","Active","519000","519000","519000","","","","","","2026-07-28 10:56:58","4","4","1093","","2","2","0","90 SW 3rd St #2001, MIAMI FL 33130","IVY CONDO","Ok To Lease, See Broker Remarks","","Tenant Occupied","180","False","False","All Cash, Conventional","IVY CONDO","33130","2008","1282","","True","45","20","","2001","Canal Front","Child Play Area, Elevator, Exercise Room, Kitchen Facilities, Other Amenities, Pool, Sauna, Spa/Hot Tub","7541","False","As Is","Condo","Condo/Co-Op/Villa/Townhouse","Canal, Other View","1 Space, Assigned Parking, Guest Parking",""
"A12058996","Southeast Florida Regional","Active","519000","519000","519000","","","","","","2026-07-23 18:22:11","550","8","825","","1","1","0","1200 Brickell Bay Dr #3708, MIAMI FL 33131","THE CLUB AT BRICKELL BAY","Exterior Alterations, Ok To Lease","Unfurnished","Tenant Occupied","1","False","False","Conventional","THE CLUB AT BRICKELL BAY","33131","2005","710","","True","43","37","","3708","Bay Front","Clubhouse-Clubroom, Community Room, Exercise Room, Exterior Lighting, Pool, Trash Chute","6714","False","As Is","Condo","Condo/Co-Op/Villa/Townhouse","Bay","1 Space, Assigned Parking, Valet Parking",""
"A12056445","Southeast Florida Regional","Active","519000","519000","519000","","","","","","2026-07-20 11:32:33","399","11","825","","1","1","0","1200 Brickell Bay Dr #1518, MIAMI FL 33131","THE CLUB AT BRICKELL BAY","No Restrictions","","Tenant Occupied","1","False","False","All Cash, Conventional","THE CLUB AT BRICKELL BAY","33131","2004","707","","False","43","15","","1518","","Elevator, Exercise Room, Other Amenities, Pool, Spa/Hot Tub","8034","False","As Is","Condo","Condo/Co-Op/Villa/Townhouse","Intracoastal View","1 Space, Assigned Parking, Guest Parking",""
"A12049618","Southeast Florida Regional","Active","518000","518000","518000","","","","","","2026-07-09 10:19:15","22","22","275","","0","1","","20 NE 11th St #4607A, MIAMI FL 33132","E11EVEN Hotel & Residence","Daily Rentals Allowed, Ok To Lease","","Vacant","365","False","False","All Cash, Conventional","E11EVEN Hotel & Residence","33132","2026","2376","","False","65","46","","4607A","","Bar, Bbq/Picnic Area, Clubhouse-Clubroom, Elevator, Exercise Room, Spa/Hot Tub","0","False","As Is","Condo","Condo/Co-Op/Villa/Townhouse","Skyline View","Valet Parking",""
"A12059367","Southeast Florida Regional","Active","517000","517000","517000","","","","","","2026-07-29 16:40:22","3","3","1005","","1","1","1","19370 Collins Ave #1122, SUNNYISL FL 33160","Ocean Reserve","Ok To Lease","Furnished","Call Listing Agent","365","True","False","All Cash, Conventional","Ocean Reserve","33160","1972","1200","","True","17","11","","1122","Canal Front, Intracoastal Front, Ocean Front","Business Center, Clubhouse-Clubroom, Common Laundry, Courtesy Bus, Elevator, Exercise Room, Pool, Tennis, Trash Chute","6326","True","As Is","Condo","Condo/Co-Op/Villa/Townhouse","Intracoastal View, Ocean View","1 Space, Assigned Parking, Covered Parking, Valet Parking",""
"A12059365","Southeast Florida Regional","Active","517000","517000","517000","","","","","","2026-07-29 16:14:54","3","3","1005","","1","1","1","19370 Collins Ave #1622, SUNNYISL FL 33160","Ocean Reserve","No Restrictions","","Call Listing Agent","365","True","False","All Cash, Conventional","Ocean Reserve","33160","1972","1200","","True","17","16","","1622","Bay Front, Canal Front, Intracoastal Front, Ocean Front","Business Center, Clubhouse-Clubroom, Common Laundry, Courtesy Bus, Elevator, Exercise Room, Pool, Tennis, Trash Chute","6326","True","As Is","Condo","Condo/Co-Op/Villa/Townhouse","Bay, Intracoastal View, Ocean View","1 Space, Assigned Parking, Covered Parking, Guest Parking, Valet Parking",""
"A12061770","Southeast Florida Regional","Active","515000","515000","515000","","","","","","2026-07-29 23:05:55","2","2","1565","","2","2","0","18071 Biscayne Blvd #901, AVENTUR FL 33160","DEL PRADO CONDO","Ok To Lease","","Tenant Occupied","365","False","False","All Cash, Conventional","DEL PRADO CONDO","33160","1971","1284","","True","22","9","","901","Bay Front, Ocean Access","Boat Dock, Common Laundry, Elevator, Exercise Room, Pool, Private Pool, Sauna, Tennis","3719","True","As Is","Condo","Condo/Co-Op/Villa/Townhouse","Bay, Club Area View, Garden View, Ocean View, Pool Area View, Skyline View, Tennis Court View, Water View","1 Space, Covered Parking, Guest Parking",""
"A12060606","Southeast Florida Regional","Active","515000","515000","515000","","","","","","2026-07-27 16:01:16","66","4","992","","2","2","0","1455 West Ave #603, MIAMIBCH FL 33139","BAYSHORE TERRACE CONDO","Corporate Buyer OK, No Daily Rentals, No Leasing","","Call Listing Agent","N/A","False","False","Conventional","BAYSHORE TERRACE CONDO","33139","1972","954","","False","9","6","","603","","Elevator, Pool","2326","False","As Is","Condo","Condo/Co-Op/Villa/Townhouse","None","1 Space",""
"A12058613","Southeast Florida Regional","Active","515000","515000","515000","","","","","","2026-07-23 11:39:04","8","8","1030","","2","2","0","7601 E Treasure Dr #2124, NBAYVLGE FL 33141","GRANDVIEW PALACE","Corporate Buyer OK, Ok To Lease","","Owner Occupied","365","False","False","All Cash, Conventional","GRANDVIEW PALACE","33141","1987","871","","True","21","26","","2124","Bay Front","Bbq/Picnic Area, Boat Dock, Community Room, Elevator, Marina, Pool","6124","False","As Is","Condo","Condo/Co-Op/Villa/Townhouse","Bay","1 Space",""
"A12045753","Southeast Florida Regional","Active","515000","515000","515000","","","","","","2026-07-02 12:18:10","29","29","868","","1","1","0","335 S Biscayne Blvd #3503, MIAMI FL 33131","One Miami East","Exterior Alterations, Other Restrictions","Unfurnished","Vacant","30","False","False","All Cash, Conventional","One Miami East","33131","2005","909","","True","44","35","","3503","Bay Front, Intracoastal Front, River Front","Elevator, Exercise Room, Spa/Hot Tub","7922","False","As Is","Condo","Condo/Co-Op/Villa/Townhouse","Bay, Intracoastal View, River","1 Space",""
"A12061444","Southeast Florida Regional","Active","515000","514999","514999","","","","","","2026-07-28 17:17:19","53","3","1251","","2","2","0","7910 W Harbor Island Dr #708, NBAYVLGE FL 33141","360 Condo","No Daily Rentals","","Tenant Occupied","180","True","False","All Cash, Conventional","360 Condo","33141","2007","862","","True","12","7","","708","Bay Front","Bbq/Picnic Area, Fishing Pier, Marina, Pool","9124","False","As Is","Condo","Condo/Co-Op/Villa/Townhouse","Bay","2 Or More Spaces",""
"A12055075","Southeast Florida Regional","Active","510000","510000","510000","","","","","","2026-07-16 16:06:46","15","15","761","","1","1","1","601 NE 36th St #1205, MIAMI FL 33137","BLUE CONDO","Other Restrictions","","Vacant","365","False","False","All Cash, Conventional","BLUE CONDO","33137","2005","1084","","True","0","12","","1205","Other Waterfront","Elevator, Exercise Room, Pool","0","False","As Is","Condo","Condo/Co-Op/Villa/Townhouse","Other View","1 Space, Other Parking",""
"A12062236","Southeast Florida Regional","Active","510000","510000","510000","","","","","","2026-07-29 21:57:35","4","4","555","","1","1","0","11 NE 6th St #2303, MIAMI FL 33132","THE CROSBY MIAMI WORLDCEN","Okay To Lease 1st Year","","Call Listing Agent","1","False","False","All Cash, Conventional","THE CROSBY MIAMI WORLDCEN","33132","2025","600","600","False","33","23","","2303","","Exercise Room, Other Amenities, Pool, Sauna, Spa/Hot Tub","0","False","None","Condo","Condo/Co-Op/Villa/Townhouse","Skyline View","1 Space, Valet Parking",""
"A12047508","Southeast Florida Regional","Active","510000","510000","510000","","","","","","2026-07-02 17:42:59","29","29","1180","","2","2","0","3232 SW 22nd St #903, MIAMI FL 33145","Gables Marquis","Exterior Alterations, No Lease First 2 years","","Vacant","365","False","False","All Cash","Gables Marquis","33145","2007","1237","","False","20","9","","903","","Bike Storage, Business Center, Clubhouse-Clubroom, Community Room, Elevator, Exercise Room, Pool, Trash Chute","7225","True","As Is, Structural Integrity Reserve Study","Condo","Condo/Co-Op/Villa/Townhouse","Other View","2 Or More Spaces, Guest Parking",""
"A12047485","Southeast Florida Regional","Active","510000","510000","510000","","","","","","2026-07-02 17:07:43","29","29","750","","1","1","0","1155 Brickell Bay Dr #2206, MIAMI FL 33131","The Mark Brickell","See Broker Remarks","","Tenant Occupied","180","False","False","All Cash, Conventional","The Mark Brickell","33131","2001","1197","","True","36","22","","2206","Other Waterfront","Bbq/Picnic Area, Child Play Area, Clubhouse-Clubroom, Community Room, Elevator, Exercise Room, Pool, Sauna, Tennis, Trash Chute","6220","False","As Is","Condo","Condo/Co-Op/Villa/Townhouse","Bay, Club Area View, Skyline View, Water View","1 Space, Covered Parking",""
"A12047015","Southeast Florida Regional","Active","510000","510000","510000","","","","","","2026-07-02 12:34:28","29","29","828","","1","1","0","999 SW 1st Ave #2015, MIAMI FL 33130","NINE AT MARY BRICKELL VIL","Ok To Lease","Furnished","Owner Occupied","30","False","False","All Cash, Conventional","NINE AT MARY BRICKELL VIL","33130","2015","958","","False","35","20","","2015","","Billiard Room, Business Center, Child Play Area, Clubhouse-Clubroom, Community Room, Exercise Room, Heated Pool","7902","False","As Is","Condo","Condo/Co-Op/Villa/Townhouse","Skyline View","1 Space, Assigned Parking, Covered Parking",""
"A12049709","Southeast Florida Regional","Active","509995","509995","509995","","","","","","2026-07-09 09:36:25","41","23","1027","Entry Level","2","2","0","2665 SW 37th Ave #1512, MIAMI FL 33133","Davinci Condo","Okay To Lease 1st Year","Furnished","Owner Occupied","180","False","False","All Cash, Conventional","Davinci Condo","33133","2002","792","","False","16","1512","","1512","","Business Center, Elevator, Exercise Room, Exterior Lighting, Pool, Trash Chute","7242","True","As Is","Condo","Condo/Co-Op/Villa/Townhouse","Skyline View","1 Space, Covered Parking",""
"A12055607","Southeast Florida Regional","Active","509000","509000","509000","","","","","","2026-07-18 20:39:30","13","13","910","","1","1","1","5151 Collins Ave #1027, MIAMIBCH FL 33140","SEACOAST 5151 CONDO","Corporate Buyer OK, Ok To Lease","Furnished","Call Listing Agent","30","False","False","All Cash, Conventional","SEACOAST 5151 CONDO","33140","1966","934","","True","17","10","","1027","Ocean Front","Bbq/Picnic Area, Bike Storage, Common Laundry, Community Room, Exercise Room, Pool","7543","True","As Is","Condo","Condo/Co-Op/Villa/Townhouse","Intracoastal View, Ocean View, Other View","1 Space",""
"A12054714","Southeast Florida Regional","Active","508000","508000","508000","","","","","","2026-07-16 00:00:00","483","15","673","","1","1","0","121 NE 34th St #1603, MIAMI FL 33137","HYDE MIDTOWN","Ok To Lease, Okay To Lease 1st Year","Furnished","Call Listing Agent","30","False","False","All Cash, Conventional","HYDE MIDTOWN","33137","2018","1151","","False","31","16","Active","1603","","Bike Storage, Billiard Room, Business Center, Child Play Area, Community Room, Exercise Room, Hobby Room, Other Amenities, Pool, Tennis","8055","False","As Is","Condo","Condo/Co-Op/Villa/Townhouse","Bay, Intracoastal View, Water View","Valet Parking",""
"A12046223","Southeast Florida Regional","Active","505000","505000","505000","","","","","","2026-07-01 14:09:00","30","30","843","Entry Level","1","1","1","888 Biscayne Blvd #2002, MIAMI FL 33132","MARINA BLUE","No Daily Rentals, Ok To Lease, See Broker Remarks","Unfurnished","Vacant","90","False","False","All Cash, Conventional","MARINA BLUE","33132","2008","866","","True","57","20","","2002","Bay Front","Bbq/Picnic Area, Bike Storage, Business Center, Clubhouse-Clubroom, Elevator, Exercise Room, Other Amenities, Pool, Sauna, Spa/Hot Tub, Trash Chute","7213","False","As Is","Condo","Condo/Co-Op/Villa/Townhouse","Bay, Skyline View, Water View","1 Space, Assigned Parking",""
"A12046326","Southeast Florida Regional","Active","500000","500000","500000","","","","","","2026-07-01 10:58:21","421","30","534","","1","1","0","2715 Tigertail Ave #102, MIAMI FL 33133","Tigertail Bay Condo","Ok To Lease","","Tenant Occupied","30","False","False","All Cash, Conventional","Tigertail Bay Condo","33133","1974","680","","False","6","1","","102","","Other Amenities","6924","","As Is","Homeowners","Condo/Co-Op/Villa/Townhouse","None","1 Space",""
"A12059837","Southeast Florida Regional","Active","500000","500000","500000","","","","","","2026-07-29 07:59:38","2","2","1450","","3","2","1","8424 NW 141st Ln #4307, MIAMILKE FL 33016","VILLA VIZCAYA","Ok To Lease","","Owner Occupied","120","False","False","All Cash, Conventional, FHA, Va","VILLA VIZCAYA","33016","2002","350","","False","2","1","","4307","","Child Play Area, Pool","5454","False","As Is","Condo","Condo/Co-Op/Villa/Townhouse","Other View","2 Or More Spaces, Additional Spaces Available, Assigned Parking, Guest Parking",""
"A12056811","Southeast Florida Regional","Active","500000","500000","500000","","","","","","2026-07-20 16:30:52","723","11","1171","","2","2","0","3001 NE 185th St #431, AVENTUR FL 33180","ALAQUA","No Lease-1st Year Owned","","Vacant","365","False","False","All Cash, Conventional","ALAQUA","33180","2007","1210","","True","7","4","","431","Canal Front","Bbq/Picnic Area, Boat Dock, Business Center, Clubhouse-Clubroom, Community Room, Elevator, Exterior Lighting, Heated Pool, Pool, Spa/Hot Tub, Trash Chute","2265","False","As Is","Condo","Condo/Co-Op/Villa/Townhouse","Other View","2 Or More Spaces, Covered Parking",""
"A12058254","Southeast Florida Regional","Active","500000","500000","500000","","","","","","2026-07-22 16:44:00","9","9","820","","1","1","0","100 Lincoln Rd #602, MIAMIBCH FL 33139","The Decoplage Condo","Ok To Lease","","Vacant","30","False","False","All Cash, Conventional","The Decoplage Condo","33139","1965","1287","","True","16","6","","602","Ocean Access, Ocean Front","Business Center, Common Laundry, Elevator, Exercise Room, Other Amenities, Pool","7642","True","As Is","Condo","Condo/Co-Op/Villa/Townhouse","Other View","1 Space, Valet Parking",""
"A12046361","Southeast Florida Regional","Active","500000","500000","500000","","","","","","2026-07-01 13:24:22","822","30","772","","1","1","0","6801 Collins Ave #608 (door 616), MIAMIBCH FL 33141","Carillon Beach","Corporate Buyer OK, Daily Rentals Allowed, Ok To Lease","Furnished","Tenant Occupied","1","False","False","All Cash, Conventional","Carillon Beach","33141","2008","2507","","True","16","6","","608 (door 616)","Ocean Access, Ocean Front","Bar, Clubhouse-Clubroom, Common Laundry, Exercise Room, Heated Pool, Other Amenities, Sauna, Spa/Hot Tub","9427","False","As Is","Condo","Condo/Co-Op/Villa/Townhouse","Ocean View, Other View","1 Space, Covered Parking, Valet Parking",""
"A12038066","Southeast Florida Regional","Active","500000","500000","500000","","","","","","2026-07-15 17:52:02","16","16","610","","1","1","1","501 NE 31st St #2904, MIAMI FL 33137","Paraiso Bayviews","No Daily Rentals","Unfurnished","Vacant","30","False","False","All Cash, Conventional","Paraiso Bayviews","33137","2018","848","","False","53","29","","2904","","Billiard Room, Business Center, Child Play Area, Clubhouse-Clubroom, Elevator, Exercise Room, Exterior Lighting, Heated Pool, Pool, Sauna, Spa/Hot Tub, Tennis, Trash Chute","7478","False","As Is","Condo","Condo/Co-Op/Villa/Townhouse","Bay","1 Space",""
"A12060617","Southeast Florida Regional","Active","500000","500000","500000","","","","","","2026-07-27 15:50:51","4","4","791","","2","2","0","151 SE 1st St #2511, MIAMI FL 33131","CENTRO CONDO","Ok To Lease","Unfurnished","Tenant Occupied","30","False","False","All Cash, Conventional","CENTRO CONDO","33131","2016","959","","False","38","25","","2511","","Clubhouse-Clubroom, Elevator, Exercise Room, Pool, Sauna","7172","False","As Is","Condo","Condo/Co-Op/Villa/Townhouse","Skyline View","None",""
"A12055138","Southeast Florida Regional","Active","500000","500000","500000","","","","","","2026-07-26 08:37:13","21","21","478","","1","1","0","159 NE 6th St #2914, MIAMI FL 33132","GALE / NATIVO","Daily Rentals Allowed, Ok To Lease","","Vacant","5","False","False","All Cash, Conventional, Other Terms","GALE / NATIVO","33132","2024","1300","","False","51","29","","2914","","Community Room, Elevator, Exercise Room, Pool, Spa/Hot Tub","6456","True","As Is","Condo","Condo/Co-Op/Villa/Townhouse","Skyline View","Valet Parking",""
"A12051883","Southeast Florida Regional","Active","500000","500000","500000","","","","","","2026-07-15 12:31:14","21","21","727","","1","1","1","1080 Brickell Ave #703, MIAMI FL 33131","The Bond","Ok To Lease","","Call Listing Agent","30","False","False","All Cash, Conventional","The Bond","33131","2016","823","823","False","44","7","","703","","Exercise Room, Other Amenities, Pool","5618","False","None","Condo","Condo/Co-Op/Villa/Townhouse","Other View","1 Space, Assigned Parking, Covered Parking",""
"A12050355","Southeast Florida Regional","Active","500000","500000","500000","","","","","","2026-07-08 15:50:23","23","23","402","","0","1","0","121 NE 5th St #3704, MIAMI FL 33132","501 First Residences","Other Restrictions","","Call Listing Agent","0","False","False","All Cash, Conventional, FHA, Other Terms","501 First Residences","33132","2025","589","","False","40","37","","3704","","Bbq/Picnic Area, Business Center, Clubhouse-Clubroom, Community Room, Exercise Room, Other Amenities, Pool","0","False","Other Special Info","Condo","Condo/Co-Op/Villa/Townhouse","Other View","Other Parking, Valet Parking",""
"A12051719","Southeast Florida Regional","Active","4999500","499995","499995","","","","","","2026-07-10 16:20:43","207","24","2470","","5","2","0","8401 SW 107th Ave #316E, MIAMI FL 33173","Kendall Acres","Ok To Lease","","Call Listing Agent","0","False","False","All Cash, Conventional","Kendall Acres","33173","1974","400","","False","3","3","","316E","","Extra Storage","4100","False","As Is","Homeowners","Condo/Co-Op/Villa/Townhouse","None","2 Or More Spaces, Additional Spaces Available",""
"A12053292","Southeast Florida Regional","Active","499900","499900","499900","","","","","","2026-07-14 11:05:02","17","17","1525","Entry Level","3","2","0","14817 Balgowan Rd #102-5, MIAMILKE FL 33016","REGATTA POINTE","Other Restrictions","Unfurnished","Call Listing Agent","365","False","False","All Cash, Conventional","REGATTA POINTE","33016","1994","614","","True","1","1","","102-5","Lake Front","Pool","2615","False","As Is","Condo","Condo/Co-Op/Villa/Townhouse","Lake","2 Or More Spaces, Guest Parking, Other Parking",""
"A12045921","Southeast Florida Regional","Active","499000","499000","499000","","","","","","2026-07-20 17:37:41","88","11","1666","","2","2","0","2801 NE 183rd St #1801W, AVENTUR FL 33160","ADMIRALS PORT CONDO WEST","Auto Parking On, No Lease First 2 years, Renting Limited","","Call Listing Agent","365","False","False","All Cash, Conventional","ADMIRALS PORT CONDO WEST","33160","1974","1086","","True","22","18","","1801W","Bay Front, Intracoastal Front","Child Play Area, Common Laundry, Exercise Room, Extra Storage, Heated Pool, Other Amenities, Pool, Tennis","5198","False","As Is","Condo","Condo/Co-Op/Villa/Townhouse","Bay, Other View","2 Or More Spaces, Assigned Parking",""
"A12060441","Southeast Florida Regional","Active","499000","499000","499000","","","","","","2026-07-30 10:37:26","1","1","1299","","2","3","0","3808 NE 6th Ave #1, MIAMI FL 33137","CORONA BAY TOWNHOUSES CON","Ok To Lease","","Vacant","365","False","False","All Cash, Conventional","CORONA BAY TOWNHOUSES CON","33137","1981","850","","False","2","1","","1","","Private Pool","5361","False","As Is","Condo","Condo/Co-Op/Villa/Townhouse","Garden View, Water View","1 Space, Assigned Parking, Guest Parking",""
"A12053302","Southeast Florida Regional","Active","499000","499000","499000","","","","","","2026-07-15 13:10:14","239","17","773","","1","1","1","601 NE 36th St #811, MIAMI FL 33137","Blue on the bay","No Daily Rentals","","Tenant Occupied","90","True","False","All Cash, Conventional, FHA","Blue on the bay","33137","2005","1098","","True","36","8","","811","Ocean Front","Bbq/Picnic Area, Bike Storage, Billiard Room, Business Center, Child Play Area, Clubhouse-Clubroom, Elevator, Exercise Room, Extra Storage, Heated Pool, Pool, Sauna, Trash Chute, Vehicle Wash Area","6867","False","As Is","Homeowners","Condo/Co-Op/Villa/Townhouse","Ocean View","2 Or More Spaces, Assigned Parking",""
"A12057625","Southeast Florida Regional","Active","499000","499000","499000","","","","","","2026-07-21 21:26:40","10","10","1518","","2","2","0","8395 SW 73rd Ave #412, MIAMI FL 33143","Collonade SW","Corporate Buyer OK, Ok To Lease, Okay To Lease 1st Year","","Vacant","365","False","False","All Cash, Conventional","Collonade SW","33143","2008","1495","","True","8","4","","412","Canal Front","Bike Storage, Clubhouse-Clubroom, Community Room, Elevator, Exercise Room, Exterior Lighting, Private Pool, Spa/Hot Tub, Trash Chute","6883","False","As Is, Documents Available","Condo","Condo/Co-Op/Villa/Townhouse","Canal, Garden View","2 Or More Spaces",""
"A12060745","Southeast Florida Regional","Active","499000","499000","499000","","","","","","2026-07-27 17:38:20","4","4","359","","0","1","0","121 NE 5th St #504, MIAMI FL 33132","501 First Residences","Ok To Lease, Okay To Lease 1st Year","","Vacant","1","False","False","Conventional","501 First Residences","33132","2025","562","","False","40","5","","504","","Elevator, Exercise Room, Exterior Lighting, Extra Storage, Other Amenities, Pool","0","False","As Is","Condo","Condo/Co-Op/Villa/Townhouse","Other View, Skyline View","Valet Parking",""
"A12058614","Southeast Florida Regional","Active","499000","499000","499000","","","","","","2026-07-23 17:25:54","8","8","570","","1","1","0","1300 S Miami Ave #2207, MIAMI FL 33130","1300 S MIAMI AVENUE CONDO","Other Restrictions","Unfurnished","Tenant Occupied","365","False","False","All Cash","1300 S MIAMI AVENUE CONDO","33130","2016","0","","False","0","0","","2207","","Elevator, Exercise Room","0","","As Is","Other","Condo/Co-Op/Villa/Townhouse","Other View","1 Space, Assigned Parking",""
"A12042374","Southeast Florida Regional","Active","499000","499000","499000","","","","","","2026-07-09 10:57:06","136","22","1020","","2","2","0","888 S Douglas Rd #1405, CORALGBL FL 33134","PUERTA DE PALMAS","Ok To Lease","Unfurnished","Call Listing Agent","365","False","False","All Cash, Conventional","PUERTA DE PALMAS","33134","2007","1351","","False","17","14","","1405","","Child Play Area, Exercise Room, Kitchen Facilities, Sauna","7054","False","As Is","Condo","Condo/Co-Op/Villa/Townhouse","Garden View","2 Or More Spaces",""
"A12050131","Southeast Florida Regional","Active","499000","499000","499000","","","","","","2026-07-09 09:28:54","478","24","694","","1","1","0","1100 West  Ave #1024, MIAMIBCH FL 33139","Mondrian South Beach","No Trucks/Rv'S","Furnished","Call Listing Agent","1","False","False","All Cash, Conventional, Owner Financing","Mondrian South Beach","33139","2008","2229","","False","17","1024","","1024","","Bar, Business Center, Cabana, Common Laundry, Elevator, Exercise Room","7433","False","As Is","Condo","Condo/Co-Op/Villa/Townhouse","Bay, Intracoastal View","1 Space, Valet Parking",""
"A12058883","Southeast Florida Regional","Active","495888","495888","495888","","","","","","2026-07-26 21:14:36","7","7","858","","1","1","0","3 Island Ave #09L, MIAMIBCH FL 33139","3 Island Avenue","No Lease-1st Year Owned","","Vacant","365","False","False","All Cash, Conventional","3 Island Avenue","33139","1962","0","1228","True","15","9","","09L","Bay Front, No Fixed Bridges","Bbq/Picnic Area, Bike Storage, Clubhouse-Clubroom, Common Laundry, Community Room, Elevator, Exterior Lighting, Extra Storage, Heated Pool, Pool, Trash Chute","4800","False","As Is","Condo","Condo/Co-Op/Villa/Townhouse","Bay, Garden View, Skyline View","1 Space, Assigned Parking, Guest Parking",""
"A12062055","Southeast Florida Regional","Active","495000","495000","495000","","","","","","2026-07-29 17:41:38","2","2","825","","1","1","1","6917 Collins Ave #1026, MIAMIBCH FL 33141","THE COLLINS CONDO","Ok To Lease","Furnished","Vacant","30","False","False","All Cash, Conventional","THE COLLINS CONDO","33141","1969","1030","","True","16","10","","1026","Ocean Front","Billiard Room, Community Room, Elevator, Exercise Room, Other Amenities, Pool","8094","False","As Is","Condo","Condo/Co-Op/Villa/Townhouse","Skyline View","1 Space, Assigned Parking",""
"A12056645","Southeast Florida Regional","Active","495000","495000","495000","","","","","","2026-07-23 09:56:48","8","8","791","","1","1","1","2130 Park Ave #6, MIAMIBCH FL 33139","ARTECITY","Okay To Lease 1st Year","Furnished","Vacant","30","False","False","All Cash, Conventional","ARTECITY","33139","2013","1282","","False","2","1","","6","","Elevator, Exercise Room, Exterior Lighting, Pool, Private Beach Pavilion","7513","False","As Is","Condo","Condo/Co-Op/Villa/Townhouse","Garden View, Other View","1 Space",""
"A12046165","Southeast Florida Regional","Active","500000","495000","495000","","","","","","2026-07-05 16:51:03","26","26","1047","","2","2","0","5555 Collins Ave #7B, MIAMIBCH FL 33140","OCEANSIDE PLAZA CONDO","No Daily Rentals, Other Restrictions","Unfurnished","Vacant","180","False","False","All Cash, Conventional","OCEANSIDE PLAZA CONDO","33140","1967","4132","","True","18","7","","7B","Ocean Access, Ocean Front","Elevator, Exercise Room, Other Amenities","6722","False","As Is","Condo","Condo/Co-Op/Villa/Townhouse","Ocean View, Other View","Additional Spaces Available, Valet Parking",""
"A12048809","Southeast Florida Regional","Active","495000","495000","495000","","","","","","2026-07-06 15:41:51","25","25","336","","0","1","","20 NE 11th #2703B, MIAMI FL 33132","E11even Hotel & Residence","See Broker Remarks","Furnished","Vacant","1","False","False","All Cash, Conventional","E11even Hotel & Residence","33132","2026","1295","","False","65","27","","2703B","","Bar, Clubhouse-Clubroom, Elevator, Exercise Room, Pool, Spa/Hot Tub","0","False","As Is","Condo","Condo/Co-Op/Villa/Townhouse","Other View","Valet Parking",""
"A12047511","Southeast Florida Regional","Active","495000","495000","495000","","","","","","2026-07-06 11:02:10","25","25","760","","1","1","0","1155 Brickell Bay Dr #3105, MIAMI FL 33131","The Mark Brickell","Ok To Lease, Other Restrictions, See Broker Remarks","","Tenant Occupied","180","False","False","All Cash, Conventional","The Mark Brickell","33131","2001","1216","","True","36","31","","3105","Bay Front","Bbq/Picnic Area, Child Play Area, Clubhouse-Clubroom, Community Room, Elevator, Exercise Room, Other Amenities, Pool, Sauna, Spa/Hot Tub, Tennis, Trash Chute","6220","False","As Is","Condo","Condo/Co-Op/Villa/Townhouse","Bay, Ocean View, Skyline View","Covered Parking, Guest Parking",""
"A12060022","Southeast Florida Regional","Active","495000","495000","495000","","","","","","2026-07-28 13:12:41","3","3","665","","1","1","0","465 Ocean Dr #303, MIAMIBCH FL 33139","ROYAL ATLANTIC","See Broker Remarks","","Call Listing Agent","365","False","False","All Cash, Conventional","ROYAL ATLANTIC","33139","1969","702","702","True","11","3","","303","Ocean Front","Common Laundry, Community Room, Exercise Room, Heated Pool, Pool, Sauna, Vehicle Wash Area","5735","False","As Is","Condo","Condo/Co-Op/Villa/Townhouse","Other View","Other Parking",""
"A12060738","Southeast Florida Regional","Active","490000","490000","490000","","","","","","2026-07-27 17:28:39","4","4","769","","1","1","0","5300 Paseo Blvd #810, DORAL FL 33166","5252","Other Restrictions","","Call Listing Agent","365","False","False","Other Terms","5252","33166","2016","250","","False","19","8","","810","","Other Amenities","6500","False","Other Special Info","Condo","Condo/Co-Op/Villa/Townhouse","Other View","Other Parking",""
"A12050529","Southeast Florida Regional","Active","490000","490000","490000","","","","","","2026-07-13 17:06:39","157","18","1236","","3","2","0","7809 NW 104th Ave #1, DORAL FL 33178","APEX AT PARK CENTRAL COND","Other Restrictions","","Tenant Occupied","365","False","False","All Cash, Conventional","APEX AT PARK CENTRAL COND","33178","2016","662","","True","4","1","","1","Other Waterfront","Clubhouse-Clubroom, Exercise Room, Pool, Private Pool","8187","","None","Homeowners","Condo/Co-Op/Villa/Townhouse","None","1 Space, Assigned Parking",""
"A12060219","Southeast Florida Regional","Active","490000","490000","490000","","","","","","2026-07-28 10:50:04","3","3","673","","1","1","0","121 NE 34th St #803, MIAMI FL 33137","3401 MIDTOWN CONDO","Ok To Lease","","Vacant","30","False","False","All Cash, Conventional","3401 MIDTOWN CONDO","33137","2018","1159","","False","32","8","","803","","Bike Storage, Billiard Room, Child Play Area, Community Room, Elevator, Exercise Room, Exterior Lighting, Other Amenities, Pool, Private Pool, Sauna, Spa/Hot Tub, Tennis, Trash Chute","7551","False","As Is","Condo","Condo/Co-Op/Villa/Townhouse","Other View","1 Space, Assigned Parking, Covered Parking, Valet Parking",""
"A12047325","Southeast Florida Regional","Active","490000","490000","490000","","","","","","2026-07-02 14:11:16","29","29","846","","2","2","0","4812 Pine Tree Dr #201, MIAMIBCH FL 33140","PINE TREE PLACE CONDO","Corporate Buyer OK","","Vacant","365","False","False","All Cash, Conventional","PINE TREE PLACE CONDO","33140","1932","996","","True","3","2","","201","Canal Front","Bike Storage, Pool","6399","False","As Is","Condo","Condo/Co-Op/Villa/Townhouse","Bay, Canal","2 Or More Spaces, Assigned Parking",""
"A12044537","Southeast Florida Regional","Active","490000","490000","490000","","","","","","2026-07-05 11:37:16","223","27","930","","1","1","1","5601 Collins Ave #1517, MIAMIBCH FL 33140","THE PAVILLON CONDO","Corporate Buyer OK","","Call Listing Agent","30","False","False","All Cash, Conventional","THE PAVILLON CONDO","33140","1968","1150","","True","18","15","","1517","Intracoastal Front, Ocean Access","Bbq/Picnic Area, Bike Storage, Common Laundry, Elevator, Exercise Room, Pool","8864","True","As Is","Condo","Condo/Co-Op/Villa/Townhouse","Intracoastal View","1 Space, Valet Parking",""
"B26056343","Beaches MLS","Active","489900","489900","489900","","","","","","2026-07-24 21:00:03","6","6","530","","0","1","0","100 LINCOLN Road #707, Miami Beach FL 33139","","Assoc Approval Required, Ok To Lease With Res, No Daily Rentals","Furnished","Vacant","","False","","All Cash, Conventional","","33139","1965","830","","True","12","7","","707","Ocean Access","Bike Storage, Bbq/Picnic Area, Business Center, Cabana, Card/Electric Gate, Community Room, Community Pool, Elevator, Exercise Room, Extra Storage, Guard At Gate, Heated Pool, Management On Site, Pool, Private Pool, Sauna, Security Patrol, Trash Chute","4691","False","","Condo","Condo/Co-Op/Villa/Townhouse","","1 Space, Parking Garage",""
"A12055466","Southeast Florida Regional","Active","489900","489900","489900","","","","","","2026-07-17 11:47:59","15","15","1288","","2","2","1","1050 Brickell Ave #1520, MIAMI FL 33131","1060 Brickell Condo","No Daily Rentals, Ok To Lease, Renting Limited","","Vacant","30","True","False","All Cash, Conventional, FHA","1060 Brickell Condo","33131","2008","1479","","False","47","15","","1520","","Billiard Room, Business Center, Clubhouse-Clubroom, Community Room, Elevator, Exercise Room, Pool, Trash Chute","8144","True","As Is, Bank Owned Property","Condo","Condo/Co-Op/Villa/Townhouse","Other View","1 Space, Assigned Parking, Covered Parking",""
"A12061549","Southeast Florida Regional","Active","499000","489100","489100","","","","","","2026-07-28 20:45:26","3","3","823","","2","2","0","6905 Bay Dr #16, MIAMIBCH FL 33141","BAY COURT","Ok To Lease","","Tenant Occupied","365","False","False","All Cash, Conventional","BAY COURT","33141","1932","750","","True","2","1","","16","Bay Front","Other Amenities","4310","False","As Is","Condo","Condo/Co-Op/Villa/Townhouse","Bay, Canal, Water View","1 Space, Additional Spaces Available, Street Parking",""
"A12051678","Southeast Florida Regional","Active","489000","489000","489000","","","","","","2026-07-11 22:11:52","22","22","1538","","2","2","0","2000 Towerside Ter #1911, MIAMI FL 33138","The Towers of Quayside","Ok To Lease","","Call Listing Agent","365","False","False","All Cash, Conventional","The Towers of Quayside","33138","1981","1814","874","False","21","19","","1911","","Basketball Courts, Bbq/Picnic Area, Bike Storage, Child Play Area, Courtesy Bus, Exercise Room, Extra Storage, Heated Pool, Library, Marina, Pickleball, Sauna, Spa/Hot Tub, Tennis","5746","False","As Is, Milestone Inspection Report, Structural Integrity Reserve Study","Condo, Homeowners","Condo/Co-Op/Villa/Townhouse","Bay, Garden View, Skyline View","1 Space, Guest Parking, Valet Parking",""
"A12057649","Southeast Florida Regional","Active","489000","489000","489000","","","","","","2026-07-21 17:09:06","10","10","684","","1","1","1","55 SW 9th St #4209, MIAMI FL 33130","BRICKELL HEIGHTS WEST","Okay To Lease 1st Year","","Tenant Occupied","30","False","False","All Cash, Conventional","BRICKELL HEIGHTS WEST","33130","2017","1053","","False","47","42","","4209","","Elevator, Exercise Room, Pool, Sauna","8262","False","None","Condo","Condo/Co-Op/Villa/Townhouse","Other View","1 Space, Valet Parking",""
"A12062357","Southeast Florida Regional","Active","485000","485000","485000","","","","","","2026-07-30 10:28:18","1","1","1560","","2","2","0","20281 E Country Club Dr #909, AVENTUR FL 33180","HAMPTONS WEST CONDO","Ok To Lease","Unfurnished","Call Listing Agent","180","False","False","All Cash, Conventional","HAMPTONS WEST CONDO","33180","1984","2065","","False","26","9","","909","","Bar, Basketball Courts, Billiard Room, Clubhouse-Clubroom, Community Room, Exercise Room, Handball/Basketball, Heated Pool, Pool, Sauna, Spa/Hot Tub, Tennis","7425","False","As Is","Condo","Condo/Co-Op/Villa/Townhouse","Garden View, Pool Area View","1 Space, Additional Spaces Available, Assigned Parking",""
"A12049391","Southeast Florida Regional","Active","485000","485000","485000","","","","","","2026-07-09 16:09:53","24","24","992","","2","2","0","20515 E Country Club Dr #2044, AVENTUR FL 33180","WATERVIEW CONDO","No Trucks/Rv'S, Ok To Lease, Okay To Lease 1st Year","","Call Listing Agent","180","False","False","All Cash, Conventional","WATERVIEW CONDO","33180","1982","1146","","True","25","20","","2044","Bay Front, Intracoastal Front, No Fixed Bridges","Bike Storage","6147","True","Completely Renovated","Condo","Condo/Co-Op/Villa/Townhouse","Intracoastal View, Ocean View, Direct Ocean","Assigned Parking, Valet Parking",""
"A12048640","Southeast Florida Regional","Active","485000","485000","485000","","","","","","2026-07-06 13:53:34","25","25","1025","","2","2","0","2351 Douglas Rd #1101, MIAMI FL 33145","GABLES TERRACE CONDO","No Daily Rentals, Ok To Lease","","Tenant Occupied","365","False","False","All Cash, Conventional","GABLES TERRACE CONDO","33145","1995","685","","False","15","11","","1101","","Elevator, Pool","7790","False","As Is","Condo","Condo/Co-Op/Villa/Townhouse","Skyline View","1 Space, Covered Parking",""
"A12046766","Southeast Florida Regional","Active","480000","480000","480000","","","","","","2026-07-03 10:55:12","28","28","1001","","2","2","0","9172 Collins Ave #216, SURFSIDE FL 33154","Waverly at Surfside Beach","Ok To Lease, Okay To Lease 1st Year","Unfurnished","Vacant","90","False","False","All Cash, Conventional","Waverly at Surfside Beach","33154","2003","1273","","False","4","2","","216","","Bbq/Picnic Area, Bike Storage, Community Room, Elevator, Exercise Room, Pool, Trash Chute","8187","False","As Is","Condo","Condo/Co-Op/Villa/Townhouse","Garden View, Other View","2 Or More Spaces, Assigned Parking",""
"A12047889","Southeast Florida Regional","Active","480000","480000","480000","","","","","","2026-07-03 15:03:08","751","28","900","","1","1","1","5700 Collins Ave #6J, MIAMIBCH FL 33140","SEACOAST 5700 CONDO","No Trucks/Rv'S, Ok To Lease, Okay To Lease 1st Year","Unfurnished","Tenant Occupied","365","False","False","All Cash, Conventional","SEACOAST 5700 CONDO","33140","1968","1433","","True","17","6","","6J","Bay Front, Intracoastal Front","Bbq/Picnic Area, Bike Storage, Business Center, Common Laundry, Elevator, Exercise Room, Exterior Lighting, Heated Pool, Sauna","6166","False","As Is, Completely Renovated","Condo","Condo/Co-Op/Villa/Townhouse","Bay, Intracoastal View, Skyline View","1 Space, Assigned Parking, Covered Parking",""
"A12040675","Southeast Florida Regional","Active","480000","480000","480000","","","","","","2026-07-08 09:45:35","25","25","1070","","1","1","1","5700 Collins Ave #12N, MIAMIBCH FL 33140","SEACOAST 5700 CONDO","Corporate Buyer OK, No Daily Rentals, Ok To Lease, Okay To Lease 1st Year","Furn For Sale","Tenant Occupied","365","False","False","All Cash, Conventional","SEACOAST 5700 CONDO","33140","1968","421","1218","True","17","12","","12N","Bay Front, Canal Front, Navigable, Ocean Access","Bbq/Picnic Area, Boat Dock, Clubhouse-Clubroom, Common Laundry, Exercise Room, Heated Pool, Marina, Sauna, Spa/Hot Tub","1957","False","As Is","Condo","Condo/Co-Op/Villa/Townhouse","Ocean View","1 Space, Covered Parking, Valet Parking",""
"A12045695","Southeast Florida Regional","Active","480000","480000","480000","","","","","","2026-07-01 17:41:12","432","30","1075","","2","2","0","350 S Miami Ave #2104, MIAMI FL 33130","WIND","No Daily Rentals, No Trucks/Rv'S","","Vacant","0","False","False","All Cash, Conventional, FHA","WIND","33130","2008","1250","","True","41","21","","2104","River Front","Child Play Area, Clubhouse-Clubroom, Exercise Room, Pool, Sauna, Spa/Hot Tub","4183","False","None","Condo","Condo/Co-Op/Villa/Townhouse","Ocean View, Pool Area View, Skyline View","Assigned Parking, Valet Parking",""
"A12062382","Southeast Florida Regional","Active","4800000","480000","480000","","","","","","2026-07-30 10:52:52","2","2","854","","1","1","1","251 Galen Dr #302, KEYBISCY FL 33149","Key Biscayne VI Condo","No Daily Rentals, No Trucks/Rv'S, Ok To Lease, Okay To Lease 1st Year","Unfurnished","Vacant","NA","False","False","Conventional","Key Biscayne VI Condo","33149","1968","603","","False","3","3","","302","","Bbq/Picnic Area, Common Laundry, Elevator, Exterior Lighting, Pool, Trash Chute, Vehicle Wash Area","1809","False","As Is","Condo","Condo/Co-Op/Villa/Townhouse","Pool Area View","1 Space, Golf Cart Parking, Guest Parking",""
"A12057105","Southeast Florida Regional","Active","479000","479000","479000","","","","","","2026-07-21 17:48:42","10","10","1213","","2","2","0","20515 E Country Club Dr #2048, AVENTUR FL 33180","Waterview Condo","No Daily Rentals, Ok To Lease, Other Restrictions","","Owner Occupied","180","False","False","All Cash, Conventional, Other Terms","Waterview Condo","33180","1982","1390","","True","33","20","","2048","Bay Front, Intracoastal Front, Ocean Front","Clubhouse-Clubroom, Community Room, Exercise Room, Pool, Private Pool, Sauna, Spa/Hot Tub","5155","","As Is","Homeowners","Condo/Co-Op/Villa/Townhouse","Bay, Intracoastal View, Ocean View","1 Space, Assigned Parking, Covered Parking",""
"A12054807","Southeast Florida Regional","Active","479000","479000","479000","","","","","","2026-07-17 08:55:18","14","14","1353","","2","2","0","3600 Mystic Pointe Dr #1207, AVENTUR FL 33180","MYSTIC POINTE","No Lease-1st Year Owned, Ok To Lease","","Owner Occupied","180","False","False","All Cash, Conventional, Other Terms","MYSTIC POINTE","33180","1988","1226","","True","12","19","","1207","Intracoastal Front","Basketball Courts, Bike Storage, Child Play Area, Community Room, Elevator, Exercise Room, Exterior Lighting, Library, Pickleball, Pool, Sauna, Spa/Hot Tub, Tennis, Trash Chute","3931","False","As Is","Condo","Condo/Co-Op/Villa/Townhouse","Canal, Other View, Water View","1 Space, Assigned Parking, Covered Parking",""
"A12062967","Southeast Florida Regional","Active","479000","479000","479000","","","","","","2026-07-31 12:56:16","180","0","1143","","2","2","0","1250 S Miami Ave #2106, MIAMI FL 33130","VUE AT BRICKELL","Ok To Lease, Okay To Lease 1st Year","","Tenant Occupied","2","False","False","All Cash, Conventional, Other Terms","VUE AT BRICKELL","33130","2004","1288","","False","36","21","","2106","","Clubhouse-Clubroom, Community Room, Exercise Room, Pool","8439","","As Is","Homeowners","Condo/Co-Op/Villa/Townhouse","Intracoastal View, Pool Area View, Skyline View","1 Space, Assigned Parking, Covered Parking",""
"A12058409","Southeast Florida Regional","Active","478500","478500","478500","","","","","","2026-07-22 20:21:13","9","9","1345","","3","2","0","10455 NW 82nd St #35, DORAL FL 33178","HIGHLAND AT PARK CENTRAL","No Daily Rentals","","Tenant Occupied","181","False","False","All Cash, Conventional","HIGHLAND AT PARK CENTRAL","33178","2018","821","","False","3","3","","35","","Basketball Courts, Business Center, Child Play Area, Clubhouse-Clubroom, Exercise Room, Pool, Tennis","8097","False","As Is","Condo","Condo/Co-Op/Villa/Townhouse","None","1 Space, Additional Spaces Available",""
"A12049204","Southeast Florida Regional","Active","450000","478000","478000","","","","","","2026-07-07 14:24:15","73","24","1130","","2","2","0","20505 E Country Club Dr #1739, AVENTUR FL 33180","Waterview","No Restrictions","","Vacant","0","False","False","All Cash, Conventional, FHA","Waterview","33180","1981","0","1280","False","34","1739","","1739","Bay Front, Canal Front, Lake Front, Ocean Front","Bike Storage, Business Center, Common Laundry, Community Room, Elevator, Exterior Lighting, Extra Storage, Pool, Sauna, Vehicle Wash Area","5000","","Other Special Info","None","Condo/Co-Op/Villa/Townhouse","Canal, River, Tennis Court View","Open Space Parking, Valet Parking",""
"A12056136","Southeast Florida Regional","Active","475000","475000","475000","","","","","","2026-07-19 19:30:06","12","12","1313","","2","2","0","20335 W Country Club Dr #2603, AVENTUR FL 33180","CORONADO CONDOMINIUM","Daily Rentals Allowed, No Daily Rentals, Ok To Lease","","Call Listing Agent","365","False","False","All Cash, Conventional","CORONADO CONDOMINIUM","33180","1975","1173","","False","27","26","","2603","","Bike Storage, Elevator, Exercise Room, Extra Storage, Library, Other Amenities, Pool, Sauna, Vehicle Wash Area","5216","False","As Is","Condo","Condo/Co-Op/Villa/Townhouse","Golf View, Lake, Ocean View","Covered Parking, Guest Parking, Other Parking",""
"A12061461","Southeast Florida Regional","Active","475000","475000","475000","","","","","","2026-07-31 11:30:32","3","3","385","","0","1","0","159 NE 6th St #1716, MIAMI FL 33132","GALE HOTEL & RESIDENCES","Ok To Lease","","Call Listing Agent","1","False","False","All Cash, Conventional","GALE HOTEL & RESIDENCES","33132","2024","452","","False","53","17","","1716","","Bar, Clubhouse-Clubroom, Exercise Room, Pool, Sauna, Spa/Hot Tub","9720","False","As Is, Documents Available","Condo","Condo/Co-Op/Villa/Townhouse","Skyline View","1 Space, Valet Parking",""
"A12059305","Southeast Florida Regional","Active","475000","475000","475000","","","","","","2026-07-30 12:06:40","7","7","1245","","2","2","0","19501 W Country Club Dr #309, AVENTUR FL 33180","TURNBERRY ON THE GREEN CO","No Restrictions","","Call Listing Agent","180","False","False","All Cash, Conventional","TURNBERRY ON THE GREEN CO","33180","2002","1395","","False","6","28","","309","","Bbq/Picnic Area, Billiard Room, Business Center, Child Play Area, Clubhouse-Clubroom, Exercise Room, Heated Pool","6219","False","As Is","Condo","Condo/Co-Op/Villa/Townhouse","None","1 Space",""
"A12049113","Southeast Florida Regional","Active","475000","475000","475000","","","","","","2026-07-06 19:54:16","27","25","1256","","3","2","1","10620 NW 88th St #223, DORAL FL 33178","ADAGIO AT CENTRAL PARK","Ok To Lease","","Vacant","365","False","False","All Cash, Conventional, FHA","ADAGIO AT CENTRAL PARK","33178","2015","150","","False","3","2","","223","","Child Play Area, Exercise Room, Other Amenities","7477","","As Is","Homeowners","Condo/Co-Op/Villa/Townhouse","Other View","1 Space",""
"A12062284","Southeast Florida Regional","Active","475000","475000","475000","","","","","","2026-07-30 05:45:30","1","1","930","","1","1","0","5600 Collins Ave #5A, MIAMIBCH FL 33140","5600 Condominium","Other Restrictions","Part Furn","Call Listing Agent","180","True","False","All Cash, Conventional","5600 Condominium","33140","1967","1012","","True","17","5","","5A","Intracoastal Front, Other Waterfront","Billiard Room, Boat Dock, Business Center, Community Room, Elevator, Exercise Room, Exterior Lighting, Fishing Pier, Heated Pool, Hobby Room, Private Pool, Trash Chute","5304","False","As Is, Completely Renovated","Condo","Condo/Co-Op/Villa/Townhouse","Ocean View, Other View","Valet Parking",""
"A12051089","Southeast Florida Regional","Active","475000","475000","475000","","","","","","2026-07-09 16:36:30","22","22","915","","1","1","1","5701 Biscayne Blvd #901, MIAMI FL 33137","The Flats at Morningside","No Daily Rentals, Ok To Lease","","Call Listing Agent","180","False","False","All Cash, Conventional","The Flats at Morningside","33137","1973","771","","False","10","9","","901","","Elevator, Pool","6460","True","As Is","Condo","Condo/Co-Op/Villa/Townhouse","Intracoastal View","1 Space, Assigned Parking",""
"A12062545","Southeast Florida Regional","Active","475000","475000","475000","","","","","","2026-07-30 14:59:26","1","1","418","","0","1","0","229 SW 9th St #507, MIAMI FL 33130","Smart Brickell","Daily Rentals Allowed","Furnished","Vacant","1","False","False","All Cash, Conventional, FHA, FHA-Va Approved","Smart Brickell","33130","2023","665","","False","24","5","","507","","Bar, Billiard Room, Elevator, Exercise Room, Heated Pool, Pool, Trash Chute","7600","False","As Is","Condo","Condo/Co-Op/Villa/Townhouse","Other View","Covered Parking, Guest Parking, Valet Parking",""
"A12061634","Southeast Florida Regional","Active","475000","475000","475000","","","","","","2026-07-29 06:31:00","2","2","446","","1","1","0","151 SE 1st St #3404, MIAMI FL 33131","centro condominium","Corporate Buyer OK, No Restrictions, Okay To Lease 1st Year","","Vacant","30","False","False","All Cash, Conventional","centro condominium","33131","2016","554","","True","44","34","","3404","Intracoastal Front","Business Center, Clubhouse-Clubroom, Elevator, Exercise Room, Pool","4900","False","As Is","Condo","Condo/Co-Op/Villa/Townhouse","Intracoastal View","None",""
"A12061624","Southeast Florida Regional","Active","475000","475000","475000","","","","","","2026-07-29 00:21:55","146","2","1030","","2","2","0","350 S Miami Ave #1805, MIAMI FL 33130","WIND CONDO","Okay To Lease 1st Year","","Tenant Occupied","180","False","False","All Cash, Conventional","WIND CONDO","33130","2008","1157","","False","41","18","","1805","","Billiard Room, Business Center, Clubhouse-Clubroom, Community Room, Elevator, Pickleball, Sauna","8226","False","As Is","Condo","Condo/Co-Op/Villa/Townhouse","Other View","1 Space",""
"A12060846","Southeast Florida Regional","Active","475000","475000","475000","","","","","","2026-07-30 09:27:34","3","3","1058","","1","1","1","41 SE 5th St #1412, MIAMI FL 33131","BRICKELL ON THE RIVER","Other Restrictions, Renting Limited","","Call Listing Agent","30","False","False","All Cash, Conventional","BRICKELL ON THE RIVER","33131","2006","930","","False","46","14","","1412","River Front","Bbq/Picnic Area, Bike Storage, Business Center, Clubhouse-Clubroom, Community Room, Exercise Room, Pool, Sauna, Spa/Hot Tub","6744","False","As Is","Condo","Condo/Co-Op/Villa/Townhouse","River, Skyline View, Water View","1 Space, Assigned Parking, Covered Parking, Street Parking, Valet Parking",""
"A12056413","Southeast Florida Regional","Active","475000","475000","475000","","","","","","2026-07-20 23:11:35","11","11","367","","0","1","0","159 NE 6th St #2610, MIAMI FL 33132","Gale Hotel and Residences","Ok To Lease","","Tenant Occupied","1","False","False","All Cash, Conventional","Gale Hotel and Residences","33132","2024","950","","True","51","26","","2610","Bay Front","Bar, Community Room, Elevator, Exercise Room, Pool","5926","False","As Is","Condo","Condo/Co-Op/Villa/Townhouse","Bay","Valet Parking",""
"A12056754","Southeast Florida Regional","Active","475000","475000","475000","","","","","","2026-07-22 19:17:06","10","10","659","","1","1","0","401 Ocean Dr #602, MIAMIBCH FL 33139","THE PRESIDENTIAL CONDO","No Daily Rentals, No Lease First 2 years","","Vacant","360","False","False","All Cash, Conventional","THE PRESIDENTIAL CONDO","33139","1970","1134","","True","11","6","","602","Ocean Access","Pool","7625","False","As Is","Condo","Condo/Co-Op/Villa/Townhouse","Other View","None, Street Parking",""
"A12057797","Southeast Florida Regional","Active","473000","473000","473000","","","","","","2026-07-28 22:42:21","3","3","1546","","3","2","1","501 NW 98th Ct #501, MIAMI FL 33172","EAST WIND LAKE VILLAGE","Ok To Lease","","Owner Occupied","365","False","False","All Cash, Conventional, Other Terms","EAST WIND LAKE VILLAGE","33172","1977","505","192","True","2","0","","501","Lake Front","Child Play Area, Pool, Tennis","2734","False","As Is","Condo","Condo/Co-Op/Villa/Townhouse","Pool Area View, Tennis Court View","2 Or More Spaces, Assigned Parking, Guest Parking",""
"A12060011","Southeast Florida Regional","Active","470000","470000","470000","","","","","","2026-07-26 13:41:42","97","5","1353","Entry Level","2","2","0","3600 Mystic Pointe Dr #613, AVENTUR FL 33180","MYSTIC POINTE","Corporate Buyer OK","Unfurnished","Call Listing Agent","180","False","False","All Cash, Conventional","MYSTIC POINTE","33180","1988","1294","585","True","18","6","","613","Bay Front, Intracoastal Front, Navigable, Seawall","Bike Storage, Child Play Area, Clubhouse-Clubroom, Courtesy Bus, Elevator, Exercise Room, Heated Pool, Library, Pool, Sauna, Spa/Hot Tub, Tennis, Trash Chute","7121","False","Documents Available","Condo","Condo/Co-Op/Villa/Townhouse","Bay, Intracoastal View","1 Space, Assigned Parking, Valet Parking",""
"A12058525","Southeast Florida Regional","Active","470000","470000","470000","","","","","","2026-07-23 11:07:56","8","8","1147","","2","2","0","1101 98th St #5, BAYHARIS FL 33154","1101 CONDO","No Daily Rentals","","Tenant Occupied","360","False","False","All Cash, Conventional","1101 CONDO","33154","1956","820","","False","2","2","","5","","Common Laundry","4778","False","As Is","Condo","Condo/Co-Op/Villa/Townhouse","Garden View","1 Space",""
"A12054712","Southeast Florida Regional","Active","470000","470000","470000","","","","","","2026-07-20 10:59:19","458","11","754","Entry Level","1","1","0","500 Brickell Ave #2303, MIAMI FL 33131","500 Brickell East Condo","Ok To Lease","Unfurnished","Tenant Occupied","365","False","False","All Cash, Conventional","500 Brickell East Condo","33131","2008","1056","0","False","43","23","","2303","","Billiard Room, Clubhouse-Clubroom, Elevator, Exercise Room, Exterior Lighting, Heated Pool, Other Amenities, Pool, Sauna, Spa/Hot Tub","6427","False","As Is","Condo","Condo/Co-Op/Villa/Townhouse","River, Water View","1 Space, Covered Parking, Valet Parking",""
"A12051135","Southeast Florida Regional","Active","470000","470000","470000","","","","","","2026-07-09 17:00:19","465","22","791","","1","1","0","2101 Brickell Ave #502, MIAMI FL 33129","SKYLINE ON BRICKELL","No Trucks/Rv'S","","Call Listing Agent","365","False","False","All Cash, Conventional, FHA","SKYLINE ON BRICKELL","33129","2004","1050","","False","35","5","","502","Bay Front","Bbq/Picnic Area, Bike Storage, Child Play Area, Community Room, Elevator, Exercise Room, Exterior Lighting, Marina, Pool, Sauna, Spa/Hot Tub, Tennis, Trash Chute, Vehicle Wash Area","6198","False","As Is","Condo","Condo/Co-Op/Villa/Townhouse","Bay, Water View","1 Space, Assigned Parking, Covered Parking",""
"A12042284","Southeast Florida Regional","Active","469000","469000","469000","","","","","","2026-07-06 14:12:23","25","25","1268","","2","2","0","1861 NW S River Dr #PH4, MIAMI FL 33125","TERRAZAS RIVERPARK","Ok To Lease","","Owner Occupied","365","False","False","All Cash, Conventional","TERRAZAS RIVERPARK","33125","2010","1409","","True","27","27","","PH4","River Front","Bbq/Picnic Area, Clubhouse-Clubroom, Exercise Room, Extra Storage, Heated Pool, Hobby Room, Pool, Sauna, Spa/Hot Tub, Vehicle Wash Area","8702","False","As Is","Condo, Homeowners","Condo/Co-Op/Villa/Townhouse","River, Water View","1 Space, Additional Spaces Available, Covered Parking",""
"A12048528","Southeast Florida Regional","Active","520000","469000","469000","","","","","","2026-07-06 12:18:23","643","25","772","","2","1","0","6801 Collins Ave #516, MIAMIBCH FL 33141","Carillon wellness resort","No Restrictions","Furnished","Call Listing Agent","1","True","False","All Cash, Conventional","Carillon wellness resort","33141","2008","163","2962","True","12","5","","516","Ocean Front","Bar, Bike Storage, Exercise Room, Sauna, Spa/Hot Tub","7835","False","As Is","Condo","Condo/Co-Op/Villa/Townhouse","Ocean View","1 Space, Valet Parking",""
"A12053684","Southeast Florida Regional","Active","466500","466500","466500","","","","","","2026-07-15 17:33:35","16","16","1648","","3","2","1","14800 SW 265th St, HOMESTED FL 33032","HARMONY PARC","Ok To Lease","","Owner Occupied","365","False","False","All Cash, Conventional, FHA, Va","HARMONY PARC","33032","2023","220","","False","2","1","Coming Soon","","","Bbq/Picnic Area, Clubhouse-Clubroom, Pool","8058","False","As Is","Condo","Condo/Co-Op/Villa/Townhouse","Club Area View, Garden View","2 Or More Spaces",""
"A12062836","Southeast Florida Regional","Active","465000","465000","465000","","","","","","2026-07-30 22:30:38","1","1","877","","1","1","1","60 SW 13th St #3814, MIAMI FL 33130","Infinity at Brickell","Ok To Lease, Okay To Lease 1st Year","","Tenant Occupied","30","False","False","All Cash, Conventional","Infinity at Brickell","33130","2008","1227","","False","53","38","","3814","","Billiard Room, Business Center, Clubhouse-Clubroom, Elevator, Exercise Room, Other Amenities, Pool, Spa/Hot Tub","7291","False","As Is","Condo","Condo/Co-Op/Villa/Townhouse","Bay, Skyline View, Water View","1 Space, Covered Parking, Valet Parking",""
"A12055686","Southeast Florida Regional","Active","465000","465000","465000","","","","","","2026-07-17 15:54:44","14","14","1023","","2","2","0","1250 S Miami Ave #1104, MIAMI FL 33130","VUE AT BRICKELL CONDO","Okay To Lease 1st Year","","Vacant","180","False","False","All Cash, Conventional","VUE AT BRICKELL CONDO","33130","2004","1155","","False","36","11","","1104","Other Waterfront","Business Center, Elevator, Exercise Room, Pool","6554","False","As Is","Condo","Condo/Co-Op/Villa/Townhouse","Bay","1 Space",""
"A12051411","Southeast Florida Regional","Active","463500","463500","463500","","","","","","2026-07-10 10:57:08","21","21","1273","","2","2","1","2535 NE 193rd St #3212, MIAMI FL 33180","Aventura Village","Other Restrictions","","Vacant","365","False","False","All Cash, Conventional, FHA","Aventura Village","33180","2020","665","","False","3","2","","3212","","Pool","6161","False","As Is","Condo","Condo/Co-Op/Villa/Townhouse","Other View","2 Or More Spaces",""
"A12053259","Southeast Florida Regional","Active","461500","461500","461500","","","","","","2026-07-17 11:57:54","14","14","728","","1","1","0","3470 E Coast Ave #H0907, MIAMI FL 33137","Two Midtown Condominium","Daily Rentals Allowed","","Vacant","181","False","False","All Cash, Conventional","Two Midtown Condominium","33137","2007","1040","","False","30","9","","H0907","","Bbq/Picnic Area, Cabana, Community Room, Elevator, Exercise Room, Heated Pool, Pool, Spa/Hot Tub, Trash Chute","6452","True","As Is","Condo","Condo/Co-Op/Villa/Townhouse","Pool Area View","1 Space",""
"B26047642","Beaches MLS","Active","460000","460000","460000","","","","","","2026-07-01 20:17:34","265","29","1002","","2","2","0","9172 Collins Avenue #302, Surfside FL 33154","","Assoc Approval Required, Ok To Lease With Res, No Daily Rentals, Other Restrictions","","","","True","","All Cash, Conventional","","33154","2003","1274","","False","1","3","","302","","Community Pool, Exercise Room, Pool, Private Pool, Spa/Hot Tub","3434","False","Bank Owned Property","Condo","Condo/Co-Op/Villa/Townhouse","","1 Space, Guest Parking, Parking Garage",""
"A12059889","Southeast Florida Regional","Active","460000","460000","460000","","","","","","2026-07-30 10:16:14","16","3","1244","","2","2","","7751 NW 107th ave #209, DORAL FL 33178","MIDTOWN DORAL","No Trucks/Rv'S, Other Restrictions","Unfurnished","Vacant","365","False","False","All Cash, Conventional","MIDTOWN DORAL","33178","2016","980","","False","7","2","","209","","Clubhouse-Clubroom, Elevator, Exercise Room","7337","False","As Is","Condo","Condo/Co-Op/Villa/Townhouse","Other View","Covered Parking",""
"A12044471","Southeast Florida Regional","Active","460000","460000","460000","","","","","","2026-07-02 12:40:39","29","29","1700","","3","2","0","10750 NW 66th St #312, DORAL FL 33178","DORAL ISLES","Corporate Buyer OK, Ok To Lease","Unfurnished","Owner Occupied","365","False","False","All Cash, Conventional","DORAL ISLES","33178","1998","662","500","True","5","3","","312","Lake Front","Basketball Courts, Child Play Area, Clubhouse-Clubroom, Exercise Room, Heated Pool, Sauna, Spa/Hot Tub, Tennis","3997","True","As Is, Home Warranty","Condo","Condo/Co-Op/Villa/Townhouse","Lake","Assigned Parking, Guest Parking",""
"B26051674","Beaches MLS","Active","459000","459000","459000","","","","","","2026-07-13 14:46:51","395","21","1488","","2","2","0","301 174th Street #1401, Sunny Isles Beach FL 33160","","Assoc Approval Required","","Vacant","","False","","All Cash, Conventional, FHA, FHA 203K","","33160","1976","525","","True","24","14","","1401","Other Waterfront","Activity Room, Bike Storage, Billiard Room, Bbq/Picnic Area, Business Center, Card/Electric Gate, Common Laundry, Community Room, Community Pool, Elevator, Exercise Room, Hobby Room, Laundry Facility, Library, Maintained Community, Management On Site, Pool, Pool Table, Private Pool, Security Patrol, Shuffleboard, Tennis, Trash Chute","6174","False","As Is","Condo","Condo/Co-Op/Villa/Townhouse","","1 Space, Assigned Parking, Awning, Covered Parking, Parking Garage",""
"A12059197","Southeast Florida Regional","Active","459000","459000","459000","","","","","","2026-07-27 15:06:35","652","7","1950","","3","2","1","20185 E Country Club Dr #502, AVENTUR FL 33180","THE LANDMARK CONDO","No Lease-1st Year Owned, Ok To Lease","","Vacant","180","False","False","All Cash, Conventional","THE LANDMARK CONDO","33180","1990","2338","","True","28","5","","502","Lake Front","Bbq/Picnic Area, Bike/Jog Path, Business Center, Elevator, Exercise Room, Exterior Lighting, Pool, Spa/Hot Tub, Tennis","7926","False","As Is","Condo","Condo/Co-Op/Villa/Townhouse","Garden View, Golf View, Tennis Court View","2 Or More Spaces, Covered Parking",""
"A12055732","Southeast Florida Regional","Active","459000","459000","459000","","","","","","2026-07-17 18:43:17","14","14","1143","","2","2","0","3625 N Country Club Dr #2409, AVENTUR FL 33180","EL DORADO","No Trucks/Rv'S","","Vacant","365","False","False","All Cash, Conventional","EL DORADO","33180","1974","1268","","False","27","24","","2409","","Bike Storage, Billiard Room, Clubhouse-Clubroom, Common Laundry, Exercise Room","4245","False","As Is","Condo","Condo/Co-Op/Villa/Townhouse","Canal, Golf View","Covered Parking",""
"A12062776","Southeast Florida Regional","Active","459000","459000","459000","","","","","","2026-07-30 18:17:17","1","1","1950","","2","2","0","1800 NE 114th St #911, MIAMI FL 33181","CRICKET CLUB CONDO","Okay To Lease 1st Year","","Call Listing Agent","365","False","False","All Cash, Conventional, FHA, Owner Financing","CRICKET CLUB CONDO","33181","1975","2716","","True","24","9","","911","Bay Front, Canal Front","Bar, Basketball Courts, Bbq/Picnic Area, Bike Storage, Common Laundry, Community Room, Elevator, Exercise Room, Exterior Lighting, Extra Storage, Heated Pool, Library, Pool","3192","True","As Is","Condo","Condo/Co-Op/Villa/Townhouse","Canal","2 Or More Spaces",""
"A12050758","Southeast Florida Regional","Active","459000","459000","459000","","","","","","2026-07-09 11:34:35","22","22","1072","","2","2","1","8031 NW 104th Ave #32, DORAL FL 33178","Apex","No Daily Rentals, No Trucks/Rv'S, Ok To Lease, Okay To Lease 1st Year","","Tenant Occupied","180","False","False","All Cash, Conventional, FHA","Apex","33178","2019","660","","False","3","3","","32","","Business Center, Cabana, Child Play Area, Clubhouse-Clubroom, Exercise Room, Tennis","7560","","As Is","Homeowners","Condo/Co-Op/Villa/Townhouse","Garden View","1 Space, Additional Spaces Available, Assigned Parking",""
"A12058014","Southeast Florida Regional","Active","459000","459000","459000","","","","","","2026-07-22 14:35:26","163","10","865","","1","1","1","1600 NE 1st Ave #2811, MIAMI FL 33132","Canvas Condo","No Daily Rentals, Ok To Lease, Okay To Lease 1st Year","","Call Listing Agent","30","False","False","All Cash, Conventional, FHA-Va Approved","Canvas Condo","33132","2018","891","","False","38","28","","2811","","Business Center, Elevator, Exercise Room, Heated Pool, Pool, Sauna, Spa/Hot Tub","6589","False","As Is","Condo","Condo/Co-Op/Villa/Townhouse","Other View, Skyline View","1 Space, Covered Parking, Valet Parking",""
"A12061105","Southeast Florida Regional","Active","459000","459000","459000","","","","","","2026-07-28 13:31:41","363","3","766","","1","1","0","2155 Washington #401, MIAMIBCH FL 33139","Artecity","Ok To Lease","Furnished","Tenant Occupied","180","False","False","All Cash, Conventional","Artecity","33139","2007","917","","False","5","4","","401","","Exercise Room, Private Pool, Trash Chute","7828","True","As Is","Condo","Condo/Co-Op/Villa/Townhouse","Pool Area View","1 Space",""
"A12051230","Southeast Florida Regional","Active","465000","459000","459000","","","","","","2026-07-10 17:34:05","21","21","1352","Entry Level","2","2","0","8390 SW 72nd Ave #702, MIAMI FL 33143","The Colonnade at Dadeland","See Broker Remarks","Unfurnished","Vacant","365","False","False","All Cash, Conventional, FHA","The Colonnade at Dadeland","33143","2007","1359","","True","9","7","","702","Canal Front","Business Center, Elevator, Exercise Room, Exterior Lighting, Extra Storage, Heated Pool, Pool, Sauna, Spa/Hot Tub","6263","False","As Is","Condo","Condo/Co-Op/Villa/Townhouse","Canal","1 Space, Assigned Parking, Street Parking",""
"A12045820","Southeast Florida Regional","Active","459000","459000","459000","","","","","","2026-07-02 15:07:37","29","29","1100","","2","2","0","2501 Douglas Rd #304, MIAMI FL 33133","DOUGLAS PLACE CONDO","Ok To Lease","","Tenant Occupied","365","False","False","All Cash, Conventional, FHA","DOUGLAS PLACE CONDO","33133","2002","680","","False","8","3","","304","","Community Room, Elevator, Exercise Room, Pool, Trash Chute","7419","False","As Is","Condo","Condo/Co-Op/Villa/Townhouse","Other View, Skyline View","1 Space, Assigned Parking, Guest Parking",""
"A12047381","Southeast Florida Regional","Active","466000","456000","456000","","","","","","2026-07-02 21:50:25","29","29","1313","","3","2","1","15540 SW 136th St #220, MIAMI FL 33196","Century Park","No Daily Rentals, No Restrictions, Ok To Lease","","Call Listing Agent","365","False","False","All Cash, Conventional, FHA","Century Park","33196","2021","340","","False","2","2","","220","","Pool","6295","","As Is","Homeowners","Condo/Co-Op/Villa/Townhouse","None","2 Or More Spaces, Assigned Parking",""
"A12060304","Southeast Florida Regional","Active","455000","455000","455000","","","","","","2026-07-27 11:19:40","93","4","1150","","2","2","0","19801 E Country Club Dr #4307, AVENTUR FL 33180","THE YACHT CLUB AT AVENTUR","Corporate Buyer OK, Ok To Lease","","Owner Occupied","7","False","False","All Cash, Conventional, FHA","THE YACHT CLUB AT AVENTUR","33180","1994","879","","False","6","3","","4307","","Bar, Bike Storage, Child Play Area, Exercise Room, Handball/Basketball, Tennis","6753","False","As Is","Condo","Condo/Co-Op/Villa/Townhouse","Garden View","2 Or More Spaces, Guest Parking",""
"A12062112","Southeast Florida Regional","Active","455000","455000","455000","","","","","","2026-07-30 12:51:38","1","1","852","","1","1","0","1420 Brickell Bay Dr #702E, MIAMI FL 33131","BAYSHORE PLACE CONDO","Ok To Lease","Unfurnished","Vacant","365","False","False","All Cash, Conventional","BAYSHORE PLACE CONDO","33131","1973","650","","True","17","7","","702E","Bay Front","Pool","0","False","As Is","Condo","Condo/Co-Op/Villa/Townhouse","Bay, Ocean View","1 Space",""
"B26056011","Beaches MLS","Active","450000","450000","450000","","","","","","2026-07-24 11:50:44","7","7","658","Entry Level","1","1","0","1600 SW 1ST Avenue #413, Miami FL 33129","","","Unfurnished","Call Listing Agent","","False","","All Cash, Conventional, FHA, FHA 203K","","33129","2016","873","","False","12","4","","413","","Community Pool, Elevator, Exercise Room, Extra Storage, Heated Pool, Maintained Community, Management On Site, Pool, Private Pool, Security Patrol, Spa/Hot Tub, Trash Chute","6851","False","As Is","Condo","Condo/Co-Op/Villa/Townhouse","","1 Space, 2 Or More Spaces, Assigned Parking, Awning, Covered Parking, Limited # Of Vehicle, Parking Garage",""
"A12061084","Southeast Florida Regional","Active","450000","450000","450000","","","","","","2026-07-28 13:28:11","165","3","1087","","2","2","","250 174th St #1808, SUNNYISL FL 33160","Winston Towers 100","No Lease-1st Year Owned","","Vacant","365","False","False","All Cash, Conventional","Winston Towers 100","33160","1970","690","","False","24","18","","1808","","Common Laundry, Community Room, Elevator, Exercise Room, Exterior Lighting, Pool","4972","False","As Is","Condo","Condo/Co-Op/Villa/Townhouse","Intracoastal View, Ocean View, Water View","1 Space, Guest Parking",""
"A12056688","Southeast Florida Regional","Active","450000","450000","450000","","","","","","2026-07-21 17:27:07","11","11","986","","1","2","0","10210 Collins Ave #303, BALHARBR FL 33154","Lanai Condo","Daily Rentals Allowed, Ok To Lease","","Vacant","180","False","False","All Cash, Conventional","Lanai Condo","33154","1952","600","","False","5","3","","303","","Common Laundry, Elevator, Extra Storage","5931","False","None","Condo","Condo/Co-Op/Villa/Townhouse","None","1 Space",""
"A12059743","Southeast Florida Regional","Active","450000","450000","450000","","","","","","2026-07-25 09:14:31","322","6","704","","0","0","0","851 NE 1st Ave #503, MIAMI FL 33132","PARAMOUNT MIAMI WORLDCENT","Corporate Buyer OK, Ok To Lease, Okay To Lease 1st Year","Furnished","Vacant","30","False","False","All Cash, Conventional","PARAMOUNT MIAMI WORLDCENT","33132","2019","1241","","False","58","5","","503","","Exercise Room, Kitchen Facilities, Sauna, Spa/Hot Tub","9469","False","As Is","Condo","Condo/Co-Op/Villa/Townhouse","Other View","Valet Parking",""
"A12061826","Southeast Florida Regional","Active","450000","450000","450000","","","","","","2026-07-29 12:48:53","2","2","367","","1","1","0","159 NE 6th St #3212, MIAMI FL 33132","NATIIVO/GALE MIAMI","Daily Rentals Allowed","","Call Listing Agent","1","True","False","All Cash, Conventional","NATIIVO/GALE MIAMI","33132","2024","811","","False","51","32","","3212","","Bar, Bbq/Picnic Area, Business Center, Cabana, Clubhouse-Clubroom, Community Room, Elevator, Exercise Room, Exterior Lighting, Heated Pool, Pool, Private Pool, Sauna, Spa/Hot Tub","5692","False","None","Condo","Condo/Co-Op/Villa/Townhouse","Skyline View","1 Space",""
"A12056856","Southeast Florida Regional","Active","490000","450000","450000","","","","","","2026-07-21 17:27:12","10","10","930","","1","1","1","5601 Collins Ave #1723, MIAMIBCH FL 33140","The Pavilion Condominium","Exterior Alterations, No Daily Rentals, No Trucks/Rv'S, Okay To Lease 1st Year","","Call Listing Agent","30","False","False","All Cash, Conventional","The Pavilion Condominium","33140","1968","0","1171","False","18","17","","1723","","Bbq/Picnic Area, Bike Storage, Common Laundry, Elevator, Exercise Room, Exterior Lighting, Heated Pool","7857","True","As Is, Flood Zone","Condo","Condo/Co-Op/Villa/Townhouse","Intracoastal View","Covered Parking, Valet Parking",""
"A12052754","Southeast Florida Regional","Active","450000","450000","450000","","","","","","2026-07-16 15:40:34","21","21","797","Entry Level","1","1","1","2899 Collins Ave #724, MIAMIBCH FL 33140","Triton Tower Condominium","No Daily Rentals, Ok To Lease, Renting Limited","Unfurnished","Vacant","90","False","False","All Cash","Triton Tower Condominium","33140","1966","0","580","True","17","7","","724","Ocean Access","Bike Storage, Common Laundry, Elevator, Exercise Room, Trash Chute","4533","False","As Is","Condo","Condo/Co-Op/Villa/Townhouse","Other View","Other Parking",""
"A12060640","Southeast Florida Regional","Active","450000","450000","450000","","","","","","2026-07-27 16:07:36","4","4","1093","","1","2","0","253 NE 2nd St #508, MIAMI FL 33132","VIZCAYNE SOUTH CONDO","Ok To Lease, Okay To Lease 1st Year","Furnished","Tenant Occupied","30","False","False","All Cash, Conventional","VIZCAYNE SOUTH CONDO","33132","2008","1388","","False","49","5","","508","","Bar, Billiard Room, Business Center, Clubhouse-Clubroom, Elevator, Exercise Room, Extra Storage, Pool, Sauna, Spa/Hot Tub, Trash Chute","7044","False","As Is","Condo","Condo/Co-Op/Villa/Townhouse","None","1 Space",""
"A12059568","Southeast Florida Regional","Active","450000","450000","450000","","","","","","2026-07-24 16:05:41","8","8","1193","","1","2","0","244 Biscayne Blvd #203, MIAMI FL 33132","VIZCAYNE NORTH CONDO","Ok To Lease","","Tenant Occupied","30","False","False","All Cash, Conventional","VIZCAYNE NORTH CONDO","33132","2008","1460","","False","49","2","","203","","Cabana, Elevator, Exercise Room, Pool","7000","True","As Is","Condo","Condo/Co-Op/Villa/Townhouse","Other View","1 Space",""
"A12052732","Southeast Florida Regional","Active","450000","450000","450000","","","","","","2026-07-22 09:26:12","9","9","1000","","2","2","0","110 Salamanca Ave #202, CORALGBL FL 33134","IONIAN PLAZA CONDO","No Trucks/Rv'S, Ok To Lease","Unfurnished","Vacant","365","False","False","All Cash, Conventional, FHA, Va","IONIAN PLAZA CONDO","33134","1972","701","","False","3","2","","202","","Exterior Lighting, Other Amenities, Pool","4803","False","As Is, Disclosure","Condo","Condo/Co-Op/Villa/Townhouse","Other View","Assigned Parking, Covered Parking, Guest Parking",""
"A12051917","Southeast Florida Regional","Active","450000","450000","450000","","","","","","2026-07-13 09:58:13","21","21","2145","","3","2","1","8340 SW 154th Ave #60, MIAMI FL 33193","Centre Court","See Broker Remarks","","Call Listing Agent","365","True","False","All Cash, Conventional, FHA, Va","Centre Court","33193","1978","540","","False","1","1","","60","","No Amenities","5562","False","As Is","Condo","Condo/Co-Op/Villa/Townhouse","Garden View, Other View","2 Or More Spaces, Assigned Parking, Guest Parking",""
"A12049846","Southeast Florida Regional","Active","450000","450000","450000","","","","","","2026-07-10 12:47:06","22","22","1656","","3","2","1","23570 SW 113th Path, HOMESTED FL 33032","SILVER PALMS","No Restrictions","","Owner Occupied","1","False","False","Conventional, FHA","SILVER PALMS","33032","2013","82","","False","2","1","","","","Heated Pool","7300","False","As Is","Condo","Condo/Co-Op/Villa/Townhouse","Club Area View","2 Or More Spaces",""
"B26048318","Beaches MLS","Active","449999","449999","449999","","","","","","2026-07-03 13:34:09","28","28","1187","Entry Level","2","2","1","9066 SW 73rd Court #701, Miami FL 33156","","Other Restrictions","Unfurnished","Tenant Occupied","","False","","All Cash, Conventional","","33156","2006","1430","","False","26","7","","701","","Community Room, Community Pool, Elevator, Exercise Room, Pool, Private Pool, Sauna, Security Patrol, Spa/Hot Tub, Trash Chute","4800","True","","Condo","Condo/Co-Op/Villa/Townhouse","","1 Space, Assigned Parking, Awning, Covered Parking, Limited # Of Vehicle, Parking Garage",""
"A12031869","Southeast Florida Regional","Active","449999","449999","449999","","","","","","2026-07-03 21:21:54","28","28","1081","Entry Level","2","2","0","18800 NE 29th Ave #405, AVENTUR FL 33180","VENTURE AT AVENTURA EAST","No Trucks/Rv'S, Ok To Lease, Okay To Lease 1st Year","Furnished","Tenant Occupied","90","False","False","All Cash, Conventional","VENTURE AT AVENTURA EAST","33180","2005","872","","False","11","4","","405","","Billiard Room, Business Center, Community Room, Elevator, Exercise Room, Kitchen Facilities, Pool, Spa/Hot Tub","5015","False","As Is, Completely Renovated, Foreign Seller","Condo","Condo/Co-Op/Villa/Townhouse","Other View, Skyline View","1 Space, Assigned Parking, Guest Parking",""
"A12061484","Southeast Florida Regional","Active","449500","449500","449500","","","","","","2026-07-28 18:24:40","125","3","882","Entry Level","1","1","0","1805 Ponce De Leon Blvd #616, CORALGBL FL 33134","THE PONCE TOWER CONDO","Ok To Lease","Unfurnished","Vacant","365","False","False","All Cash, Conventional","THE PONCE TOWER CONDO","33134","2008","868","","False","15","6","","616","","Business Center, Elevator, Exercise Room, Exterior Lighting, Heated Pool, Pool, Trash Chute","6426","True","As Is","Condo","Condo/Co-Op/Villa/Townhouse","Pool Area View","1 Space, Covered Parking, Deeded Parking",""
"B26048516","Beaches MLS","Active","449000","449000","449000","","","","","","2026-07-03 20:01:58","27","27","930","","1","1","0","17375 Collins Avenue #1104, Sunny Isles Beach FL 33160","","Other Restrictions","Furnished","Call Listing Agent","","False","","All Cash, Conventional, FHA, FHA 203K, Va","","33160","2000","1696","","True","22","11","","1104","Ocean Access","Card/Electric Gate, Community Pool, Exercise Room, Pool, Private Pool, Sauna, Security Patrol","5477","False","","Condo","Condo/Co-Op/Villa/Townhouse","","1 Space, Parking Garage, Valet Parking",""
"A12062385","Southeast Florida Regional","Active","449000","449000","449000","","","","","","2026-07-30 16:56:21","1","1","1258","","3","2","0","1880 S Treasure Dr #3D, NBAYVLGE FL 33141","TREASURE BAY CLUB CONDO","Ok To Lease","","Vacant","180","False","False","All Cash, Conventional","TREASURE BAY CLUB CONDO","33141","1961","1148","","True","4","3","","3D","Bay Front","Pool","6000","False","As Is","Condo, Homeowners","Condo/Co-Op/Villa/Townhouse","Bay","Additional Spaces Available, Assigned Parking",""
"A12060386","Southeast Florida Regional","Active","449000","449000","449000","","","","","","2026-07-27 17:43:32","602","4","1075","","1","2","","900 Bay Dr #716+Dock Slip available, MIAMIBCH FL 33141","KING COLE CONDO","Ok To Lease","Unfurnished","Call Listing Agent","180","False","False","All Cash","KING COLE CONDO","33141","1963","1203","","True","11","7","","716+Dock Slip available","Bay Front, No Fixed Bridges","Boat Dock","4359","False","As Is","Condo","Condo/Co-Op/Villa/Townhouse","Bay, Ocean View, Skyline View, Water View","1 Space, Assigned Parking, Covered Parking, Street Parking, Valet Parking",""
"A12059656","Southeast Florida Regional","Active","449000","449000","449000","","","","","","2026-07-31 12:56:41","0","0","990","","2","2","0","600 NE 36th St #1017, MIAMI FL 33137","CHARTER CLUB CONDO","No Daily Rentals, Okay To Lease 1st Year, Renting Limited","","Vacant","365","False","False","All Cash, Conventional","CHARTER CLUB CONDO","33137","1975","861","","True","22","10","","1017","Canal Front","Basketball Courts, Bbq/Picnic Area, Bike Storage, Exercise Room, Handball/Basketball, Heated Pool, Hobby Room, Pickleball, Sauna, Spa/Hot Tub, Tennis","4004","False","As Is","Condo, Homeowners","Condo/Co-Op/Villa/Townhouse","Bay, Garden View, Intracoastal View, Skyline View, Tennis Court View, Water View","1 Space, Additional Spaces Available, Assigned Parking",""
"A12060656","Southeast Florida Regional","Active","449000","449000","449000","","","","","","2026-07-27 16:44:51","4","4","1000","","2","2","1","6845 SW 45th Ln #10, MIAMI FL 33155","GABLES POINT","See Broker Remarks","","Owner Occupied","0","True","False","All Cash, Conventional, FHA","GABLES POINT","33155","1986","370","","False","2","1","","10","","Pickleball, Pool, Tennis","3266","True","As Is","Condo","Condo/Co-Op/Villa/Townhouse","None","1 Space",""
"A12059514","Southeast Florida Regional","Active","449000","449000","449000","","","","","","2026-07-29 14:04:13","2","2","760","","1","1","0","1155 Brickell Bay Dr #2005, MIAMI FL 33131","THE MARK ON BRICKELL COND","Ok To Lease","","Owner Occupied","12","False","False","All Cash, Conventional","THE MARK ON BRICKELL COND","33131","2001","1150","","True","36","20","","2005","Bay Front","Business Center, Elevator, Exercise Room, Private Pool, Spa/Hot Tub, Tennis, Trash Chute","5991","False","As Is","Condo","Condo/Co-Op/Villa/Townhouse","Bay, Skyline View","2 Or More Spaces",""
"A12051789","Southeast Florida Regional","Active","449000","449000","449000","","","","","","2026-07-10 17:12:47","21","21","359","","0","1","0","121 NE 5th St #304, MIAMI FL 33132","501 FIRST RESIDENCES COND","Daily Rentals Allowed","","Call Listing Agent","1","False","False","All Cash, Conventional","501 FIRST RESIDENCES COND","33132","2025","588","","False","40","3","","304","","Exercise Room, Pool, Sauna, Spa/Hot Tub","0","False","As Is","Condo","Condo/Co-Op/Villa/Townhouse","Other View","Valet Parking",""
"A12042322","Southeast Florida Regional","Active","446000","446000","446000","","","","","","2026-07-15 15:06:54","17","17","1048","","2","2","0","1750 N Bayshore Dr #1814, MIAMI FL 33132","OPERA TOWER CONDO","No Daily Rentals","","Vacant","30","False","False","All Cash, Conventional, FHA","OPERA TOWER CONDO","33132","2007","1267","","False","56","18","","1814","","Cabana, Elevator, Exercise Room, Pool, Sauna, Spa/Hot Tub, Trash Chute","6913","False","As Is","Condo","Condo/Co-Op/Villa/Townhouse","Skyline View","1 Space",""
"A12055190","Southeast Florida Regional","Active","479000","445000","445000","","","","","","2026-07-16 18:31:02","56","15","1079","","2","2","0","1160 103rd St #6, BAYHARIS FL 33154","MORNING STAR CONDO","Ok To Lease","","Vacant","365","False","False","All Cash, Conventional","MORNING STAR CONDO","33154","1957","700","","False","2","1","","6","","Other Amenities","5776","False","As Is, Completely Renovated","Condo","Condo/Co-Op/Villa/Townhouse","Garden View","1 Space, Street Parking",""
"A12051732","Southeast Florida Regional","Active","445000","445000","445000","","","","","","2026-07-13 14:00:27","18","18","650","Entry Level","1","1","0","5350 NW 84th Ave #1412, DORAL FL 33166","5350 Park","No Restrictions","","Vacant","7","False","False","All Cash, Conventional","5350 Park","33166","2019","738","","False","20","14","","1412","","Business Center, Cabana, Child Play Area, Clubhouse-Clubroom, Exercise Room, Sauna, Spa/Hot Tub","7156","False","As Is","Condo","Condo/Co-Op/Villa/Townhouse","Other View","1 Space, Valet Parking",""
"A12054498","Southeast Florida Regional","Active","445000","445000","445000","","","","","","2026-07-22 21:51:24","9","9","622","","1","1","1","501 NE 31st St #1502, MIAMI FL 33137","Paraiso Bayviews","No Daily Rentals, Ok To Lease, Okay To Lease 1st Year, See Broker Remarks","Furnished","Tenant Occupied","30","False","False","All Cash, Conventional, FHA, Va","Paraiso Bayviews","33137","2018","865","","True","46","15","","1502","Bay Front, Canal Front","Bbq/Picnic Area, Billiard Room, Business Center, Child Play Area, Elevator, Exercise Room, Heated Pool, Kitchen Facilities, Other Amenities, Pool, Spa/Hot Tub","6946","False","As Is","Condo","Condo/Co-Op/Villa/Townhouse","Bay, Canal, Club Area View, Intracoastal View, Pool Area View, Tennis Court View","1 Space, Assigned Parking",""
"A12059809","Southeast Florida Regional","Active","445000","445000","445000","","","","","","2026-07-26 11:30:53","5","5","1057","Entry Level","2","2","","1110 NW 1st ST #305, MIAMI FL 33128","CENTRALIS RESIDENCES","No Daily Rentals, Ok To Lease, Okay To Lease 1st Year","","Call Listing Agent","30","False","False","All Cash, Conventional","CENTRALIS RESIDENCES","33128","2023","868","","False","8","3","","305","","Bbq/Picnic Area, Billiard Room, Cabana, Community Room, Elevator, Exercise Room, Exterior Lighting","7990","False","Completely Renovated","Condo","Condo/Co-Op/Villa/Townhouse","Skyline View","1 Space, Assigned Parking, Covered Parking",""
"A12053567","Southeast Florida Regional","Active","445000","445000","445000","","","","","","2026-07-16 12:40:38","15","15","990","Entry Level","2","2","","825 Brickell Bay Dr #1245, MIAMI FL 33131","FOUR AMBASSADORS CONDO","Daily Rentals Allowed, Okay To Lease 1st Year","Unfurnished","Vacant","180","True","False","All Cash, Conventional","FOUR AMBASSADORS CONDO","33131","1968","962","","True","20","12","","1245","Other Waterfront","Bar, Elevator, Exercise Room, Pool, Sauna, Spa/Hot Tub, Trash Chute","5779","False","As Is","Condo","Condo/Co-Op/Villa/Townhouse","Water View","1 Space, Covered Parking, Guest Parking, Street Parking, Valet Parking",""
"A12057951","Southeast Florida Regional","Active","445000","445000","445000","","","","","","2026-07-22 11:17:27","9","9","1090","","3","2","0","15363 SW 77th Ln #15363, MIAMI FL 33193","Point Lake Villas","No Trucks/Rv'S","","Owner Occupied","0","False","False","All Cash, Conventional, FHA, FHA-Va Approved","Point Lake Villas","33193","1984","515","","False","1","1","","15363","","Clubhouse-Clubroom, Other Amenities, Pool","2754","True","As Is, Completely Renovated","Condo","Condo/Co-Op/Villa/Townhouse","Pool Area View","2 Or More Spaces, Additional Spaces Available, Guest Parking",""
"A12053381","Southeast Florida Regional","Active","444000","444000","444000","","","","","","2026-07-14 12:30:58","219","17","865","","1","1","1","1600 NE 1st Ave #1711, MIAMI FL 33132","CANVAS","No Restrictions","","Vacant","30","False","False","All Cash, Conventional","CANVAS","33132","2018","896","","False","37","17","","1711","","Bike Storage, Business Center, Cabana, Clubhouse-Clubroom, Elevator, Exercise Room, Exterior Lighting, Kitchen Facilities, Other Amenities, Sauna","7598","False","As Is","Condo","Condo/Co-Op/Villa/Townhouse","Skyline View","2 Or More Spaces",""
"A12043339","Southeast Florida Regional","Active","440000","440000","440000","","","","","","2026-07-14 15:10:19","205","17","1024","","2","2","","3155 NE 184th St #8105, AVENTUR FL 33160","Village by the Bay","Corporate Buyer OK, Okay To Lease 1st Year","","Tenant Occupied","30","False","False","Conventional, FHA","Village by the Bay","33160","1997","837","","True","3","1","","8105","Bay Front","Bbq/Picnic Area, Bike/Jog Path, Exercise Room, Heated Pool, Pool, Sauna, Spa/Hot Tub, Tennis","5046","True","Completely Renovated","Condo","Condo/Co-Op/Villa/Townhouse","Garden View","1 Space, Additional Spaces Available, Covered Parking",""
"A12045261","Southeast Florida Regional","Active","440000","440000","440000","","","","","","2026-07-01 08:39:33","30","30","754","","1","1","1","92 SW 3rd St #3608, MIAMI FL 33130","Mint Condo","No Daily Rentals","","Tenant Occupied","180","False","False","All Cash, Conventional, Other Terms","Mint Condo","33130","2010","900","","True","52","36","","3608","River Front","Bbq/Picnic Area, Business Center, Child Play Area, Elevator, Exercise Room, Pool","3544","False","As Is","Condo","Condo/Co-Op/Villa/Townhouse","Skyline View","1 Space, Assigned Parking, Covered Parking",""
"A12058261","Southeast Florida Regional","Active","439000","439000","439000","","","","","","2026-07-22 16:00:43","128","9","1061","","2","2","0","18800 NE 29th Ave #904, AVENTUR FL 33180","VENTURE AT AVENTURA EAST","No Daily Rentals","Unfurnished","Vacant","180","False","False","No Terms","VENTURE AT AVENTURA EAST","33180","2005","856","","False","11","9","","904","","Business Center, Clubhouse-Clubroom, Elevator, Exercise Room, Pool, Spa/Hot Tub","5562","False","As Is","Condo","Condo/Co-Op/Villa/Townhouse","None","1 Space, Covered Parking, Valet Parking",""
"A12054726","Southeast Florida Regional","Active","439000","439000","439000","","","","","","2026-07-16 11:10:10","15","15","736","","1","1","1","3470 E Coast Ave #H0505, MIAMI FL 33137","TWO MIDTOWN","Ok To Lease","Unfurnished","Vacant","180","False","False","All Cash, Conventional","TWO MIDTOWN","33137","2007","1075","","False","32","5","","H0505","","Child Play Area, Exercise Room, Heated Pool, Kitchen Facilities, Pool, Sauna, Spa/Hot Tub, Trash Chute","7469","False","As Is","Condo","Condo/Co-Op/Villa/Townhouse","Other View","1 Space, Assigned Parking, Covered Parking",""
"A12047017","Southeast Florida Regional","Active","439000","439000","439000","","","","","","2026-07-02 09:52:54","29","29","910","","1","1","1","6770 Indian Creek Dr #15L, MIAMIBCH FL 33141","Aquasol","No Trucks/Rv'S","","Vacant","180","False","False","Conventional","Aquasol","33141","1968","1000","","True","15","17","","15L","Bay Front","Other Amenities","5455","True","As Is","Condo","Condo/Co-Op/Villa/Townhouse","Bay","Valet Parking",""
"A12057871","Southeast Florida Regional","Active","439000","439000","439000","","","","","","2026-07-22 12:35:05","9","9","814","","1","1","1","1250 S Miami Ave #1307, MIAMI FL 33130","Vue at Brickell","Corporate Buyer OK, Ok To Lease, Okay To Lease 1st Year","Unfurnished","Tenant Occupied","30","False","False","All Cash, Conventional","Vue at Brickell","33130","2004","918","","False","37","13","","1307","","Community Room, Elevator, Exercise Room, Heated Pool, Pool, Trash Chute","6762","True","Disclosure, Structural Integrity Reserve Study","Condo","Condo/Co-Op/Villa/Townhouse","Skyline View","1 Space",""
"A12049883","Southeast Florida Regional","Active","439000","439000","439000","","","","","","2026-07-15 15:46:57","16","16","1148","","2","2","0","350 S Miami Ave #704, MIAMI FL 33130","Wind CONDO","Other Restrictions","","Vacant","365","False","False","All Cash, Conventional","Wind CONDO","33130","2008","1398","","False","41","7","","704","","Basketball Courts, Elevator, Exercise Room, Pool","9693","False","As Is","Condo","Condo/Co-Op/Villa/Townhouse","None","1 Space",""
"A12052493","Southeast Florida Regional","Active","437000","437000","437000","","","","","","2026-07-14 13:25:42","18","18","868","","1","1","1","1901 Brickell Ave #B504, MIAMI FL 33129","BRICKELL PLACE CONDO","Ok To Lease, Other Restrictions","","Call Listing Agent","00","False","False","All Cash, Conventional","BRICKELL PLACE CONDO","33129","1975","684","","True","22","5","","B504","Ocean Access, Ocean Front","Basketball Courts, Bbq/Picnic Area, Bike Storage, Boat Dock","4908","True","As Is","Condo","Condo/Co-Op/Villa/Townhouse","Bay, Garden View, Ocean View, Pool Area View","1 Space",""
"A12061124","Southeast Florida Regional","Active","435000","435000","435000","","","","","","2026-07-28 14:56:54","3","3","1603","Entry Level","2","2","1","15051 Royal Oaks Ln #102, NMIAMI FL 33181","ONE FIFTY ONE AT BISCAYNE","Ok To Lease, Okay To Lease 1st Year, Other Restrictions","","Call Listing Agent","365","False","False","All Cash, Conventional","ONE FIFTY ONE AT BISCAYNE","33181","2007","0","1694","False","26","1","","102","","Child Play Area, Clubhouse-Clubroom, Community Room, Elevator, Exercise Room, Other Amenities, Pool, Tennis","5772","True","As Is","Condo","Condo/Co-Op/Villa/Townhouse","Garden View","1 Space, Assigned Parking, Valet Parking",""
"A12047727","Southeast Florida Regional","Active","435000","435000","435000","","","","","","2026-07-03 10:39:21","28","28","1505","","2","2","0","19380 Collins Ave #1001, SUNNYISL FL 33160","OCEANVIEW","Ok To Lease","","Vacant","180","False","False","All Cash, Conventional","OCEANVIEW","33160","1972","1247","","False","16","10","","1001","","Business Center, Elevator, Exercise Room, Pool","5750","False","None","Condo","Condo/Co-Op/Villa/Townhouse","Bay, Intracoastal View, Other View","1 Space, Assigned Parking, Guest Parking",""
"A12061811","Southeast Florida Regional","Active","435000","435000","435000","","","","","","2026-07-29 17:31:59","6","6","1256","","3","2","1","10885 NW 89th Ter #217, DORAL FL 33178","CORONADO AT DORAL","Ok To Lease","","Tenant Occupied","365","False","False","All Cash, Conventional","CORONADO AT DORAL","33178","2008","422","","False","2","2","","217","","Exercise Room, Pool","6955","False","As Is, None","Condo","Condo/Co-Op/Villa/Townhouse","Other View","Assigned Parking, Guest Parking",""
"A12050972","Southeast Florida Regional","Active","435000","435000","435000","","","","","","2026-07-09 16:45:37","22","22","392","","0","1","0","225 N Miami Ave #308, MIAMI FL 33128","DISTRICT 225","Corporate Buyer OK, Daily Rentals Allowed, Ok To Lease","","Vacant","1","False","False","All Cash, Conventional","DISTRICT 225","33128","2025","644","","False","37","3","","308","","Billiard Room, Business Center, Elevator, Exercise Room, Pool, Sauna, Spa/Hot Tub, Trash Chute","0","False","As Is","Condo","Condo/Co-Op/Villa/Townhouse","Other View","1 Space, Other Parking",""
"A12058288","Southeast Florida Regional","Active","435000","435000","435000","","","","","","2026-07-26 18:59:24","7","7","1064","","1","1","1","1865 Brickell Ave #A1802, MIAMI FL 33129","Brickell Place","No Trucks/Rv'S, Ok To Lease","","Vacant","365","False","False","All Cash, Conventional","Brickell Place","33129","1975","794","","True","23","18","","A1802","Bay Front, Ocean Access, Ocean Front","Child Play Area, Elevator, Exercise Room, Marina, Pickleball, Sauna, Tennis","7842","True","As Is","Condo","Condo/Co-Op/Villa/Townhouse","Bay, Skyline View","Assigned Parking, Covered Parking, Guest Parking",""
"A12049936","Southeast Florida Regional","Active","435000","435000","435000","","","","","","2026-07-13 11:00:01","313","19","659","","1","1","0","401 Ocean Dr #403, MIAMIBCH FL 33139","PRESIDENTIAL CONDOMINIUM","No Daily Rentals, No Lease-1st Year Owned","","Vacant","365","False","False","All Cash, Conventional, FHA","PRESIDENTIAL CONDOMINIUM","33139","1970","1031","","True","11","4","","403","Ocean Access, Ocean Front","Bbq/Picnic Area, Common Laundry, Community Room, Elevator, Pool, Trash Chute","5839","False","Completely Renovated","Condo","Condo/Co-Op/Villa/Townhouse","Other View","Street Parking",""
"A12055646","Southeast Florida Regional","Active","430990","430990","430990","","","","","","2026-07-17 15:11:06","14","14","1367","","3","2","1","15573 SW 280 ST #5, MIAMI FL 33031","Boulevard Collection","Okay To Lease 1st Year, Other Restrictions","","Vacant","180","False","False","All Cash, Conventional, FHA, Va","Boulevard Collection","33031","2026","325","","False","2","1","","5","","Cabana, Child Play Area, Pool","5565","True","As Is","Condo, Homeowners","Condo/Co-Op/Villa/Townhouse","None","Guest Parking",""
"A12047625","Southeast Florida Regional","Active","430000","430000","430000","","","","","","2026-07-13 14:27:14","29","29","1308","","3","2","1","11603 NW 89th St #109, DORAL FL 33178","St Moritz","No Daily Rentals, No Trucks/Rv'S, Ok To Lease, Okay To Lease 1st Year","","Vacant","365","False","False","All Cash, Conventional, FHA, FHA-Va Approved","St Moritz","33178","2011","660","","False","2","1","","109","","Clubhouse-Clubroom, Exercise Room, Pool","6150","False","As Is","Condo","Condo/Co-Op/Villa/Townhouse","Other View","1 Space, Additional Spaces Available, Assigned Parking",""
"A12034066","Southeast Florida Regional","Active","430000","430000","430000","","","","","","2026-07-12 11:37:09","19","19","1102","","3","2","","10222 NW 64th Way #302, DORAL FL 33178","LANDMARK AT DORAL","No Trucks/Rv'S, Ok To Lease, Other Restrictions","","Call Listing Agent","180","False","False","All Cash, Conventional","LANDMARK AT DORAL","33178","2019","654","","False","3","3","","302","","Clubhouse-Clubroom, Elevator, Other Amenities, Pool, Tennis","6273","False","As Is","Condo","Condo/Co-Op/Villa/Townhouse","Other View","1 Space, Additional Spaces Available, Assigned Parking, Guest Parking",""
"A12057133","Southeast Florida Regional","Active","430000","430000","430000","","","","","","2026-07-23 09:27:29","8","8","622","","1","1","1","501 NE 31st St #203, MIAMI FL 33137","PARAISO BAYVIEWS","Other Restrictions","Unfurnished","Tenant Occupied","30","False","False","All Cash, Conventional","PARAISO BAYVIEWS","33137","2018","850","","True","46","2","","203","Bay Front","Elevator, Exercise Room, Sauna, Spa/Hot Tub","6911","False","As Is","Condo","Condo/Co-Op/Villa/Townhouse","Other View","1 Space, Valet Parking",""
"A12056945","Southeast Florida Regional","Active","430000","430000","430000","","","","","","2026-07-20 18:33:00","15","15","945","","2","2","0","652 NE 63rd St #404, MIAMI FL 33138","MILANA CONDO","No Daily Rentals","","Vacant","0","False","False","All Cash, Conventional, FHA, Va","MILANA CONDO","33138","2007","763","","False","4","4","","404","","No Amenities","7400","False","As Is","Condo","Condo/Co-Op/Villa/Townhouse","Other View","2 Or More Spaces",""
"A12053994","Southeast Florida Regional","Active","430000","430000","430000","","","","","","2026-07-21 18:47:19","56","16","1020","","2","2","0","2642 Collins Ave #303, MIAMIBCH FL 33140","CapoMar Conodominium","Ok To Lease, Okay To Lease 1st Year","Unfurnished","Call Listing Agent","365","False","False","All Cash, Conventional","CapoMar Conodominium","33140","1998","753","","False","4","3","Pending","303","","No Amenities","6714","True","As Is","Condo","Condo/Co-Op/Villa/Townhouse","Canal","1 Space, Deeded Parking",""
"A12042469","Southeast Florida Regional","Active","455000","430000","430000","","","","","","2026-07-01 14:28:43","356","30","950","","1","1","1","5 Island Ave #6A, MIAMIBCH FL 33139","ISLAND TERRACE","No Daily Rentals, Renting Limited, See Broker Remarks","","Call Listing Agent","365","False","False","All Cash, Conventional","ISLAND TERRACE","33139","1967","1425","","True","15","6","","6A","Bay Front","Common Laundry, Community Room, Elevator, Exercise Room, Extra Storage, Other Amenities, Pool, Trash Chute","765","True","As Is","Condo","Condo/Co-Op/Villa/Townhouse","Bay, Intracoastal View","1 Space, Assigned Parking",""
"A12062213","Southeast Florida Regional","Active","430000","430000","430000","","","","","","2026-07-30 10:17:54","1","1","1056","","1","1","1","41 SE 5th St #906, MIAMI FL 33131","Brickell on the River","No Daily Rentals, Ok To Lease, Okay To Lease 1st Year","Unfurnished","Tenant Occupied","30","False","False","All Cash, Conventional","Brickell on the River","33131","2006","800","","True","46","9","","906","River Front","Exercise Room, Pool, Sauna, Spa/Hot Tub","7227","False","As Is","Condo","Condo/Co-Op/Villa/Townhouse","River","1 Space, Covered Parking, Valet Parking",""
"A12054668","Southeast Florida Regional","Active","430000","430000","430000","","","","","","2026-07-16 11:52:51","15","15","705","Entry Level","1","1","0","79 SW 12 ST #3011-S, MIAMI FL 33130","AXIS ON BRICKELL","Other Restrictions","Unfurnished","Tenant Occupied","365","False","False","All Cash, Conventional","AXIS ON BRICKELL","33130","2008","825","","True","43","30","","3011-S","Bay Front, Ocean Front","Clubhouse-Clubroom, Elevator, Exercise Room, Other Amenities, Pool, Sauna, Spa/Hot Tub","7181","False","As Is","Condo","Condo/Co-Op/Villa/Townhouse","Other View","1 Space, Valet Parking",""
"A12050225","Southeast Florida Regional","Active","429000","429000","429000","","","","","","2026-07-10 11:38:48","135","23","1143","","2","2","0","3549 Magellan Cir #418, AVENTUR FL 33180","Mariner Village","Corporate Buyer OK, Okay To Lease 1st Year","","Vacant","90","False","False","All Cash, Conventional","Mariner Village","33180","1986","860","","True","2","2","","418","Bay Front, Canal Front, Intracoastal Front, Lagoon Front","Bike/Jog Path, Marina","2785","False","As Is","Condo","Condo/Co-Op/Villa/Townhouse","Bay, Garden View, Other View","1 Space, Assigned Parking, Guest Parking",""
"A12051562","Southeast Florida Regional","Active","429000","429000","429000","","","","","","2026-07-10 13:24:37","21","21","1340","","2","2","0","16590 NE 26th Ave #502, NMIAMIBC FL 33160","Vista on The Bay","No Daily Rentals, No Trucks/Rv'S","","Tenant Occupied","365","False","False","All Cash, Conventional","Vista on The Bay","33160","2001","799","","True","5","5","","502","Bay Front","Bbq/Picnic Area, Elevator, Exterior Lighting, Other Amenities, Pool","7030","False","Completely Renovated","Condo","Condo/Co-Op/Villa/Townhouse","Skyline View, Water View","2 Or More Spaces",""
"A12050661","Southeast Florida Regional","Active","429000","429000","429000","","","","","","2026-07-09 01:14:22","310","25","848","","1","1","0","185 SW 7th St #3704, MIAMI FL 33130","LATITUDE ON THE RIVER","Corporate Buyer OK, Ok To Lease, Okay To Lease 1st Year","","Tenant Occupied","180","False","False","All Cash, Conventional, FHA","LATITUDE ON THE RIVER","33130","2007","839","","False","50","37","","3704","","Elevator, Exercise Room, Pool","6392","True","As Is","Condo","Condo/Co-Op/Villa/Townhouse","Skyline View, Water View","1 Space, Covered Parking, Valet Parking",""
"A12059272","Southeast Florida Regional","Active","329000","429000","429000","","","","","","2026-07-28 13:22:37","239","3","599","","1","1","0","227 NE 2nd St #2202, MIAMI FL 33132","YOTEL","Daily Rentals Allowed","","Call Listing Agent","365","False","False","All Cash, Conventional","YOTEL","33132","2022","980","","False","31","0","","2202","","Bbq/Picnic Area, Bike Storage, Billiard Room, Business Center, Clubhouse-Clubroom, Elevator, Exercise Room, Extra Storage, Heated Pool, Pool, Spa/Hot Tub","8001","False","As Is","Condo","Condo/Co-Op/Villa/Townhouse","Water View","Valet Parking",""
"A12058945","Southeast Florida Regional","Active","429000","429000","429000","","","","","","2026-07-23 18:58:56","116","8","1216","Entry Level","2","2","0","7355 SW 89th St #728N, MIAMI FL 33156","TOSCANO CONDO","Ok To Lease, Okay To Lease 1st Year, Other Restrictions","","Call Listing Agent","365","False","False","All Cash, Conventional","TOSCANO CONDO","33156","2007","1406","","False","7","7","","728N","","Bbq/Picnic Area, Business Center, Clubhouse-Clubroom, Elevator, Exercise Room, Exterior Lighting, Pool, Sauna, Trash Chute","6261","False","As Is","Condo","Condo/Co-Op/Villa/Townhouse","Garden View","1 Space, Valet Parking",""
"A12051592","Southeast Florida Regional","Active","425000","425000","425000","","","","","","2026-07-10 13:59:02","260","21","1138","Entry Level","2","1","0","20335 W Country Club Dr #PH4, AVENTUR FL 33180","CORONADO CONDO - TOWER I","Exterior Alterations, No Daily Rentals, No Lease-1st Year Owned","Furnished","Vacant","730","False","False","All Cash, Conventional","CORONADO CONDO - TOWER I","33180","1975","1009","","False","27","27","","PH4","","Bike Storage, Billiard Room, Elevator, Exercise Room, Exterior Lighting, Library, Pool, Sauna, Shuffleboard, Spa/Hot Tub, Trash Chute","4225","False","Other Special Info","Condo","Condo/Co-Op/Villa/Townhouse","Golf View, Intracoastal View, Ocean View","Assigned Parking, Covered Parking, Guest Parking",""
"A12054660","Southeast Florida Regional","Active","425000","425000","425000","","","","","","2026-07-16 14:26:08","15","15","860","","1","1","0","19501 W COUNTRY CLUB DR #2506, AVENTUR FL 33180","TURNBERRY","Other Restrictions","Unfurnished","Vacant","365","False","False","All Cash, Conventional","TURNBERRY","33180","2002","868","","False","28","25","","2506","","Bar, Billiard Room, Business Center, Clubhouse-Clubroom, Elevator, Exercise Room, Pool, Sauna, Spa/Hot Tub, Trash Chute","4910","False","As Is","Condo","Condo/Co-Op/Villa/Townhouse","Garden View, Intracoastal View, Ocean View","1 Space",""
"A12051047","Southeast Florida Regional","Active","435000","425000","425000","","","","","","2026-07-09 15:45:25","22","22","1125","","1","1","0","9381 E Bay Harbor Dr #302S, BAYHARIS FL 33154","London Towers","See Broker Remarks","Unfurnished","Call Listing Agent","365","False","False","All Cash, Conventional, FHA, Va","London Towers","33154","1966","1036","","False","7","3","","302S","Canal Front","Community Room, Pool","5040","True","As Is","Condo","Condo/Co-Op/Villa/Townhouse","Garden View","1 Space",""
"A12060824","Southeast Florida Regional","Active","425000","425000","425000","","","","","","2026-07-28 15:55:21","3","3","1256","","3","2","1","11403 NW 89th St #217, DORAL FL 33178","ST MORTIZ AT DORAL CONDO","No Trucks/Rv'S, Ok To Lease","","Tenant Occupied","365","False","False","All Cash, Conventional, FHA","ST MORTIZ AT DORAL CONDO","33178","2010","638","","False","2","2","","217","","Other Amenities, Pool","5894","False","As Is","Condo","Condo/Co-Op/Villa/Townhouse","Other View","1 Space, Assigned Parking, Guest Parking",""
"A12057664","Southeast Florida Regional","Active","425000","425000","425000","","","","","","2026-07-21 17:24:28","374","10","1030","","2","2","0","5700 Collins Ave #3C, MIAMIBCH FL 33140","Seacoast","Other Restrictions","","Call Listing Agent","365","False","False","All Cash, Conventional","Seacoast","33140","1968","1627","","False","16","3","","3C","","Exercise Room, Pool","5444","False","As Is","Condo","Condo/Co-Op/Villa/Townhouse","Ocean View","1 Space",""
"A12049084","Southeast Florida Regional","Active","425000","425000","425000","","","","","","2026-07-10 12:58:59","21","21","1065","","2","2","0","1666 West Ave #404, MIAMIBCH FL 33139","West Bay Gardens","No Daily Rentals, Okay To Lease 1st Year","","Call Listing Agent","365","False","False","All Cash, Conventional","West Bay Gardens","33139","1980","841","","False","5","4","","404","","Bike Storage, Common Laundry, Community Room, Elevator, Extra Storage, Library, Pool, Trash Chute","2423","False","As Is","Condo","Condo/Co-Op/Villa/Townhouse","Other View, Skyline View","1 Space, Assigned Parking, Covered Parking",""
"A12061538","Southeast Florida Regional","Active","425000","425000","425000","","","","","","2026-07-28 20:48:04","3","3","952","","1","1","1","41 SE 5th St #1415, MIAMI FL 33131","BRICKELL ON THE RIVER","Ok To Lease, Okay To Lease 1st Year, Other Restrictions","","Tenant Occupied","30","False","False","All Cash, Conventional, FHA, Va","BRICKELL ON THE RIVER","33131","2006","806","","True","24","14","","1415","River Front","Business Center, Elevator, Exercise Room, Heated Pool, Other Amenities, Pool, Sauna, Spa/Hot Tub, Trash Chute","6887","False","As Is","Condo","Condo/Co-Op/Villa/Townhouse","River","1 Space",""
"A12058586","Southeast Florida Regional","Active","425000","425000","425000","","","","","","2026-07-23 12:00:32","8","8","738","","1","1","0","55 SE 6th St #3604, MIAMI FL 33131","500 Brickell West","No Daily Rentals, Ok To Lease","","Tenant Occupied","30","False","False","All Cash, Conventional","500 Brickell West","33131","2008","1000","","True","42","36","","3604","Bay Front","Bar, Child Play Area, Elevator, Pool, Spa/Hot Tub","4394","False","Other Special Info","Condo","Condo/Co-Op/Villa/Townhouse","Bay","1 Space",""
"A12057296","Southeast Florida Regional","Active","425000","425000","425000","","","","","","2026-07-24 17:50:47","7","7","541","","1","1","0","55 SW 9th St #2407, MIAMI FL 33130","BRICKELL HEIGHTS","Exterior Alterations","","Call Listing Agent","365","False","False","All Cash, Conventional","BRICKELL HEIGHTS","33130","2017","875","","False","46","24","","2407","","Elevator, Exercise Room, Exterior Lighting, Pool, Spa/Hot Tub","6663","False","As Is","Condo","Condo/Co-Op/Villa/Townhouse","Skyline View","1 Space",""
"A12059834","Southeast Florida Regional","Active","424000","424000","424000","","","","","","2026-07-26 11:09:48","6","6","1057","Entry Level","2","2","","1110 NW 1st ST #313, MIAMI FL 33128","CENTRALIS RESIDENCES","No Daily Rentals","","Call Listing Agent","30","False","False","All Cash, Conventional","CENTRALIS RESIDENCES","33128","2023","868","","False","8","3","","313","","Bbq/Picnic Area, Billiard Room, Cabana, Community Room, Elevator, Exercise Room, Exterior Lighting","7990","False","Completely Renovated","Condo","Condo/Co-Op/Villa/Townhouse","Pool Area View","1 Space, Assigned Parking, Covered Parking",""
"A12050427","Southeast Florida Regional","Active","420900","420900","420900","","","","","","2026-07-13 16:21:08","18","18","371","","0","1","","152 SW 9th St #1125, MIAMI FL 33130","House Of Wellness","Other Restrictions","","Call Listing Agent","30","False","False","All Cash, Conventional","House Of Wellness","33130","2029","0","","False","34","11","","1125","","Bar, Clubhouse-Clubroom, Exercise Room, Other Amenities, Pool, Sauna","0","False","As Is","Condo","Condo/Co-Op/Villa/Townhouse","Other View","Other Parking",""
"A12056930","Southeast Florida Regional","Active","420000","420000","420000","","","","","","2026-07-29 13:49:48","2","2","1065","Entry Level","2","2","0","2775 NE 187th St #316, AVENTUR FL 33180","Venture at Aventura West","Corporate Buyer OK","Unfurnished","Vacant","90","False","False","All Cash, Conventional","Venture at Aventura West","33180","2005","1108","","False","7","3","","316","","Bike Storage, Business Center, Exercise Room, Pool, Sauna","5034","False","As Is, Corporation Owned Property","Condo","Condo/Co-Op/Villa/Townhouse","Garden View","1 Space, Covered Parking, Valet Parking",""
"A12056819","Southeast Florida Regional","Active","420000","420000","420000","","","","","","2026-07-20 16:58:58","387","30","1181","","2","2","0","3530 Mystic Pointe Dr #1208, AVENTUR FL 33180","Mystic Pointe","Corporate Buyer OK, No Trucks/Rv'S, Okay To Lease 1st Year","","Call Listing Agent","180","False","False","All Cash, Conventional","Mystic Pointe","33180","1991","585","1268","False","33","12","","1208","Bay Front, Canal Front","Basketball Courts, Bike Storage, Billiard Room, Child Play Area, Courtesy Bus, Exercise Room, Exterior Lighting, Heated Pool, Library, Marina, Pickleball, Sauna, Spa/Hot Tub, Tennis","5385","False","As Is","Condo","Condo/Co-Op/Villa/Townhouse","Water View","1 Space, Covered Parking, Valet Parking",""
"A12055010","Southeast Florida Regional","Active","440000","420000","420000","","","","","","2026-07-16 15:19:51","15","15","438","","0","1","0","10275 Collins Ave #112, BALHARBR FL 33154","HARBOUR HOUSE","Okay To Lease 1st Year","","Tenant Occupied","365","False","False","All Cash, Conventional, Cryptocurrency","HARBOUR HOUSE","33154","1964","648","","False","14","1","","112","","Elevator, Exercise Room, Other Amenities, Pool, Sauna, Spa/Hot Tub, Tennis","4354","True","As Is","Condo","Condo/Co-Op/Villa/Townhouse","Garden View","1 Space, Assigned Parking",""
"A12054306","Southeast Florida Regional","Active","420000","420000","420000","","","","","","2026-07-27 20:06:26","4","4","904","Entry Level","2","2","0","2350 NE 135th St #1510, NMIAMI FL 33181","VECINO DEL MAR CONDO","Ok To Lease, Other Restrictions","Unfurnished","Call Listing Agent","365","False","False","All Cash, Conventional","VECINO DEL MAR CONDO","33181","1980","938","","True","15","15","","1510","Canal Front","Common Laundry, Exercise Room, Pool, Trash Chute","4767","False","As Is","Condo","Condo/Co-Op/Villa/Townhouse","Canal, Intracoastal View, Water View","2 Or More Spaces, Additional Spaces Available, Assigned Parking",""
"A12050271","Southeast Florida Regional","Active","420000","420000","420000","","","","","","2026-07-08 17:36:24","146","23","960","","1","1","0","17375 Collins Ave #1506, SUNNYISL FL 33160","Ocean Point Condominium","No Daily Rentals, Ok To Lease, Okay To Lease 1st Year","","Call Listing Agent","90","False","False","All Cash, Conventional","Ocean Point Condominium","33160","2000","1745","","True","27","15","","1506","Ocean Access, Ocean Front","Bar, Elevator, Exercise Room, Pool, Private Beach Pavilion, Private Pool, Sauna, Spa/Hot Tub","6501","False","As Is","Condo","Condo/Co-Op/Villa/Townhouse","Ocean View, Direct Ocean","1 Space, Valet Parking",""
"A12058781","Southeast Florida Regional","Active","420000","420000","420000","","","","","","2026-07-23 13:58:16","364","8","1087","","1","2","0","1861 NW S River Dr #2209, MIAMI FL 33125","TERRAZAS RIVERPARK VILLAG","Other Restrictions","Furnished","Vacant","365","False","False","Other Terms","TERRAZAS RIVERPARK VILLAG","33125","2010","1339","","False","27","22","","2209","","Other Membership Available","6338","False","Other Special Info","Condo","Condo/Co-Op/Villa/Townhouse","Other View","Other Parking",""
"A12051662","Southeast Florida Regional","Active","420000","420000","420000","","","","","","2026-07-10 15:15:53","21","21","1505","","2","2","0","19380 Collins Ave #404, SUNNYISL FL 33160","Ocean View","No Daily Rentals","","Vacant","180","False","False","All Cash, Conventional","Ocean View","33160","1972","1250","","False","16","4","","404","","Common Laundry, Elevator, Exercise Room, Exterior Lighting, Heated Pool","5490","False","As Is","Condo","Condo/Co-Op/Villa/Townhouse","Pool Area View","1 Space, Assigned Parking, Guest Parking, Valet Parking",""
"A12056406","Southeast Florida Regional","Active","420000","420000","420000","","","","","","2026-07-20 11:18:51","54","11","1445","","3","2","1","10012 NW 7th St #216, MIAMI FL 33172","Las Sevillas","Other Restrictions","","Vacant","365","False","False","All Cash, Conventional","Las Sevillas","33172","2011","778","","False","2","2","","216","","Pool","8000","False","As Is","Condo","Condo/Co-Op/Villa/Townhouse","Other View","2 Or More Spaces",""
"A12046764","Southeast Florida Regional","Active","420000","420000","420000","","","","","","2026-07-01 17:11:03","30","30","989","Entry Level","2","2","0","6851 SW 44th St #208, MIAMI FL 33155","GABLES COURT","Exterior Alterations, Ok To Lease","Unfurnished","Call Listing Agent","365","False","False","All Cash, Conventional","GABLES COURT","33155","2006","629","629","False","3","2","","208","","Bbq/Picnic Area, Billiard Room, Business Center, Clubhouse-Clubroom, Community Room, Exercise Room, Exterior Lighting, Pool, Spa/Hot Tub","5150","False","As Is","Condo","Condo/Co-Op/Villa/Townhouse","Other View","Assigned Parking, Guest Parking",""
"A12052474","Southeast Florida Regional","Active","425000","420000","420000","","","","","","2026-07-13 12:12:21","45","24","901","","2","2","0","60 NW 37th Ave #608, MIAMI FL 33125","DOUGLAS PLACE","Corporate Buyer OK, No Restrictions, Ok To Lease, Okay To Lease 1st Year","Unfurnished","Vacant","365","False","False","All Cash, Conventional, Exchange","DOUGLAS PLACE","33125","2005","485","","False","14","6","","608","","Bike Storage, Business Center, Elevator, Exercise Room, Pool, Trash Chute","3014","False","As Is","Condo","Condo/Co-Op/Villa/Townhouse","Skyline View","2 Or More Spaces, Assigned Parking, Covered Parking",""
"A12049712","Southeast Florida Regional","Active","420000","420000","420000","","","","","","2026-07-08 10:57:04","24","24","1070","","3","2","0","15065 SW 49th Ln #F, MIAMI FL 33185","LKS OF MEADOW VILG HOMES","Other Restrictions","","Call Listing Agent","365","False","False","All Cash, Conventional, FHA","LKS OF MEADOW VILG HOMES","33185","1988","516","","False","1","1","","F","","Basketball Courts, Child Play Area, Clubhouse-Clubroom, Exercise Room, Exterior Lighting, Pickleball","1370","False","None","Condo","Condo/Co-Op/Villa/Townhouse","Other View","2 Or More Spaces",""
"A12062031","Southeast Florida Regional","Active","420000","420000","420000","","","","","","2026-07-29 17:12:24","8","8","1342","","3","2","1","11411 SW 109th Rd #50Y, MIAMI FL 33176","SABAL CHASE","No Daily Rentals, No Trucks/Rv'S","","Vacant","365","False","False","All Cash, Conventional","SABAL CHASE","33176","1977","187","440","False","2","1","","50Y","","Basketball Courts, Child Play Area, Clubhouse-Clubroom, Exercise Room, Pickleball, Tennis","1985","False","As Is","Condo","Condo/Co-Op/Villa/Townhouse","Garden View","2 Or More Spaces, Guest Parking",""
"A12050252","Southeast Florida Regional","Active","419900","419900","419900","","","","","","2026-07-13 14:37:32","18","18","371","","0","1","","152 SW 9th Street #815, MIAMI FL 33130","House Of Wellness","Other Restrictions","","Call Listing Agent","365","False","False","All Cash, Conventional","House Of Wellness","33130","2029","0","","False","34","8","","815","","Bar, Clubhouse-Clubroom, Exercise Room, Other Amenities, Pool, Sauna","0","False","As Is","Other","Condo/Co-Op/Villa/Townhouse","Other View","Other Parking",""
"A12057859","Southeast Florida Regional","Active","419900","419900","419900","","","","","","2026-07-22 14:34:24","202","9","910","","1","1","1","6770 Indian Creek Dr #15T, MIAMIBCH FL 33141","Aquasol","No Trucks/Rv'S","","Owner Occupied","183","False","False","Conventional","Aquasol","33141","1968","1000","","True","17","15","","15T","Bay Front","Exercise Room","4926","True","As Is","Condo","Condo/Co-Op/Villa/Townhouse","Ocean View, Other View","Valet Parking",""
"B26055626","Beaches MLS","Active","419000","419000","419000","","","","","","2026-07-24 14:56:09","7","7","1000","","1","1","1","19390 COLLINS Avenue #1603, Sunny Isles Beach FL 33160","","Ok To Lease With Res, No Daily Rentals","Furnished","Vacant","","True","","All Cash, Conventional","","33160","1971","777","","True","17","16","","1603","Intracoastal Front, Navigable","Bike Storage, Billiard Room, Bbq/Picnic Area, Card/Electric Gate, Common Laundry, Community Room, Community Pool, Elevator, Exercise Room, Extra Storage, Heated Pool, Laundry Facility, Maintained Community, Management On Site, Pool, Pool Table, Private Pool, Security Patrol, Tennis, Trash Chute","5042","False","Bank Owned Property","Condo","Condo/Co-Op/Villa/Townhouse","","1 Space, Parking Garage, Valet Parking",""
"A12055853","Southeast Florida Regional","Active","419000","419000","419000","","","","","","2026-07-29 15:34:50","2","2","705","","1","1","0","79 SW 12th St #1511-S, MIAMI FL 33130","AXIS ON BRICKELL","Other Restrictions","","Tenant Occupied","365","False","False","All Cash, Conventional","AXIS ON BRICKELL","33130","2008","811","","True","43","15","","1511-S","Bay Front","Clubhouse-Clubroom, Elevator, Exercise Room, Heated Pool, Other Amenities, Pool, Sauna, Spa/Hot Tub","5726","False","As Is","Condo","Condo/Co-Op/Villa/Townhouse","Other View","2 Or More Spaces, Valet Parking",""
"A12053472","Southeast Florida Regional","Active","399000","419000","419000","","","","","","2026-07-16 15:03:05","202","17","843","","1","1","0","1050 Brickell Ave #2910, MIAMI FL 33131","1050 Brickell Av","No Daily Rentals","","Tenant Occupied","180","False","False","All Cash, Conventional","1050 Brickell Av","33131","2008","1045","","False","58","29","","2910","","Business Center, Child Play Area, Clubhouse-Clubroom, Community Room, Elevator, Exercise Room, Heated Pool, Other Amenities","6601","False","As Is","Condo","Condo/Co-Op/Villa/Townhouse","Skyline View","1 Space",""
"A12056127","Southeast Florida Regional","Active","419000","419000","419000","","","","","","2026-07-18 22:36:02","13","13","446","","0","1","0","227 NE 2nd St #1910, MIAMI FL 33132","Yotelpad","Daily Rentals Allowed","","Call Listing Agent","1","False","False","All Cash, Conventional","Yotelpad","33132","2022","630","","False","31","19","","1910","","Bar, Cabana, Clubhouse-Clubroom, Exercise Room, Pool","6039","False","As Is, Completely Renovated","Condo","Condo/Co-Op/Villa/Townhouse","Skyline View","Street Parking, Valet Parking",""
"A12049432","Southeast Florida Regional","Active","415000","415000","415000","","","","","","2026-07-08 10:15:55","23","23","1104","Entry Level","2","2","0","301 174th St #L05, SUNNYISL FL 33160","WINSTON TOWERS 500 CONDO","No Leasing, No Trucks/Rv'S","Furnished","Call Listing Agent","0","False","False","All Cash, Conventional","WINSTON TOWERS 500 CONDO","33160","1976","546","336","True","24","1","Coming Soon","L05","Bay Front, Intracoastal Front","Common Laundry, Elevator, Exercise Room, Exterior Lighting, Pool","3329","False","As Is, Completely Renovated","Condo","Condo/Co-Op/Villa/Townhouse","Garden View","1 Space, Assigned Parking, Covered Parking",""
"A12047178","Southeast Florida Regional","Active","415000","415000","415000","","","","","","2026-07-08 12:47:01","29","29","1135","","2","2","0","8045 NW 104th Ave #32, DORAL FL 33178","APEX AT PARK CENTRAL","No Daily Rentals, No Trucks/Rv'S, Okay To Lease 1st Year","Unfurnished","Tenant Occupied","365","False","False","All Cash, Conventional","APEX AT PARK CENTRAL","33178","2021","663","","False","3","3","","32","","Billiard Room, Business Center, Child Play Area, Clubhouse-Clubroom, Exercise Room, Pool, Tennis","8135","False","As Is","Condo","Condo/Co-Op/Villa/Townhouse","Other View","1 Space, Additional Spaces Available, Assigned Parking",""
"A12046752","Southeast Florida Regional","Active","415000","415000","415000","","","","","","2026-07-02 12:59:47","29","29","1230","","3","2","0","3539 W 76th St #6, HIALEAH FL 33018","VILLA CANARIAS","No Trucks/Rv'S, Ok To Lease","","Tenant Occupied","365","False","False","All Cash, Conventional","VILLA CANARIAS","33018","2003","172","","False","2","1","","6","","No Amenities","5722","False","As Is","Condo","Condo/Co-Op/Villa/Townhouse","Other View","2 Or More Spaces",""
"A12054989","Southeast Florida Regional","Active","415000","415000","415000","","","","","","2026-07-21 14:24:55","168","10","923","","2","2","0","5085 NW 7th St #906, MIAMI FL 33126","Blue Lagoon condominium","No Daily Rentals, Ok To Lease","","Owner Occupied","0","False","False","All Cash, Conventional","Blue Lagoon condominium","33126","2003","571","","False","17","9","","906","","Bbq/Picnic Area, Billiard Room, Business Center, Child Play Area, Clubhouse-Clubroom, Exercise Room, Heated Pool, Marina, Sauna, Spa/Hot Tub","5380","False","As Is","Condo","Condo/Co-Op/Villa/Townhouse","Lagoon, Pool Area View","1 Space",""
"A12058935","Southeast Florida Regional","Active","415000","415000","415000","","","","","","2026-07-25 10:28:28","6","6","828","","2","2","0","3500 Coral Way #907, MIAMI FL 33145","Coral Plaza Condo","Okay To Lease 1st Year","","Vacant","1 yr","False","False","All Cash, Conventional, Va","Coral Plaza Condo","33145","2002","790","","False","16","9","","907","","Bbq/Picnic Area, Billiard Room, Elevator, Exercise Room, Exterior Lighting, Trash Chute","5824","False","As Is","Condo, Homeowners","Condo/Co-Op/Villa/Townhouse","Other View","1 Space, Assigned Parking, Covered Parking, Guest Parking",""
"A12057571","Southeast Florida Regional","Active","415000","415000","415000","","","","","","2026-07-21 16:00:03","10","10","787","","1","1","0","1408 Brickell Bay Dr #212, MIAMI FL 33131","brickell bay tower","See Broker Remarks","","Call Listing Agent","365","False","False","All Cash, Conventional, FHA","brickell bay tower","33131","1964","0","","True","12","2","","212","Bay Front","Bbq/Picnic Area, Pool","6000","False","As Is","Condo","Condo/Co-Op/Villa/Townhouse","Bay","1 Space, Additional Spaces Available",""
"A12051704","Southeast Florida Regional","Active","415000","415000","415000","","","","","","2026-07-10 15:29:28","21","21","694","","1","1","0","1111 SW 1st Ave #1724-N, MIAMI FL 33130","THE AXIS ON BRICKELL II C","Other Restrictions","Unfurnished","Tenant Occupied","30","False","False","All Cash, Conventional","THE AXIS ON BRICKELL II C","33130","2008","813","","False","38","17","","1724-N","","Exercise Room","5423","True","As Is","Condo","Condo/Co-Op/Villa/Townhouse","Other View","1 Space",""
"A12051674","Southeast Florida Regional","Active","415000","415000","415000","","","","","","2026-07-10 15:02:37","21","21","693","","1","1","0","79 SW 12th St #1702-S, MIAMI FL 33130","THE AXIS ON BRICKELL COND","Other Restrictions","Unfurnished","Tenant Occupied","30","False","False","All Cash, Conventional","THE AXIS ON BRICKELL COND","33130","2008","813","","False","38","17","","1702-S","","Elevator, Exercise Room, Kitchen Facilities, Other Amenities, Sauna, Spa/Hot Tub","5866","True","As Is","Condo","Condo/Co-Op/Villa/Townhouse","Other View","1 Space",""
"A12057073","Southeast Florida Regional","Active","415000","415000","415000","","","","","","2026-07-20 23:29:28","11","11","735","","1","1","0","770 Claughton Island Dr #2010, MIAMI FL 33131","ISOLA CONDOMINIUM","Exterior Alterations, Ok To Lease","Furnished","Tenant Occupied","90","False","False","All Cash, Conventional","ISOLA CONDOMINIUM","33131","1990","1300","","True","22","20","","2010","Bay Front","Bbq/Picnic Area, Business Center, Community Room, Elevator, Exercise Room, Pool, Tennis, Trash Chute","6200","True","As Is, Completely Renovated","Condo","Condo/Co-Op/Villa/Townhouse","Bay, Pool Area View, Skyline View","1 Space, Assigned Parking, Covered Parking",""
"A12051503","Southeast Florida Regional","Active","415000","415000","415000","","","","","","2026-07-10 13:49:23","21","21","500","","1","1","0","335 Collins Ave #203, MIAMIBCH FL 33139","COLLINS VIEW CONDO","No Daily Rentals","Furn For Sale","Tenant Occupied","180","False","False","All Cash, Conventional, FHA","COLLINS VIEW CONDO","33139","1968","415","","False","4","2","","203","","Common Laundry, Elevator","5475","False","As Is","Homeowners","Condo/Co-Op/Villa/Townhouse","Other View","1 Space, Covered Parking, Parking-Under Building",""
"A12060103","Southeast Florida Regional","Active","415000","415000","415000","","","","","","2026-07-27 09:35:41","158","4","1848","","3","2","1","13953 Kendale Lakes Cir #B205, MIAMI FL 33183","TOWERS OF KENDALE LAKES","No Lease First 2 years","","Call Listing Agent","365","False","False","All Cash, Conventional","TOWERS OF KENDALE LAKES","33183","1973","994","","False","9","2","","B205","","Bbq/Picnic Area, Clubhouse-Clubroom, Elevator, Pool","3926","True","Completely Renovated","Condo","Condo/Co-Op/Villa/Townhouse","Club Area View, Garden View, Pool Area View","2 Or More Spaces, Assigned Parking",""
"A12059132","Southeast Florida Regional","Active","413000","413000","413000","","","","","","2026-07-24 13:08:11","630","8","1120","","3","2","0","4736 NW 114th Ave #205, DORAL FL 33178","VILLA DORAL CONDO NO 2","Ok To Lease","","Call Listing Agent","365","False","False","All Cash, Conventional","VILLA DORAL CONDO NO 2","33178","1999","361","","False","2","2","","205","","Clubhouse-Clubroom","6169","","As Is","Homeowners","Condo/Co-Op/Villa/Townhouse","Canal","2 Or More Spaces, Assigned Parking, Guest Parking",""
"B26055928","Beaches MLS","Active","410000","410000","410000","","","","","","2026-07-24 00:17:48","8","8","891","","2","2","0","1245 WEST Avenue #302, Miami Beach FL 33139","","Assoc Approval Required, Other Restrictions","","Call Listing Agent","","False","","All Cash, Conventional","","33139","1972","1020","","False","5","3","","302","","Common Laundry, Elevator, Laundry Facility, Other Amenities","6051","False","Other Exemptions","Condo","Condo/Co-Op/Villa/Townhouse","","1 Space, Assigned Parking, Parking Garage",""
"A12047875","Southeast Florida Regional","Active","410000","410000","410000","","","","","","2026-07-04 06:35:38","28","28","1086","","2","2","0","2775 NE 187th St #524, AVENTUR FL 33180","VENTURE WEST","Okay To Lease 1st Year","","Vacant","365","False","False","All Cash, Conventional","VENTURE WEST","33180","2005","1107","","False","7","5","","524","","Billiard Room, Business Center, Clubhouse-Clubroom, Community Room, Elevator, Exercise Room, Heated Pool, Kitchen Facilities, Pool, Spa/Hot Tub","5345","False","None","Condo","Condo/Co-Op/Villa/Townhouse","Pool Area View","1 Space, Assigned Parking, Covered Parking",""
"A12057588","Southeast Florida Regional","Active","415000","410000","410000","","","","","","2026-07-21 16:20:56","11","11","1207","","3","2","0","11601 NW 89 St #106, DORAL FL 33178","sT MORTIZ AT DORAL","Okay To Lease 1st Year","","Vacant","365","False","False","All Cash, Conventional","sT MORTIZ AT DORAL","33178","2013","632","","False","2","1","","106","","Basketball Courts, Bike Storage, Pool","6347","False","As Is","Condo","Condo/Co-Op/Villa/Townhouse","Garden View, None","1 Space, Additional Spaces Available, Assigned Parking",""
"A12054631","Southeast Florida Regional","Active","410000","410000","410000","","","","","","2026-07-20 14:46:36","11","11","704","","0","1","0","851 NE 1st Ave #504, MIAMI FL 33132","Paramount Miami","Ok To Lease","","Vacant","30","False","False","All Cash, Conventional","Paramount Miami","33132","2019","900","","False","58","5","","504","","Basketball Courts, Bike Storage, Business Center, Pool, Sauna, Spa/Hot Tub, Tennis","9093","False","As Is","Condo","Condo/Co-Op/Villa/Townhouse","None","Valet Parking",""
"A12057159","Southeast Florida Regional","Active","410000","410000","410000","","","","","","2026-07-22 10:04:57","661","10","860","","1","1","1","1250 S Miami Ave #812, MIAMI FL 33130","VUE AT BRICKELL CONDO","Other Restrictions","","Vacant","365","False","False","Conventional","VUE AT BRICKELL CONDO","33130","2004","972","","False","36","8","","812","","Bar, Clubhouse-Clubroom, Exercise Room, Pool","6132","True","As Is","Condo","Condo/Co-Op/Villa/Townhouse","Pool Area View, Skyline View","1 Space, Assigned Parking",""
"A12054871","Southeast Florida Regional","Active","405000","410000","410000","","","","","","2026-07-16 20:44:30","15","15","1232","","3","3","0","11880 SW 19th Ter #113, MIAMI FL 33175","Les Chateaux at Int Gard","Exterior Alterations, Other Restrictions","","Vacant","365","False","False","All Cash, Conventional","Les Chateaux at Int Gard","33175","1989","365","","False","2","1","","113","","No Amenities","5349","False","As Is","Condo","Condo/Co-Op/Villa/Townhouse","None","2 Or More Spaces",""
"A12050237","Southeast Florida Regional","Active","410000","410000","410000","","","","","","2026-07-08 14:18:33","23","23","1516","","3","2","1","552 NW 7th St #6, FLACITY FL 33034","SUNNYLAND PARK","Ok To Lease","","Vacant","365","False","False","All Cash, Conventional, FHA","SUNNYLAND PARK","33034","2024","100","","False","2","1","","6","","Child Play Area","6590","False","As Is","Condo","Condo/Co-Op/Villa/Townhouse","None","2 Or More Spaces",""
"A12058394","Southeast Florida Regional","Active","409000","409000","409000","","","","","","2026-07-22 19:43:48","25","9","806","","1","1","0","244 Biscayne Blvd #2604, MIAMI FL 33132","Vizcayne North Condo","Corporate Buyer OK, Ok To Lease","","Vacant","180","False","False","All Cash, Conventional","Vizcayne North Condo","33132","2008","987","","False","49","26","","2604","","Clubhouse-Clubroom, Exercise Room","6329","False","As Is","Condo","Condo/Co-Op/Villa/Townhouse","Intracoastal View, Water View","1 Space, Other Parking",""
"A12055651","Southeast Florida Regional","Active","405415","405415","405415","","","","","","2026-07-17 15:16:03","14","14","1746","","3","2","1","15615 SW 280 St #4, MIAMI FL 33031","Boulevard Collection","Okay To Lease 1st Year, Other Restrictions","","Vacant","180","False","False","All Cash, Conventional, FHA, Va","Boulevard Collection","33031","2025","410","","False","2","1","","4","","Cabana, Child Play Area, Pool","6873","True","As Is","Condo, Homeowners","Condo/Co-Op/Villa/Townhouse","None","Guest Parking",""
"A12046612","Southeast Florida Regional","Active","405000","405000","405000","","","","","","2026-07-01 15:58:03","330","30","950","Entry Level","1","1","0","10350 W Bay Harbor Dr #8F, BAYHARIS FL 33154","Island Pointe Condominium","No Daily Rentals, Ok To Lease, Okay To Lease 1st Year","Unfurnished","Tenant Occupied","365","True","False","All Cash, Conventional","Island Pointe Condominium","33154","1966","1268","","True","11","8","","8F","Bay Front","Billiard Room, Boat Dock, Common Laundry, Community Room, Elevator, Exercise Room, Heated Pool, Pool, Trash Chute","4777","False","As Is","Condo","Condo/Co-Op/Villa/Townhouse","Bay","1 Space, Assigned Parking",""
"A12053305","Southeast Florida Regional","Active","405000","405000","405000","","","","","","2026-07-14 11:47:36","64","17","736","","1","1","0","90 SW 3rd St #1409, MIAMI FL 33130","IVY CONDO","No Daily Rentals, Ok To Lease","Unfurnished","Vacant","180","False","False","All Cash, Conventional, FHA, Other Terms","IVY CONDO","33130","2008","865","","True","45","14","","1409","Other Waterfront, River Front","Child Play Area, Clubhouse-Clubroom, Elevator, Exercise Room","6195","True","As Is, None","Condo, Homeowners","Condo/Co-Op/Villa/Townhouse","Other View, River, Skyline View","1 Space, Assigned Parking",""
"A12055742","Southeast Florida Regional","Active","400000","400000","400000","","","","","","2026-07-23 09:21:25","8","8","1033","","2","2","0","20515 E Country Club Dr #2141, AVENTUR FL 33180","WATERVIEW CONDO","No Daily Rentals, No Trucks/Rv'S, Ok To Lease","Unfurnished","Tenant Occupied","181","False","False","All Cash, Conventional","WATERVIEW CONDO","33180","1982","1520","","True","23","21","","2141","Bay Front, Canal Front, Intersecting Canals","Bbq/Picnic Area, Clubhouse-Clubroom, Elevator, Exercise Room, Library, Pool","5412","True","As Is","Condo","Condo/Co-Op/Villa/Townhouse","Canal, Intracoastal View, Water View","1 Space",""
"A12054009","Southeast Florida Regional","Active","400000","400000","400000","","","","","","2026-07-23 11:01:36","8","8","1079","","2","2","0","3625 N Country Club Dr #1210, AVENTUR FL 33180","ELDORADO CONDO","No Daily Rentals, No Lease First 2 years","","Owner Occupied","180","False","False","All Cash, Conventional","ELDORADO CONDO","33180","1974","1273","","True","37","12","","1210","Bay Front, Ocean Access","Pool","4087","","As Is","Homeowners","Condo/Co-Op/Villa/Townhouse","Bay, Intracoastal View, Ocean View","1 Space, Additional Spaces Available, Guest Parking",""
"A12048626","Southeast Florida Regional","Active","400000","400000","400000","","","","","","2026-07-06 12:28:33","96","25","1469","","2","2","0","4000 Towerside Ter #908, MIAMI FL 33138","Quayside","Ok To Lease","Part Furn","Vacant","365","False","False","All Cash, Conventional, FHA, Lease Option","Quayside","33138","1982","2042","","True","22","9","","908","Bay Front, Ocean Access","Bar, Child Play Area, Clubhouse-Clubroom, Elevator, Exercise Room, Marina, Pool, Sauna, Spa/Hot Tub","2651","False","As Is","Condo, Homeowners","Condo/Co-Op/Villa/Townhouse","Bay, Ocean View, Water View","Covered Parking, Electric Vehicle Charging Station, Valet Parking",""
"A12053268","Southeast Florida Regional","Active","400000","400000","400000","","","","","","2026-07-22 08:14:12","10","10","1245","Entry Level","3","2","0","10339 NW 9th St Cir #2-2, MIAMI FL 33172","Caribbean Springs Village","Other Restrictions","","Owner Occupied","0","False","False","All Cash, Conventional","Caribbean Springs Village","33172","1981","451","","False","2","1","","2-2","","Other Amenities, Pool, Tennis","5460","True","As Is, Other Special Info","Condo","Condo/Co-Op/Villa/Townhouse","Garden View, Other View","1 Space",""
"A12050159","Southeast Florida Regional","Active","400000","400000","400000","","","","","","2026-07-15 10:40:43","16","16","596","","1","1","1","6620 Indian Creek Dr #302, MIAMIBCH FL 33141","Peloro","Ok To Lease","","Call Listing Agent","360","False","False","All Cash","Peloro","33141","2016","1033","","False","7","3","","302","","Elevator, Pool, Sauna","5896","False","As Is","Condo","Condo/Co-Op/Villa/Townhouse","Bay","1 Space",""
"A12039107","Southeast Florida Regional","Active","400000","400000","400000","","","","","","2026-07-07 12:19:23","24","24","1232","","3","1","1","9700 NW 6th Ln #9700, MIAMI FL 33172","EAST WIND LAKE VILLAGE","Other Restrictions","","Vacant","365","False","False","All Cash, Conventional","EAST WIND LAKE VILLAGE","33172","1977","404","","False","2","1","","9700","","Other Amenities","4757","False","As Is","Condo","Condo/Co-Op/Villa/Townhouse","Garden View","2 Or More Spaces",""
"A12057176","Southeast Florida Regional","Active","400000","400000","400000","","","","","","2026-07-21 10:21:35","10","10","275","","0","1","","20 NE 11TH St #3712B, MIAMI FL 33132","E11even hotel and Residen","No Restrictions","","Vacant","1","False","False","All Cash","E11even hotel and Residen","33132","2025","495","","False","65","37","","3712B","","Bar, Billiard Room, Elevator, Pool, Spa/Hot Tub","8000","False","Disclosure, Documents Available","Condo","Condo/Co-Op/Villa/Townhouse","Intracoastal View, Skyline View","1 Space, Valet Parking",""
"A12057435","Southeast Florida Regional","Coming Soon","9100000","9100000","9100000","","","","","","2026-07-28 15:18:58","0","0","4735","","5","6","1","175 SE 25th St #4302, MIAMI FL 33129","Una Residences","No Daily Rentals","","Vacant","180","False","False","All Cash, Conventional","Una Residences","33129","2026","8129","","True","47","43","","4302","Ocean Front","Bar, Child Play Area, Elevator, Exercise Room, Other Amenities, Pool, Sauna, Trash Chute","0","False","As Is","Condo","Condo/Co-Op/Villa/Townhouse","Ocean View, Direct Ocean, Water View","2 Or More Spaces, Assigned Parking, Guest Parking, Street Parking, Valet Parking",""
"A12059174","Southeast Florida Regional","Coming Soon","699999","699999","699999","","","","","","2026-07-26 09:16:47","0","0","1622","","2","2","0","5825 Collins Ave #12H, MIAMIBCH FL 33140","CORINTHIAN","Ok To Lease","","Vacant","180","False","False","All Cash","CORINTHIAN","33140","1967","1538","","True","16","12","","12H","Ocean Front","Bike Storage, Billiard Room, Common Laundry, Elevator, Exercise Room, Heated Pool, Hobby Room, Kitchen Facilities, Sauna, Shuffleboard, Trash Chute","9062","False","As Is","Condo","Condo/Co-Op/Villa/Townhouse","Ocean View, Pool Area View","1 Space, Assigned Parking, Valet Parking",""
"A12055601","Southeast Florida Regional","Active With Contract","2599900","2599900","2599900","","","2026-07-21","","","2026-07-21 16:44:26","1523","14","2365","","3","4","0","488 NE 18th St #5012, MIAMI FL 33132","ARIA ON THE BAY CONDO","Corporate Buyer OK, Ok To Lease, Okay To Lease 1st Year, See Broker Remarks","Unfurnished","Call Listing Agent","180","False","False","All Cash, Conventional, FHA","ARIA ON THE BAY CONDO","33132","2018","2333","","False","51","50","Active","5012","","Bbq/Picnic Area, Business Center, Clubhouse-Clubroom, Exercise Room, Heated Pool, Pool, Sauna, Spa/Hot Tub, Trash Chute","32303","False","Disclosure","Condo","Condo/Co-Op/Villa/Townhouse","Bay, Ocean View, Water View","2 Or More Spaces, Assigned Parking",""
"A12057866","Southeast Florida Regional","Active With Contract","1899000","1899000","1899000","","","2026-07-28","","","2026-07-28 20:04:27","9","9","2740","","4","4","0","13627 Deering Bay Dr #404, CORALGBL FL 33158","Verona","Ok To Lease, See Broker Remarks","","Vacant","30","False","False","All Cash, Conventional","Verona","33158","2000","795","9650","True","14","4","Active","404","Bay Front, Canal Width 121 Feet Or More, Ocean Access","Bbq/Picnic Area, Cabana, Elevator, Exercise Room, Exterior Lighting, Golf Equity Available, Other Membership Available, Pool, Trash Chute","21660","True","As Is","Condo","Condo/Co-Op/Villa/Townhouse","Bay, Garden View, Intracoastal View","2 Or More Spaces, Deeded Parking, Parking-Under Building",""
"A12040251","Southeast Florida Regional","Active With Contract","1869000","1869000","1869000","","","2026-07-31","","","2026-07-31 11:27:25","1","1","2665","","3","3","0","3000 Island Blvd #1902, AVENTUR FL 33160","WILLIAMS ISLAND","Other Restrictions","","Call Listing Agent","180","False","False","All Cash, Conventional","WILLIAMS ISLAND","33160","1988","3743","980","True","19","32","Active","1902","Intracoastal Front","Bike/Jog Path, Child Play Area, Clubhouse-Clubroom, Courtesy Bus, Exercise Room, Marina, Other Amenities, Other Membership Included, Pickleball, Pool, Tennis","6982","False","As Is","Condo","Condo/Co-Op/Villa/Townhouse","Intracoastal View","1 Space, Valet Parking",""
"A12046708","Southeast Florida Regional","Active With Contract","1400000","1400000","1400000","","","2026-07-29","","","2026-07-29 11:26:19","18","18","1892","","3","3","1","330 Sunny Isles Blvd #5-1708, SUNNYISL FL 33160","PARQUE TOWERS CONDO","See Broker Remarks","","Call Listing Agent","180","False","False","All Cash, Conventional","PARQUE TOWERS CONDO","33160","2019","2241","","True","29","17","Active","5-1708","Intracoastal Front","Business Center, Child Play Area, Clubhouse-Clubroom, Elevator, Exercise Room, Other Amenities, Pool, Sauna","20856","True","As Is","Condo","Condo/Co-Op/Villa/Townhouse","Intracoastal View, Ocean View, Skyline View","2 Or More Spaces, Assigned Parking, Valet Parking",""
"A12034830","Southeast Florida Regional","Active With Contract","1100000","1100000","1100000","","","2026-07-24","","","2026-07-25 10:55:21","18","18","1690","","2","2","0","2800 Island Blvd #1803, AVENTUR FL 33160","WILLIAMS ISLAND","Other Restrictions","","Owner Occupied","180","False","False","All Cash, Conventional","WILLIAMS ISLAND","33160","1990","2208","980","True","18","32","Active","1803","Intracoastal Front, Ocean Access","Bike/Jog Path, Cabana, Child Play Area, Clubhouse-Clubroom, Courtesy Bus, Exercise Room, Marina, Other Membership Included, Pickleball, Pool, Spa/Hot Tub, Tennis, Trash Chute","3741","False","As Is","Condo","Condo/Co-Op/Villa/Townhouse","Intracoastal View, Direct Ocean, Water View","1 Space, Valet Parking",""
"A12057562","Southeast Florida Regional","Active With Contract","1025000","1025000","1025000","","","2026-07-27","","","2026-07-27 10:36:03","10","10","1460","","2","2","0","16445 Collins Ave #OS25, SUNNYISL FL 33160","OCEANIA","Corporate Buyer OK, Ok To Lease","Unfurnished","Tenant Occupied","180","False","False","All Cash, Conventional","OCEANIA","33160","1993","1326","","True","29","29","Active","OS25","Ocean Access, Ocean Front","Clubhouse-Clubroom, Exercise Room, Sauna, Spa/Hot Tub, Tennis","13754","False","As Is","Condo","Condo/Co-Op/Villa/Townhouse","Direct Ocean, Water View","1 Space, Assigned Parking, Covered Parking, Guest Parking, Valet Parking",""
"A12054939","Southeast Florida Regional","Active With Contract","850000","850000","850000","","","2026-07-24","","","2026-07-24 21:43:18","15","15","1200","","2","2","0","88 SW 7th St #3005, MIAMI FL 33130","RISE BRICKELL","Ok To Lease","Unfurnished","Tenant Occupied","182","False","False","All Cash, Conventional","RISE BRICKELL","33130","2016","2038","","False","43","30","Active","3005","","Business Center, Clubhouse-Clubroom, Community Room, Elevator, Exercise Room, Pool, Sauna, Spa/Hot Tub","16025","False","As Is","Condo","Condo/Co-Op/Villa/Townhouse","Skyline View","1 Space, Assigned Parking, Covered Parking",""
"A12051642","Southeast Florida Regional","Active With Contract","750000","750000","750000","","","2026-07-17","","","2026-07-30 10:44:49","376","18","1142","","2","2","0","3301 NE 1st Ave #H2304, MIAMI FL 33137","Four Midtown","Ok To Lease, Okay To Lease 1st Year","Unfurnished","Tenant Occupied","30","False","False","All Cash, Conventional","Four Midtown","33137","2008","1374","","False","32","23","Active","H2304","","Child Play Area, Elevator, Exercise Room, Sauna","10740","False","As Is","Condo","Condo/Co-Op/Villa/Townhouse","Bay, Pool Area View, Skyline View","1 Space, Assigned Parking, Covered Parking",""
"A12048030","Southeast Florida Regional","Active With Contract","679999","679990","679990","","","2026-07-14","","","2026-07-22 19:00:37","27","27","1142","","2","2","0","3301 NE 1st Ave #H1704, MIAMI FL 33137","FOUR MIDTOWN MIAMI CONDO","Ok To Lease","Unfurnished","Tenant Occupied","30","False","False","All Cash, Conventional, Other Terms","FOUR MIDTOWN MIAMI CONDO","33137","2008","1374","","False","32","17","Active","H1704","","Elevator, Exercise Room","9747","False","As Is","Condo, Homeowners","Condo/Co-Op/Villa/Townhouse","Bay, Skyline View, Water View","1 Space, Assigned Parking, Covered Parking",""
"A12048249","Southeast Florida Regional","Active With Contract","650000","645000","645000","","","2026-07-11","","","2026-07-13 18:58:34","24","24","1362","Entry Level","2","2","0","1901 Brickell Ave #B1512, MIAMI FL 33129","BRICKELL PLACE","Auto Parking On, Corporate Buyer OK, No Daily Rentals, Ok To Lease","Unfurnished","Owner Occupied","6 MO","False","False","All Cash, Conventional","BRICKELL PLACE","33129","1975","1064","","True","22","11","Active","B1512","Bay Front","Basketball Courts, Bbq/Picnic Area, Bike Storage, Billiard Room, Boat Dock, Child Play Area, Common Laundry, Exercise Room, Heated Pool, Marina, Pickleball, Spa/Hot Tub, Tennis, Vehicle Wash Area","6037","True","None","Condo","Condo/Co-Op/Villa/Townhouse","Bay, Skyline View, Water View","1 Space, Assigned Parking, Open Space Parking",""
"A12047025","Southeast Florida Regional","Active With Contract","635000","635000","635000","","","2026-07-17","","","2026-07-31 11:37:47","29","29","1289","","2","2","0","41 SE 5th St #1702, MIAMI FL 33131","Bors","Other Restrictions","Furnished","Call Listing Agent","30","False","False","All Cash, Conventional, FHA, Va","Bors","33131","2006","1100","","True","24","17","Active","1702","Bay Front, River Front","Elevator, Exercise Room","9266","","As Is","Homeowners","Condo/Co-Op/Villa/Townhouse","None","1 Space",""
"A12046563","Southeast Florida Regional","Active With Contract","609000","609000","609000","","","2026-07-26","","","2026-07-26 17:04:00","237","30","826","","1","1","1","110 Washington Ave #2309, MIAMIBCH FL 33139","THE COSMOPOLITAN","Ok To Lease","","Call Listing Agent","181","False","False","All Cash, Conventional","THE COSMOPOLITAN","33139","2004","1074","","False","8","3","Active","2309","","Exercise Room, Pool, Spa/Hot Tub, Trash Chute","6868","False","Other Special Info","Condo","Condo/Co-Op/Villa/Townhouse","Other View, Skyline View","1 Space, Assigned Parking, Covered Parking",""
"A12056504","Southeast Florida Regional","Active With Contract","599999","599999","599999","","","2026-07-27","","","2026-07-27 09:05:39","11","11","1223","","2","2","0","7900 Harbor Island Dr #PH19, NBAYVLGE FL 33141","360 Condo A","No Daily Rentals","","Vacant","365","False","False","All Cash, Conventional","360 Condo A","33141","2007","972","","True","16","16","Active","PH19","Bay Front","Bike Storage, Community Room, Elevator, Exercise Room, Heated Pool, Marina, Pool, Spa/Hot Tub","9237","True","As Is","Condo","Condo/Co-Op/Villa/Townhouse","Bay, Water View","Assigned Parking",""
"A12054640","Southeast Florida Regional","Active With Contract","565000","460000","460000","","","2026-07-30","","","2026-07-31 05:21:22","15","15","1151","","2","2","1","60 SW 13th St #3618, MIAMI FL 33130","Infinity at Brickell","Ok To Lease, Okay To Lease 1st Year","","Owner Occupied","30","False","False","All Cash, Conventional","Infinity at Brickell","33130","2008","1681","","False","53","36","Active","3618","","Billiard Room, Exercise Room, Spa/Hot Tub","9274","False","As Is","Condo","Condo/Co-Op/Villa/Townhouse","Bay, Other View, Pool Area View","1 Space, Covered Parking, Valet Parking",""
"A12049917","Southeast Florida Regional","Active With Contract","449000","449000","449000","","","2026-07-18","","","2026-07-21 12:18:37","30","23","1276","","2","2","0","230 174th St #902, SUNNYISL FL 33160","Winston Towers 300 Condo","No Lease-1st Year Owned, Other Restrictions, Renting Limited","","Vacant","365","False","False","All Cash, Conventional, FHA","Winston Towers 300 Condo","33160","1973","496","","True","23","9","Active","902","Canal Front, Intersecting Canals, Intracoastal Front","Clubhouse-Clubroom, Elevator, Exercise Room, Extra Storage, Library, Other Amenities, Pool, Trash Chute","5435","True","Other Special Info, Restriction On Pets","Condo","Condo/Co-Op/Villa/Townhouse","Canal, Ocean View","Additional Spaces Available, Guest Parking, Other Parking, Space Rented",""
"A12052362","Southeast Florida Regional","Active With Contract","448000","448000","448000","","","2026-07-21","","","2026-07-21 09:52:35","358","19","1530","","2","2","0","3598 Yacht Club Dr #601+DEN, AVENTUR FL 33180","Ha ha ha rbour Towers","No Daily Rentals","","Vacant","180","True","False","All Cash, Conventional","Ha ha ha rbour Towers","33180","1993","1740","","True","14","6","Active","601+DEN","Canal Front","Basketball Courts, Bbq/Picnic Area, Bike Storage, Business Center, Child Play Area, Elevator, Exercise Room","6400","False","As Is","Condo","Condo/Co-Op/Villa/Townhouse","Canal","2 Or More Spaces",""
"A12054671","Southeast Florida Regional","Cancelled","2990000","2990000","2990000","","","","2026-07-21","2026-12-31","2026-07-30 15:51:48","6","6","2300","","2","2","1","17475 Collins Ave #2002, SUNNYISL FL 33160","CHATEAU BEACH RESIDENCES","Ok To Lease","","Tenant Occupied","365","False","False","All Cash, Conventional","CHATEAU BEACH RESIDENCES","33160","2016","4251","","True","32","20","Withdrawn","2002","Ocean Front","Business Center, Child Play Area, Community Room, Elevator, Exercise Room, Heated Pool, Kitchen Facilities, Sauna, Spa/Hot Tub","21196","False","As Is","Condo","Condo/Co-Op/Villa/Townhouse","Ocean View","2 Or More Spaces, Guest Parking, Valet Parking","07/15/2026"
"A12047854","Southeast Florida Regional","Cancelled","2785900","2785900","2785900","","","","2026-07-03","2027-12-31","2026-07-03 17:36:51","0","0","3520","","4","5","1","725 NE 24th St #3101, MIAMI FL 33137","ARIA RESERVE","Other Restrictions","","Vacant","30","False","False","All Cash, Conventional","ARIA RESERVE","33137","2022","2700","","True","62","31","Active","3101","Bay Front, Intracoastal Front, Ocean Front","Basketball Courts, Bbq/Picnic Area, Business Center, Child Play Area, Community Room, Exercise Room, Exterior Lighting, Handball/Basketball, Pickleball, Pool, Putting Green, Sauna, Spa/Hot Tub, Tennis","44580","False","As Is","Condo","Condo/Co-Op/Villa/Townhouse","Bay, Intracoastal View, Direct Ocean","2 Or More Spaces, Assigned Parking, Covered Parking","07/03/2026"
"A12052061","Southeast Florida Regional","Cancelled","1689000","1689000","1689000","","","","2026-07-30","2027-01-12","2026-07-30 12:35:22","19","19","1892","","3","3","1","330 Sunny Isles Blvd #5-2401, SUNNYISL FL 33160","Parque Towers","Other Restrictions","","Call Listing Agent","365","False","False","All Cash, Conventional","Parque Towers","33160","2019","1695","","False","40","21","Active","5-2401","","Community Room, Elevator, Exercise Room","21292","True","None","Condo","Condo/Co-Op/Villa/Townhouse","Intracoastal View","1 Space","07/11/2026"
"B26055207","Beaches MLS","Cancelled","1499000","1499000","1499000","","","","2026-07-23","2026-11-30","2026-07-23 12:27:28","97","1","1063","","1","2","0","4391 Collins Avenue #Unit 623, Miami Beach FL 33140","","No Restrictions","","Call Listing Agent","","False","","All Cash, Conventional, FHA, FHA 203K","","33140","2008","1716","","True","19","6","Active","Unit 623","Ocean Access","Bar, Cabana, Community Pool, Elevator, Exercise Room, Heated Pool, Maintained Community, Pool, Private Pool, Sauna, Spa/Hot Tub","16080","False","As Is","Condo","Condo/Co-Op/Villa/Townhouse","","1 Space, Detached, Parking Garage","07/22/2026"
"A12048938","Southeast Florida Regional","Cancelled","1499000","1499000","1499000","","","","2026-10-30","2027-07-06","2026-07-27 12:54:34","21","21","1526","","3","3","1","3131 NE 7th Ave #2003, MIAMI FL 33137","ONE PARAISO","Corporate Buyer OK, Ok To Lease, Okay To Lease 1st Year","","Owner Occupied","365","False","False","All Cash, Conventional","ONE PARAISO","33137","2018","2379","1342","True","54","20","Active","2003","Bay Front, Intracoastal Front, Ocean Front","Bar, Bike Storage, Billiard Room, Business Center, Child Play Area, Elevator, Exercise Room, Heated Pool, Private Pool, Sauna, Spa/Hot Tub, Tennis","16195","","None","Homeowners","Condo/Co-Op/Villa/Townhouse","Intracoastal View, Ocean View, Direct Ocean","Valet Parking","07/06/2026"
"A12050372","Southeast Florida Regional","Cancelled","1350000","1350000","1350000","","","","2026-07-14","2027-07-07","2026-07-14 10:28:50","6","6","3010","","3","2","1","20185 E Country Club Dr #2101, AVENTUR FL 33180","THE LANDMARK CONDO","Other Restrictions","","Vacant","365","False","False","All Cash, Conventional","THE LANDMARK CONDO","33180","1990","3615","","True","35","21","Active","2101","Bay Front","Bbq/Picnic Area, Bike Storage, Clubhouse-Clubroom","13518","True","As Is","Condo","Condo/Co-Op/Villa/Townhouse","Intracoastal View, Ocean View, Pool Area View, Skyline View, Tennis Court View, Water View","Assigned Parking","07/08/2026"
"A12043476","Southeast Florida Regional","Cancelled","1140000","1140000","1140000","","","","2026-07-30","2027-07-05","2026-07-30 16:08:14","24","24","965","","1","1","","690 SW 1 Avenue #2701, MIAMI FL 33130","The Standard Residences","Other Restrictions","Unfurnished","Call Listing Agent","30","False","False","All Cash, Other Terms","The Standard Residences","33130","2027","1283","","True","46","27","Active","2701","River Front","Bar, Bike Storage, Clubhouse-Clubroom, Elevator, Exercise Room, Heated Pool, Other Amenities, Sauna","0","False","None","Condo","Condo/Co-Op/Villa/Townhouse","Other View, River","1 Space, Valet Parking","07/06/2026"
"A12046438","Southeast Florida Regional","Cancelled","690000","750000","750000","","","","2026-07-27","2027-01-24","2026-07-27 10:27:39","26","26","561","","1","1","","77 SE 5th Street #1915, MIAMI FL 33131","VICEROY RESIDENCES","No Daily Rentals, Ok To Lease","","Vacant","90","False","False","All Cash, Conventional, Other Terms","VICEROY RESIDENCES","33131","2026","660","","False","45","19","Active","1915","","Bar, Billiard Room, Business Center, Elevator, Exercise Room, Marina, Other Amenities, Pool, Sauna, Spa/Hot Tub","0","False","As Is","Condo","Condo/Co-Op/Villa/Townhouse","Bay, Ocean View, Skyline View","1 Space, Valet Parking","07/01/2026"
"A12056677","Southeast Florida Regional","Cancelled","599000","599000","599000","","","","2026-07-25","2026-12-31","2026-07-29 09:32:21","99","2","699","","1","1","0","1300 S MIAMI AVENUE #2704, MIAMI FL 33130","SLS BRICKELL","Corporate Buyer OK","","Tenant Occupied","180","False","False","All Cash, Conventional","SLS BRICKELL","33130","2016","1021","","True","54","27","Temp Off Market","2704","Bay Front, Intracoastal Front","Bar, Bbq/Picnic Area, Business Center, Exercise Room, Heated Pool, Pool, Private Pool, Sauna, Spa/Hot Tub, Vehicle Wash Area","8686","","As Is","Homeowners","Condo/Co-Op/Villa/Townhouse","Intracoastal View","1 Space","07/20/2026"
"A12049774","Southeast Florida Regional","Cancelled","549000","549000","549000","","","","2026-07-17","2027-07-10","2026-07-17 15:40:04","7","7","791","","1","1","0","601 NE 27th St #1205, MIAMI FL 33137","The Crimson","Other Restrictions","Furnished","Vacant","180","True","False","All Cash, Conventional, FHA-Va Approved","The Crimson","33137","2016","1100","","True","19","12","Active","1205","Bay Front","Business Center, Community Room, Elevator, Exercise Room, Pool","5163","False","Completely Renovated","Homeowners","Condo/Co-Op/Villa/Townhouse","Bay, Water View","2 Or More Spaces, Assigned Parking, Covered Parking","07/10/2026"
"A12048370","Southeast Florida Regional","Cancelled","549000","545000","545000","","","","2026-07-06","2026-08-31","2026-07-13 04:27:55","45","0","1857","","3","2","1","8351 SW 124th Ave #101, MIAMI FL 33183","Kendall Village Townvilla","Min.Down Payment Req., No Daily Rentals, No Trucks/Rv'S, Other Restrictions","","Call Listing Agent","365","False","False","All Cash, Conventional","Kendall Village Townvilla","33183","2001","558","","False","2","1","Pending","101","","Child Play Area, Clubhouse-Clubroom, Heated Pool","6700","True","As Is","Condo","Condo/Co-Op/Villa/Townhouse","Other View","2 Or More Spaces","07/06/2026"
"A12049961","Southeast Florida Regional","Cancelled","535000","535000","535000","","","","2026-07-16","2026-12-31","2026-07-16 14:04:44","8","8","1400","","2","2","0","1075 92nd St #201, BAYHARIS FL 33154","BERKSHIRE HOUSE CONDO","No Daily Rentals, No Lease-1st Year Owned","","Vacant","360","False","False","All Cash, Conventional","BERKSHIRE HOUSE CONDO","33154","1965","968","","False","5","2","Active","201","","Business Center, Clubhouse-Clubroom, Common Laundry, Community Room, Elevator, Pool","5386","True","As Is","Condo","Condo/Co-Op/Villa/Townhouse","Garden View","1 Space","07/08/2026"
"A12048664","Southeast Florida Regional","Cancelled","499000","499000","499000","","","","2026-07-14","2027-02-28","2026-07-14 10:23:56","89","8","1024","Other Main Living Area","2","2","0","17150 N Bay Rd #2802, SUNNYISL FL 33160","PORTO BELLAGIO CONDO","Corporate Buyer OK, Okay To Lease 1st Year","Unfurnished","Vacant","120","False","False","All Cash, Conventional, Cryptocurrency","PORTO BELLAGIO CONDO","33160","2003","937","","True","9","8","Active","2802","Bay Front","Community Room, Elevator, Exercise Room, Library, Other Amenities, Pool, Spa/Hot Tub","6975","True","As Is, None","Condo","Condo/Co-Op/Villa/Townhouse","Bay","Assigned Parking, Covered Parking","07/06/2026"
"A12054017","Southeast Florida Regional","Cancelled","480000","480000","480000","","","","2026-07-15","2026-12-31","2026-07-16 10:39:21","0","0","775","Entry Level","1","1","0","31 SE 5th St #3309, MIAMI FL 33131","Brickell on the River","No Daily Rentals, Okay To Lease 1st Year, See Broker Remarks","Furnished","Tenant Occupied","180","False","False","All Cash, Conventional, FHA","Brickell on the River","33131","2006","880","","True","43","33","Withdrawn","3309","Other Waterfront","Business Center, Community Room, Elevator, Exercise Room, Other Amenities, Pool, Sauna, Spa/Hot Tub, Trash Chute","8117","False","As Is","Condo","Condo/Co-Op/Villa/Townhouse","River, Water View","1 Space, Assigned Parking, Covered Parking, Valet Parking","07/15/2026"
"A12049860","Southeast Florida Regional","Cancelled","450000","450000","450000","","","","2026-07-30","2027-07-07","2026-07-30 11:29:54","47","23","978","","1","1","1","253 NE 2nd St #424, MIAMI FL 33132","VIZCAYNE SOUTH CONDO","Other Restrictions","","Vacant","30","True","False","All Cash, Conventional","VIZCAYNE SOUTH CONDO","33132","2008","1200","","False","42","4","Active","424","","Bar, Bbq/Picnic Area, Bike Storage","7500","True","As Is","Condo","Condo/Co-Op/Villa/Townhouse","Other View","1 Space","07/07/2026"
"A12050818","Southeast Florida Regional","Cancelled","440000","440000","440000","","","","2026-07-17","2027-01-07","2026-07-17 13:22:50","9","9","1260","","3","2","0","8936 W Flagler St #108, MIAMI FL 33174","Century Park Condos NO 2","Other Restrictions","","Call Listing Agent","365","False","False","All Cash, Conventional","Century Park Condos NO 2","33174","2002","458","","False","3","1","Active","108","","Pool","6105","False","As Is","Condo","Condo/Co-Op/Villa/Townhouse","Other View","2 Or More Spaces","07/08/2026"
"A12052346","Southeast Florida Regional","Cancelled","439000","439000","439000","","","","2026-07-25","2028-12-12","2026-07-25 15:07:38","13","13","960","","2","2","0","911 E Ponce De Leon Blvd #403, CORALGBL FL 33134","gables park","Other Restrictions","Unfurnished","Call Listing Agent","365","False","False","All Cash, Conventional","gables park","33134","1981","900","","False","15","4","Active","403","","Clubhouse-Clubroom, Elevator, Pool","5414","False","As Is","Condo","Condo/Co-Op/Villa/Townhouse","Skyline View","1 Space, Covered Parking","07/12/2026"
"A12047151","Southeast Florida Regional","Closed","2650000","2650000","2650000","2650000","2026-07-14","2026-07-02","2026-07-02","2026-12-31","2026-07-14 11:18:06","0","0","2210","","3","2","1","9595 Collins Ave #NPHE, SURFSIDE FL 33154","solimar","No Restrictions","","Vacant","180","False","False","All Cash, Conventional","solimar","33154","2002","3110","","True","12","12","Pending","NPHE","Ocean Front","Other Amenities","29189","False","None","Condo","Condo/Co-Op/Villa/Townhouse","Ocean View","2 Or More Spaces","07/02/2026"
"A12046243","Southeast Florida Regional","Closed","1750000","1750000","1700000","1700000","2026-07-10","2026-07-01","2026-07-01","2026-11-30","2026-07-10 19:32:29","0","0","1489","","2","3","0","200 Biscayne Boulevard Way #509, MIAMI FL 33131","EPIC WEST CONDO","Auto Parking On","Unfurnished","Call Listing Agent","30","False","False","All Cash, Conventional, Exchange","EPIC WEST CONDO","33131","2008","2515","","True","54","5","Pending","509","Bay Front, Canal Front","Exercise Room","16698","","As Is","Homeowners","Condo/Co-Op/Villa/Townhouse","Bay, Canal","1 Space","07/01/2026"
"A12052149","Southeast Florida Regional","Closed","435000","435000","410000","410000","2026-07-29","2026-07-10","2026-07-10","2026-10-08","2026-07-29 21:31:56","2","2","245","","0","1","0","6365 Collins Ave #CAB8, MIAMIBCH FL 33141","AKOYA","No Daily Rentals","","Vacant","30","False","False","Cash Only","AKOYA","33141","2004","306","","True","45","0","Pending","CAB8","Ocean Front","Bbq/Picnic Area, Bike Storage, Billiard Room, Elevator, Exercise Room, Heated Pool, Pool, Private Beach Pavilion, Putting Green, Sauna, Spa/Hot Tub, Tennis, Trash Chute, Vehicle Wash Area","3696","False","None","Condo","Condo/Co-Op/Villa/Townhouse","Direct Ocean","None","07/08/2026"
"A12050339","Southeast Florida Regional","Pending","2150000","2150000","2150000","","","2026-07-14","2026-07-14","","2026-07-27 10:42:38","6","6","3173","Entry Level","3","3","1","21200 Point Pl #1403, AVENTUR FL 33180","THE POINT","Other Restrictions","Part Furn","Vacant","180","False","False","All Cash, Conventional","THE POINT","33180","2004","4224","4224","True","29","14","Active With Contract","1403","Intracoastal Front, Ocean Front","Bbq/Picnic Area, Bike Storage, Bike/Jog Path, Billiard Room, Business Center, Child Play Area, Clubhouse-Clubroom, Exercise Room, Hobby Room, Library, Pool, Sauna, Spa/Hot Tub, Tennis","20439","False","As Is","Homeowners","Condo/Co-Op/Villa/Townhouse","Intracoastal View, Ocean View, Pool Area View","1 Space, Deeded Parking, Valet Parking",""
"A12051815","Southeast Florida Regional","Pending","1675000","1675000","1675000","","","2026-07-11","2026-07-11","","2026-07-11 12:43:03","1","1","1388","","2","2","0","9801 Collins Ave #6E, BALHARBR FL 33154","BALMORAL","Ok To Lease","","Call Listing Agent","180","False","False","All Cash, Conventional","BALMORAL","33154","1977","2100","","True","21","6","Active","6E","Ocean Access","Business Center, Community Room, Exercise Room","2820","False","As Is","Condo","Condo/Co-Op/Villa/Townhouse","Ocean View","Valet Parking",""
"A12046313","Southeast Florida Regional","Pending","1100000","1100000","1100000","","","2026-07-13","2026-07-13","","2026-07-22 13:50:18","12","12","1740","","2","2","1","9595 Collins Ave #N3-D, SURFSIDE FL 33154","SOLIMAR CONDO","No Daily Rentals, Ok To Lease","Unfurnished","Vacant","181","False","False","All Cash, Conventional","SOLIMAR CONDO","33154","2002","2475","","True","12","3","Active","N3-D","Ocean Access, Ocean Front","Community Room, Elevator, Exercise Room, Exterior Lighting, Extra Storage, Pool","11000","True","As Is","Condo","Condo/Co-Op/Villa/Townhouse","Ocean View, Direct Ocean, Pool Area View","2 Or More Spaces, Assigned Parking, Valet Parking",""
"A12050711","Southeast Florida Regional","Pending","1050000","1050000","1050000","","","2026-07-14","2026-07-14","","2026-07-14 13:50:19","5","5","1200","","2","2","0","1155 Brickell Bay Dr #2211, MIAMI FL 33131","THE MARK ON BRICKELL COND","Other Restrictions","","Vacant","30","False","False","Cash Only","THE MARK ON BRICKELL COND","33131","2001","1857","","True","36","22","Active","2211","Bay Front, Navigable, Ocean Access, Seawall","Bbq/Picnic Area, Clubhouse-Clubroom, Elevator, Exercise Room, Pool, Sauna, Spa/Hot Tub, Tennis","13446","False","As Is","Condo","Condo/Co-Op/Villa/Townhouse","Bay, Ocean View, Water View","1 Space, Assigned Parking, Valet Parking",""
"A12043455","Southeast Florida Regional","Pending","790000","790000","790000","","","2026-07-30","2026-07-30","","2026-07-30 10:02:11","24","24","552","","1","1","","690 SW 1 Avenue #2810, MIAMI FL 33130","The Standard Residences","Other Restrictions","Unfurnished","Call Listing Agent","30","False","False","All Cash, Conventional, Other Terms","The Standard Residences","33130","2027","734","","True","46","28","Active","2810","River Front","Bar, Bike Storage, Clubhouse-Clubroom, Elevator, Exercise Room, Heated Pool, Other Amenities, Sauna","0","False","None","Condo","Condo/Co-Op/Villa/Townhouse","Other View, River","1 Space, Valet Parking",""
"A12039771","Southeast Florida Regional","Pending","725000","725000","725000","","","2026-07-23","2026-07-23","","2026-07-27 14:07:56","10","10","1697","","2","2","0","1541 Brickell Ave #C1505, MIAMI FL 33129","The Palace","Ok To Lease, Okay To Lease 1st Year","","Vacant","365","False","False","All Cash, Conventional","The Palace","33129","1981","2464","2464","True","39","15","Active","C1505","Bay Front","Bbq/Picnic Area, Child Play Area, Clubhouse-Clubroom, Community Room, Exercise Room, Trash Chute","6500","False","Handyman Special","Condo","Condo/Co-Op/Villa/Townhouse","Bay, Pool Area View","2 Or More Spaces",""
"A12052517","Southeast Florida Regional","Pending","699000","699000","699000","","","2026-07-15","2026-07-15","","2026-07-28 14:50:37","111","2","1005","","2","2","0","2555 Collins Ave #1002, MIAMIBCH FL 33140","CLUB ATLANTIS CONDO","Other Restrictions","","Call Listing Agent","365","False","False","All Cash, Conventional","CLUB ATLANTIS CONDO","33140","1982","1287","1241","True","26","10","Active With Contract","1002","Creek Front","Bbq/Picnic Area, Clubhouse-Clubroom, Common Laundry, Elevator, Exercise Room, Pool, Sauna","10114","False","As Is","Condo","Condo/Co-Op/Villa/Townhouse","Water View","1 Space, Assigned Parking, Valet Parking",""
"A12061697","Southeast Florida Regional","Pending","675000","675000","675000","","","2026-07-29","2026-07-29","","2026-07-29 10:18:07","0","0","2130","","3","3","0","4000 Island Blvd #1604, AVENTUR FL 33160","Williams Island","Corporate Buyer OK","","Vacant","365","False","False","All Cash","Williams Island","33160","1985","2951","980","True","32","16","Active","1604","Bay Front","Basketball Courts","11665","False","As Is","Condo, Homeowners","Condo/Co-Op/Villa/Townhouse","Bay, Intracoastal View, Ocean View","1 Space",""
"A12054223","Southeast Florida Regional","Pending","655000","675000","675000","","","2026-07-31","2026-07-31","","2026-07-31 09:36:40","16","16","1178","","2","2","0","335 S Biscayne Blvd #3807, MIAMI FL 33131","ONE MIAMI EAST","No Daily Rentals, Ok To Lease","","Call Listing Agent","30","False","False","All Cash, Conventional","ONE MIAMI EAST","33131","2005","1259","","True","44","38","Active","3807","Bay Front, Ocean Front","Bike Storage, Billiard Room, Business Center, Cabana, Community Room, Exercise Room, Other Amenities, Pool","11234","False","As Is","Condo","Condo/Co-Op/Villa/Townhouse","Bay, Ocean View, Water View","1 Space",""
"A12046912","Southeast Florida Regional","Pending","649000","649000","649000","","","2026-07-17","2026-07-17","","2026-07-17 10:51:34","16","16","1540","","2","2","0","900 Bay Dr #527, MIAMIBCH FL 33141","KING COLE CONDO","No Daily Rentals","","Vacant","365","False","False","All Cash, Conventional","KING COLE CONDO","33141","1963","1838","","True","11","5","Active","527","Bay Front, Canal Width 121 Feet Or More, Intracoastal Front, Navigable","Bar, Bbq/Picnic Area, Bike Storage, Billiard Room, Boat Dock, Child Play Area, Common Laundry, Exercise Room, Extra Storage, Library, Pool, Trash Chute","1989","False","As Is","Condo","Condo/Co-Op/Villa/Townhouse","Bay, Intracoastal View, Water View","1 Space, Assigned Parking",""
"A12048341","Southeast Florida Regional","Pending","615000","615000","615000","","","2026-07-20","2026-07-20","","2026-07-22 13:01:32","14","14","1245","","2","2","0","19501 W Country Club Dr #2014, AVENTUR FL 33180","Turnberry on the Green","Ok To Lease","","Owner Occupied","180","False","False","All Cash, Conventional","Turnberry on the Green","33180","2002","1257","","False","28","20","Active","2014","","Bbq/Picnic Area, Billiard Room, Child Play Area, Elevator, Exercise Room, Pool, Spa/Hot Tub, Trash Chute","8375","False","As Is","Condo","Condo/Co-Op/Villa/Townhouse","Lagoon, Lake, Other View","1 Space, Assigned Parking, Covered Parking",""
"A12062783","Southeast Florida Regional","Pending","550000","550000","550000","","","2026-07-30","2026-07-30","","2026-07-30 17:31:45","140","0","1677","","2","2","0","19707 Turnberry Way #7F, AVENTUR FL 33180","Turnberry Isle North","No Daily Rentals","Unfurnished","Call Listing Agent","360","False","False","All Cash, Conventional","Turnberry Isle North","33180","1979","1765","","True","30","7","Active","7F","Intracoastal Front","Bike Storage","7870","True","None","Condo","Condo/Co-Op/Villa/Townhouse","Intracoastal View","Electric Vehicle Charging Station, Guest Parking, Valet Parking",""
"A12050254","Southeast Florida Regional","Pending","545000","545000","545000","","","2026-07-24","2026-07-24","","2026-07-24 17:23:06","16","16","759","","1","1","1","488 NE 18th St #3903, MIAMI FL 33132","ARIA ON THE BAY CONDO","Corporate Buyer OK, Ok To Lease, Okay To Lease 1st Year","","Vacant","90","False","False","All Cash, Conventional","ARIA ON THE BAY CONDO","33132","2018","845","","False","53","39","Active","3903","","Bike Storage, Billiard Room, Clubhouse-Clubroom, Community Room, Elevator, Exercise Room, Library, Pool, Trash Chute","8500","False","As Is","Condo","Condo/Co-Op/Villa/Townhouse","Other View, Skyline View","2 Or More Spaces, Additional Spaces Available, Assigned Parking",""
"A12048684","Southeast Florida Regional","Pending","519999","519999","519999","","","2026-07-14","2026-07-14","","2026-07-16 20:00:43","133","8","1030","","2","2","0","7601 E Treasure Dr #2319, NBAYVLGE FL 33141","Grand View Palace","See Broker Remarks","","Call Listing Agent","365","False","False","All Cash, Conventional, FHA, Va","Grand View Palace","33141","1987","871","","True","26","23","Active","2319","Bay Front, No Fixed Bridges, Ocean Access","Elevator, Pool, Trash Chute","2239","False","None","Condo","Condo/Co-Op/Villa/Townhouse","Bay, Intracoastal View, Skyline View","2 Or More Spaces, Assigned Parking, Covered Parking",""
"A12061686","Southeast Florida Regional","Pending","500000","500000","500000","","","2026-07-29","2026-07-29","","2026-07-29 10:16:32","0","0","1945","","2","2","0","3500 Island Blvd #D-203, AVENTUR FL 33160","Williams Island","Corporate Buyer OK","","Owner Occupied","180","False","False","All Cash, Conventional","Williams Island","33160","1988","2756","980","False","5","2","Active","D-203","","Bbq/Picnic Area","9989","False","As Is","Condo, Homeowners","Condo/Co-Op/Villa/Townhouse","Garden View, Pool Area View","1 Space",""
"A12053974","Southeast Florida Regional","Pending","469000","469000","469000","","","2026-07-16","2026-07-16","","2026-07-17 11:51:48","1","1","1610","","2","2","1","3370 Hidden Bay Dr #507, AVENTUR FL 33180","Hidden Bay","Corporate Buyer OK, No Daily Rentals, Ok To Lease","","Tenant Occupied","180","False","False","All Cash, Conventional","Hidden Bay","33180","2000","1480","","True","40","5","Active","507","Intracoastal Front","Exercise Room, Heated Pool, Pool, Tennis","8204","","Documents Available, Flood Zone, Milestone Inspection Report","Homeowners","Condo/Co-Op/Villa/Townhouse","Intracoastal View, Tennis Court View","2 Or More Spaces",""
"A12054061","Southeast Florida Regional","Pending","429000","429000","429000","","","2026-07-29","2026-07-29","","2026-07-29 17:58:50","14","14","1260","","3","2","1","11479 NW 60th Ter #373, DORAL FL 33178","THE GATES AT DORAL ISLES","Ok To Lease, Okay To Lease 1st Year","","Vacant","365","False","False","All Cash, Conventional, FHA","THE GATES AT DORAL ISLES","33178","2000","490","","False","2","1","Active","373","","Child Play Area, Pool","5661","False","As Is","Condo","Condo/Co-Op/Villa/Townhouse","None","Additional Spaces Available",""
"A12062578","Southeast Florida Regional","Pending","378000","408000","408000","","","2026-07-30","2026-07-30","","2026-07-30 15:02:44","0","0","1010","","2","2","0","6001 SW 70th St #453, SMIAMI FL 33143","VALENCIA CONDO","Other Restrictions","","Call Listing Agent","90","False","False","Conventional","VALENCIA CONDO","33143","2004","705","","False","6","4","Active","453","","Other Amenities","6243","False","None","Condo","Condo/Co-Op/Villa/Townhouse","None","1 Space",""
"A12048427","Southeast Florida Regional","Pending","405000","405000","405000","","","2026-07-10","2026-07-10","","2026-07-10 16:34:52","4","4","890","","1","1","0","700 Biltmore Way #1009, CORALGBL FL 33134","DAVID WILLIAM HOTEL CONDO","Corporate Buyer OK, No Restrictions, Ok To Lease, Okay To Lease 1st Year","","Call Listing Agent","180","True","False","All Cash, Conventional","DAVID WILLIAM HOTEL CONDO","33134","1963","1331","","False","12","10","Active","1009","","Bbq/Picnic Area, Bike Storage, Exercise Room, Other Amenities, Pool","5300","True","None","Condo","Condo/Co-Op/Villa/Townhouse","Garden View, Other View, Skyline View","1 Space, Assigned Parking, Covered Parking",""
"A12032057","Southeast Florida Regional","Temp Off Market","859500","859500","859500","","","","2026-07-22","","2026-07-22 10:21:30","16","16","1530","Entry Level","2","2","0","16400 Collins Ave #542, SUNNYISL FL 33160","OCEANIA","No Daily Rentals, Ok To Lease, Okay To Lease 1st Year","Unfurnished","Vacant","180","False","False","All Cash, Conventional, Will Rent","OCEANIA","33160","1995","1396","501","True","29","5","Active","542","Other Waterfront","Elevator, Exercise Room, Exterior Lighting, Other Amenities, Other Membership Included, Pool, Sauna, Spa/Hot Tub, Tennis","10771","True","As Is","Condo","Condo/Co-Op/Villa/Townhouse","Canal, Ocean View, Tennis Court View, Water View","1 Space, Valet Parking",""
"A12050151","Southeast Florida Regional","Temp Off Market","600000","600000","600000","","","","2026-07-28","","2026-07-28 11:46:29","7","7","837","","1","1","0","1200 West Ave #PH29, MIAMIBCH FL 33139","MIRADOR","Exterior Alterations, No Daily Rentals, Ok To Lease","Unfurnished","Tenant Occupied","180","True","False","All Cash, Conventional","MIRADOR","33139","1965","1061","","True","32","29","Active","PH29","Bay Front","Common Laundry, Elevator, Exercise Room, Exterior Lighting, Other Amenities","7159","True","As Is, Completely Renovated","Condo","Condo/Co-Op/Villa/Townhouse","Bay, Water View","None, Street Parking, Valet Parking",""
"A12046726","Southeast Florida Regional","Temp Off Market","539999","539999","539999","","","","2026-07-29","","2026-07-29 12:19:39","28","28","1041","","2","2","0","133 NE 2nd Ave #2702, MIAMI FL 33132","THE LOFT DOWNTOWN II","Ok To Lease, Other Restrictions","Furnished","Owner Occupied","30","False","False","All Cash, Conventional","THE LOFT DOWNTOWN II","33132","2007","1033","","False","36","27","Active","2702","","Business Center, Clubhouse-Clubroom, Elevator, Exercise Room, Pool, Spa/Hot Tub","5409","False","As Is","Condo","Condo/Co-Op/Villa/Townhouse","Bay, Skyline View","Other Parking",""
"A12057496","Southeast Florida Regional","Temp Off Market","510000","510000","510000","","","","2026-07-24","","2026-07-24 11:52:37","3","3","1041","","2","2","0","2525 SW 3rd Ave #1109, MIAMI FL 33129","Nordica","Ok To Lease","","Tenant Occupied","365","False","False","All Cash, Conventional","Nordica","33129","2007","0","","False","16","11","Active","1109","","Community Room","7427","False","As Is","Condo","Condo/Co-Op/Villa/Townhouse","Garden View","1 Space",""
"A12053555","Southeast Florida Regional","Temp Off Market","470000","470000","470000","","","","2026-07-28","","2026-07-28 15:18:33","208","14","507","","0","1","0","1080 Brickell Ave #3705, MIAMI FL 33131","The Bond","Ok To Lease","","Call Listing Agent","365","False","False","All Cash, Conventional","The Bond","33131","2016","829","","False","44","37","Active","3705","","Exercise Room, Library, Pool, Sauna, Spa/Hot Tub","4353","False","As Is","Condo","Condo/Co-Op/Villa/Townhouse","Other View","1 Space",""
"A12049828","Southeast Florida Regional","Temp Off Market","460000","460000","460000","","","","2026-07-17","","2026-07-17 09:57:14","10","10","858","Entry Level","2","2","0","1900 Meridian Ave #204, MIAMIBCH FL 33139","1900 Meridian Condominium","Ok To Lease, Okay To Lease 1st Year","","Call Listing Agent","180","False","False","All Cash, Conventional","1900 Meridian Condominium","33139","1980","660","","False","5","2","Active","204","","Elevator, Pool, Trash Chute","5413","False","As Is","Condo","Condo/Co-Op/Villa/Townhouse","Garden View, Other View, Pool Area View","1 Space, Assigned Parking",""
"A12052301","Southeast Florida Regional","Temp Off Market","449500","449500","449500","","","","2026-07-13","","2026-07-13 15:41:30","5","5","990","","2","2","0","801 Brickell Bay Dr #1265, MIAMI FL 33131","FOUR AMBASSADORS CONDO","No Daily Rentals, Okay To Lease 1st Year","","Owner Occupied","180","False","False","All Cash, Conventional","FOUR AMBASSADORS CONDO","33131","1968","985","","True","20","12","Active","1265","Bay Front, Intracoastal Front","Community Room, Elevator, Exercise Room, Heated Pool, Trash Chute","5582","True","As Is","Condo","Condo/Co-Op/Villa/Townhouse","Bay, Intracoastal View","1 Space",""
"A12046617","Southeast Florida Regional","Withdrawn","1195000","1195000","1195000","","","","2026-07-20","","2026-07-20 18:05:15","0","0","1278","Entry Level","2","2","1","950 Brickell Bay Dr #5011, MIAMI FL 33131","The Plaza on Brickell","No Daily Rentals, Ok To Lease","","Tenant Occupied","30","False","False","All Cash, Conventional, Cryptocurrency, Exchange","The Plaza on Brickell","33131","2008","1475","","True","56","50","Coming Soon","5011","Bay Front, Other Waterfront","Business Center, Clubhouse-Clubroom, Elevator, Exterior Lighting, Heated Pool, Pool, Spa/Hot Tub, Trash Chute","16820","False","As Is, Milestone Inspection Report","Condo, Homeowners","Condo/Co-Op/Villa/Townhouse","Bay, Ocean View, Water View","1 Space",""
